ISO-10303-21;
HEADER;
/* Generated by software containing ST-Developer
 * from STEP Tools, Inc. (www.steptools.com) 
 */

FILE_DESCRIPTION(
/* description */ (''),
/* implementation_level */ '2;1');

FILE_NAME(
/* name */ 'FourCylinderCrankMechanism_2_5D_AI_Model.step',
/* time_stamp */ '2026-08-16T14:57:37+09:00',
/* author */ (''),
/* organization */ (''),
/* preprocessor_version */ 'ST-DEVELOPER v20.1',
/* originating_system */ 'Autodesk Translation Framework v15.8.0.0',
/* authorisation */ '');

FILE_SCHEMA (('AUTOMOTIVE_DESIGN { 1 0 10303 214 3 1 1 }'));
ENDSEC;

DATA;
#10=MECHANICAL_DESIGN_GEOMETRIC_PRESENTATION_REPRESENTATION('',(#221,#222,
#223,#224,#225,#226,#227,#228,#229,#230,#231,#232,#233,#234,#235,#236,#237,
#238,#239,#240,#241,#242,#243,#244,#245,#246,#247,#248,#249,#250,#251,#252,
#253,#254),#19305);
#11=ITEM_DEFINED_TRANSFORMATION($,$,#11325,#12441);
#12=ITEM_DEFINED_TRANSFORMATION($,$,#11396,#12442);
#13=ITEM_DEFINED_TRANSFORMATION($,$,#11405,#12443);
#14=ITEM_DEFINED_TRANSFORMATION($,$,#11414,#12444);
#15=ITEM_DEFINED_TRANSFORMATION($,$,#11423,#12445);
#16=ITEM_DEFINED_TRANSFORMATION($,$,#11432,#12446);
#17=ITEM_DEFINED_TRANSFORMATION($,$,#11441,#12447);
#18=ITEM_DEFINED_TRANSFORMATION($,$,#11579,#12448);
#19=ITEM_DEFINED_TRANSFORMATION($,$,#11620,#12449);
#20=ITEM_DEFINED_TRANSFORMATION($,$,#11663,#12450);
#21=ITEM_DEFINED_TRANSFORMATION($,$,#11760,#12451);
#22=ITEM_DEFINED_TRANSFORMATION($,$,#11869,#12452);
#23=ITEM_DEFINED_TRANSFORMATION($,$,#11890,#12453);
#24=ITEM_DEFINED_TRANSFORMATION($,$,#11911,#12454);
#25=ITEM_DEFINED_TRANSFORMATION($,$,#11932,#12455);
#26=ITEM_DEFINED_TRANSFORMATION($,$,#11953,#12456);
#27=ITEM_DEFINED_TRANSFORMATION($,$,#12035,#12457);
#28=ITEM_DEFINED_TRANSFORMATION($,$,#12117,#12458);
#29=ITEM_DEFINED_TRANSFORMATION($,$,#12199,#12459);
#30=ITEM_DEFINED_TRANSFORMATION($,$,#12281,#12460);
#31=ITEM_DEFINED_TRANSFORMATION($,$,#12290,#12461);
#32=ITEM_DEFINED_TRANSFORMATION($,$,#12299,#12462);
#33=ITEM_DEFINED_TRANSFORMATION($,$,#12308,#12463);
#34=ITEM_DEFINED_TRANSFORMATION($,$,#12317,#12464);
#35=ITEM_DEFINED_TRANSFORMATION($,$,#12348,#12465);
#36=ITEM_DEFINED_TRANSFORMATION($,$,#12379,#12466);
#37=ITEM_DEFINED_TRANSFORMATION($,$,#12410,#12467);
#38=(
REPRESENTATION_RELATIONSHIP($,$,#19394,#19393)
REPRESENTATION_RELATIONSHIP_WITH_TRANSFORMATION(#11)
SHAPE_REPRESENTATION_RELATIONSHIP()
);
#39=(
REPRESENTATION_RELATIONSHIP($,$,#19395,#19393)
REPRESENTATION_RELATIONSHIP_WITH_TRANSFORMATION(#12)
SHAPE_REPRESENTATION_RELATIONSHIP()
);
#40=(
REPRESENTATION_RELATIONSHIP($,$,#19396,#19393)
REPRESENTATION_RELATIONSHIP_WITH_TRANSFORMATION(#13)
SHAPE_REPRESENTATION_RELATIONSHIP()
);
#41=(
REPRESENTATION_RELATIONSHIP($,$,#19397,#19393)
REPRESENTATION_RELATIONSHIP_WITH_TRANSFORMATION(#14)
SHAPE_REPRESENTATION_RELATIONSHIP()
);
#42=(
REPRESENTATION_RELATIONSHIP($,$,#19398,#19393)
REPRESENTATION_RELATIONSHIP_WITH_TRANSFORMATION(#15)
SHAPE_REPRESENTATION_RELATIONSHIP()
);
#43=(
REPRESENTATION_RELATIONSHIP($,$,#19399,#19393)
REPRESENTATION_RELATIONSHIP_WITH_TRANSFORMATION(#16)
SHAPE_REPRESENTATION_RELATIONSHIP()
);
#44=(
REPRESENTATION_RELATIONSHIP($,$,#19400,#19393)
REPRESENTATION_RELATIONSHIP_WITH_TRANSFORMATION(#17)
SHAPE_REPRESENTATION_RELATIONSHIP()
);
#45=(
REPRESENTATION_RELATIONSHIP($,$,#19401,#19393)
REPRESENTATION_RELATIONSHIP_WITH_TRANSFORMATION(#18)
SHAPE_REPRESENTATION_RELATIONSHIP()
);
#46=(
REPRESENTATION_RELATIONSHIP($,$,#19402,#19393)
REPRESENTATION_RELATIONSHIP_WITH_TRANSFORMATION(#19)
SHAPE_REPRESENTATION_RELATIONSHIP()
);
#47=(
REPRESENTATION_RELATIONSHIP($,$,#19403,#19393)
REPRESENTATION_RELATIONSHIP_WITH_TRANSFORMATION(#20)
SHAPE_REPRESENTATION_RELATIONSHIP()
);
#48=(
REPRESENTATION_RELATIONSHIP($,$,#19404,#19393)
REPRESENTATION_RELATIONSHIP_WITH_TRANSFORMATION(#21)
SHAPE_REPRESENTATION_RELATIONSHIP()
);
#49=(
REPRESENTATION_RELATIONSHIP($,$,#19405,#19393)
REPRESENTATION_RELATIONSHIP_WITH_TRANSFORMATION(#22)
SHAPE_REPRESENTATION_RELATIONSHIP()
);
#50=(
REPRESENTATION_RELATIONSHIP($,$,#19406,#19393)
REPRESENTATION_RELATIONSHIP_WITH_TRANSFORMATION(#23)
SHAPE_REPRESENTATION_RELATIONSHIP()
);
#51=(
REPRESENTATION_RELATIONSHIP($,$,#19407,#19393)
REPRESENTATION_RELATIONSHIP_WITH_TRANSFORMATION(#24)
SHAPE_REPRESENTATION_RELATIONSHIP()
);
#52=(
REPRESENTATION_RELATIONSHIP($,$,#19408,#19393)
REPRESENTATION_RELATIONSHIP_WITH_TRANSFORMATION(#25)
SHAPE_REPRESENTATION_RELATIONSHIP()
);
#53=(
REPRESENTATION_RELATIONSHIP($,$,#19409,#19393)
REPRESENTATION_RELATIONSHIP_WITH_TRANSFORMATION(#26)
SHAPE_REPRESENTATION_RELATIONSHIP()
);
#54=(
REPRESENTATION_RELATIONSHIP($,$,#19410,#19393)
REPRESENTATION_RELATIONSHIP_WITH_TRANSFORMATION(#27)
SHAPE_REPRESENTATION_RELATIONSHIP()
);
#55=(
REPRESENTATION_RELATIONSHIP($,$,#19411,#19393)
REPRESENTATION_RELATIONSHIP_WITH_TRANSFORMATION(#28)
SHAPE_REPRESENTATION_RELATIONSHIP()
);
#56=(
REPRESENTATION_RELATIONSHIP($,$,#19412,#19393)
REPRESENTATION_RELATIONSHIP_WITH_TRANSFORMATION(#29)
SHAPE_REPRESENTATION_RELATIONSHIP()
);
#57=(
REPRESENTATION_RELATIONSHIP($,$,#19413,#19393)
REPRESENTATION_RELATIONSHIP_WITH_TRANSFORMATION(#30)
SHAPE_REPRESENTATION_RELATIONSHIP()
);
#58=(
REPRESENTATION_RELATIONSHIP($,$,#19414,#19393)
REPRESENTATION_RELATIONSHIP_WITH_TRANSFORMATION(#31)
SHAPE_REPRESENTATION_RELATIONSHIP()
);
#59=(
REPRESENTATION_RELATIONSHIP($,$,#19415,#19393)
REPRESENTATION_RELATIONSHIP_WITH_TRANSFORMATION(#32)
SHAPE_REPRESENTATION_RELATIONSHIP()
);
#60=(
REPRESENTATION_RELATIONSHIP($,$,#19416,#19393)
REPRESENTATION_RELATIONSHIP_WITH_TRANSFORMATION(#33)
SHAPE_REPRESENTATION_RELATIONSHIP()
);
#61=(
REPRESENTATION_RELATIONSHIP($,$,#19417,#19393)
REPRESENTATION_RELATIONSHIP_WITH_TRANSFORMATION(#34)
SHAPE_REPRESENTATION_RELATIONSHIP()
);
#62=(
REPRESENTATION_RELATIONSHIP($,$,#19418,#19393)
REPRESENTATION_RELATIONSHIP_WITH_TRANSFORMATION(#35)
SHAPE_REPRESENTATION_RELATIONSHIP()
);
#63=(
REPRESENTATION_RELATIONSHIP($,$,#19419,#19393)
REPRESENTATION_RELATIONSHIP_WITH_TRANSFORMATION(#36)
SHAPE_REPRESENTATION_RELATIONSHIP()
);
#64=(
REPRESENTATION_RELATIONSHIP($,$,#19420,#19393)
REPRESENTATION_RELATIONSHIP_WITH_TRANSFORMATION(#37)
SHAPE_REPRESENTATION_RELATIONSHIP()
);
#65=CONTEXT_DEPENDENT_SHAPE_REPRESENTATION(#38,#19366);
#66=CONTEXT_DEPENDENT_SHAPE_REPRESENTATION(#39,#19367);
#67=CONTEXT_DEPENDENT_SHAPE_REPRESENTATION(#40,#19368);
#68=CONTEXT_DEPENDENT_SHAPE_REPRESENTATION(#41,#19369);
#69=CONTEXT_DEPENDENT_SHAPE_REPRESENTATION(#42,#19370);
#70=CONTEXT_DEPENDENT_SHAPE_REPRESENTATION(#43,#19371);
#71=CONTEXT_DEPENDENT_SHAPE_REPRESENTATION(#44,#19372);
#72=CONTEXT_DEPENDENT_SHAPE_REPRESENTATION(#45,#19373);
#73=CONTEXT_DEPENDENT_SHAPE_REPRESENTATION(#46,#19374);
#74=CONTEXT_DEPENDENT_SHAPE_REPRESENTATION(#47,#19375);
#75=CONTEXT_DEPENDENT_SHAPE_REPRESENTATION(#48,#19376);
#76=CONTEXT_DEPENDENT_SHAPE_REPRESENTATION(#49,#19377);
#77=CONTEXT_DEPENDENT_SHAPE_REPRESENTATION(#50,#19378);
#78=CONTEXT_DEPENDENT_SHAPE_REPRESENTATION(#51,#19379);
#79=CONTEXT_DEPENDENT_SHAPE_REPRESENTATION(#52,#19380);
#80=CONTEXT_DEPENDENT_SHAPE_REPRESENTATION(#53,#19381);
#81=CONTEXT_DEPENDENT_SHAPE_REPRESENTATION(#54,#19382);
#82=CONTEXT_DEPENDENT_SHAPE_REPRESENTATION(#55,#19383);
#83=CONTEXT_DEPENDENT_SHAPE_REPRESENTATION(#56,#19384);
#84=CONTEXT_DEPENDENT_SHAPE_REPRESENTATION(#57,#19385);
#85=CONTEXT_DEPENDENT_SHAPE_REPRESENTATION(#58,#19386);
#86=CONTEXT_DEPENDENT_SHAPE_REPRESENTATION(#59,#19387);
#87=CONTEXT_DEPENDENT_SHAPE_REPRESENTATION(#60,#19388);
#88=CONTEXT_DEPENDENT_SHAPE_REPRESENTATION(#61,#19389);
#89=CONTEXT_DEPENDENT_SHAPE_REPRESENTATION(#62,#19390);
#90=CONTEXT_DEPENDENT_SHAPE_REPRESENTATION(#63,#19391);
#91=CONTEXT_DEPENDENT_SHAPE_REPRESENTATION(#64,#19392);
#92=NEXT_ASSEMBLY_USAGE_OCCURRENCE('LowerBedPlate:1','LowerBedPlate:1',
'LowerBedPlate:1',#19422,#19423,'LowerBedPlate:1');
#93=NEXT_ASSEMBLY_USAGE_OCCURRENCE('MainBearing_1:1','MainBearing_1:1',
'MainBearing_1:1',#19422,#19424,'MainBearing_1:1');
#94=NEXT_ASSEMBLY_USAGE_OCCURRENCE('MainBearing_2:1','MainBearing_2:1',
'MainBearing_2:1',#19422,#19425,'MainBearing_2:1');
#95=NEXT_ASSEMBLY_USAGE_OCCURRENCE('MainBearing_3:1','MainBearing_3:1',
'MainBearing_3:1',#19422,#19426,'MainBearing_3:1');
#96=NEXT_ASSEMBLY_USAGE_OCCURRENCE('MainBearing_4:1','MainBearing_4:1',
'MainBearing_4:1',#19422,#19427,'MainBearing_4:1');
#97=NEXT_ASSEMBLY_USAGE_OCCURRENCE('MainBearing_5:1','MainBearing_5:1',
'MainBearing_5:1',#19422,#19428,'MainBearing_5:1');
#98=NEXT_ASSEMBLY_USAGE_OCCURRENCE('Crankshaft:1','Crankshaft:1',
'Crankshaft:1',#19422,#19429,'Crankshaft:1');
#99=NEXT_ASSEMBLY_USAGE_OCCURRENCE('Flywheel:1','Flywheel:1',
'Flywheel:1',#19422,#19430,'Flywheel:1');
#100=NEXT_ASSEMBLY_USAGE_OCCURRENCE('FrontPulley:1','FrontPulley:1',
'FrontPulley:1',#19422,#19431,'FrontPulley:1');
#101=NEXT_ASSEMBLY_USAGE_OCCURRENCE('MountBolts:1','MountBolts:1',
'MountBolts:1',#19422,#19432,'MountBolts:1');
#102=NEXT_ASSEMBLY_USAGE_OCCURRENCE('CylinderBlock:1','CylinderBlock:1',
'CylinderBlock:1',#19422,#19433,'CylinderBlock:1');
#103=NEXT_ASSEMBLY_USAGE_OCCURRENCE('CylinderLiner_1:1',
'CylinderLiner_1:1','CylinderLiner_1:1',#19422,#19434,
'CylinderLiner_1:1');
#104=NEXT_ASSEMBLY_USAGE_OCCURRENCE('CylinderLiner_2:1',
'CylinderLiner_2:1','CylinderLiner_2:1',#19422,#19435,
'CylinderLiner_2:1');
#105=NEXT_ASSEMBLY_USAGE_OCCURRENCE('CylinderLiner_3:1',
'CylinderLiner_3:1','CylinderLiner_3:1',#19422,#19436,
'CylinderLiner_3:1');
#106=NEXT_ASSEMBLY_USAGE_OCCURRENCE('CylinderLiner_4:1',
'CylinderLiner_4:1','CylinderLiner_4:1',#19422,#19437,
'CylinderLiner_4:1');
#107=NEXT_ASSEMBLY_USAGE_OCCURRENCE('Piston_1:1','Piston_1:1',
'Piston_1:1',#19422,#19438,'Piston_1:1');
#108=NEXT_ASSEMBLY_USAGE_OCCURRENCE('Piston_2:1','Piston_2:1',
'Piston_2:1',#19422,#19439,'Piston_2:1');
#109=NEXT_ASSEMBLY_USAGE_OCCURRENCE('Piston_3:1','Piston_3:1',
'Piston_3:1',#19422,#19440,'Piston_3:1');
#110=NEXT_ASSEMBLY_USAGE_OCCURRENCE('Piston_4:1','Piston_4:1',
'Piston_4:1',#19422,#19441,'Piston_4:1');
#111=NEXT_ASSEMBLY_USAGE_OCCURRENCE('PistonPin_1:1','PistonPin_1:1',
'PistonPin_1:1',#19422,#19442,'PistonPin_1:1');
#112=NEXT_ASSEMBLY_USAGE_OCCURRENCE('PistonPin_2:1','PistonPin_2:1',
'PistonPin_2:1',#19422,#19443,'PistonPin_2:1');
#113=NEXT_ASSEMBLY_USAGE_OCCURRENCE('PistonPin_3:1','PistonPin_3:1',
'PistonPin_3:1',#19422,#19444,'PistonPin_3:1');
#114=NEXT_ASSEMBLY_USAGE_OCCURRENCE('PistonPin_4:1','PistonPin_4:1',
'PistonPin_4:1',#19422,#19445,'PistonPin_4:1');
#115=NEXT_ASSEMBLY_USAGE_OCCURRENCE('ConnectingRod_1:1',
'ConnectingRod_1:1','ConnectingRod_1:1',#19422,#19446,
'ConnectingRod_1:1');
#116=NEXT_ASSEMBLY_USAGE_OCCURRENCE('ConnectingRod_2:1',
'ConnectingRod_2:1','ConnectingRod_2:1',#19422,#19447,
'ConnectingRod_2:1');
#117=NEXT_ASSEMBLY_USAGE_OCCURRENCE('ConnectingRod_3:1',
'ConnectingRod_3:1','ConnectingRod_3:1',#19422,#19448,
'ConnectingRod_3:1');
#118=NEXT_ASSEMBLY_USAGE_OCCURRENCE('ConnectingRod_4:1',
'ConnectingRod_4:1','ConnectingRod_4:1',#19422,#19449,
'ConnectingRod_4:1');
#119=B_SPLINE_CURVE_WITH_KNOTS('',3,(#17567,#17568,#17569,#17570,#17571,
#17572),.UNSPECIFIED.,.F.,.F.,(4,2,4),(1.98932847652316,2.12368979246584,
2.31673549384727),.UNSPECIFIED.);
#120=B_SPLINE_CURVE_WITH_KNOTS('',3,(#17576,#17577,#17578,#17579,#17580,
#17581),.UNSPECIFIED.,.F.,.F.,(4,2,4),(1.78628266390525,1.93302947355106,
1.99183135866288),.UNSPECIFIED.);
#121=B_SPLINE_CURVE_WITH_KNOTS('',3,(#17585,#17586,#17587,#17588,#17589,
#17590,#17591,#17592,#17593,#17594,#17595,#17596,#17597,#17598,#17599,#17600,
#17601,#17602,#17603,#17604,#17605,#17606,#17607,#17608,#17609,#17610,#17611),
 .UNSPECIFIED.,.F.,.F.,(4,2,3,2,2,2,2,2,2,2,2,2,4),(-0.239684988525246,
-0.193076880926451,0.,0.193076880926451,0.386153761852902,0.57919946323433,
0.772245164615757,0.965290865997185,1.15833656737861,1.35141344830506,1.54449032923152,
1.73756721015797,1.78417531775676),.UNSPECIFIED.);
#122=B_SPLINE_CURVE_WITH_KNOTS('',3,(#17615,#17616,#17617,#17618,#17619,
#17620),.UNSPECIFIED.,.F.,.F.,(4,2,4),(2.64732257354546,2.70612445865728,
2.85287126830309),.UNSPECIFIED.);
#123=B_SPLINE_CURVE_WITH_KNOTS('',3,(#17623,#17624,#17625,#17626,#17627,
#17628),.UNSPECIFIED.,.F.,.F.,(4,2,4),(2.31673549384727,2.5097811952287,
2.64414251117138),.UNSPECIFIED.);
#124=B_SPLINE_CURVE_WITH_KNOTS('',3,(#17632,#17633,#17634,#17635,#17636,
#17637,#17638,#17639,#17640,#17641,#17642,#17643,#17644,#17645,#17646,#17647,
#17648,#17649,#17650,#17651,#17652,#17653,#17654,#17655,#17656,#17657,#17658),
 .UNSPECIFIED.,.F.,.F.,(4,2,2,2,2,2,2,2,2,2,3,2,4),(-1.78417531775676,-1.73756721015797,
-1.54449032923151,-1.35141344830506,-1.15833656737861,-0.965290865997185,
-0.772245164615757,-0.57919946323433,-0.386153761852902,-0.193076880926451,
0.,0.193076880926451,0.239684988525246),.UNSPECIFIED.);
#125=B_SPLINE_CURVE_WITH_KNOTS('',3,(#17662,#17663,#17664,#17665,#17666,
#17667),.UNSPECIFIED.,.F.,.F.,(4,2,4),(1.10093792947602,1.15973981458783,
1.30648662423364),.UNSPECIFIED.);
#126=B_SPLINE_CURVE_WITH_KNOTS('',3,(#17671,#17672,#17673,#17674,#17675,
#17676),.UNSPECIFIED.,.F.,.F.,(4,2,4),(0.772245164615757,0.965290865997185,
1.09965218193987),.UNSPECIFIED.);
#127=B_SPLINE_CURVE_WITH_KNOTS('',3,(#17681,#17682,#17683,#17684,#17685,
#17686),.UNSPECIFIED.,.F.,.F.,(4,2,4),(0.444838147291647,0.57919946323433,
0.772245164615757),.UNSPECIFIED.);
#128=B_SPLINE_CURVE_WITH_KNOTS('',3,(#17690,#17691,#17692,#17693,#17694,
#17695),.UNSPECIFIED.,.F.,.F.,(4,2,4),(0.239898019835803,0.386644829481614,
0.445446714593431),.UNSPECIFIED.);
#129=B_SPLINE_CURVE_WITH_KNOTS('',3,(#17888,#17889,#17890,#17891,#17892,
#17893),.UNSPECIFIED.,.F.,.F.,(4,2,4),(1.98932847652316,2.12368979246584,
2.31673549384727),.UNSPECIFIED.);
#130=B_SPLINE_CURVE_WITH_KNOTS('',3,(#17897,#17898,#17899,#17900,#17901,
#17902),.UNSPECIFIED.,.F.,.F.,(4,2,4),(1.78628266390525,1.93302947355106,
1.99183135866288),.UNSPECIFIED.);
#131=B_SPLINE_CURVE_WITH_KNOTS('',3,(#17906,#17907,#17908,#17909,#17910,
#17911,#17912,#17913,#17914,#17915,#17916,#17917,#17918,#17919,#17920,#17921,
#17922,#17923,#17924,#17925,#17926,#17927,#17928,#17929,#17930,#17931,#17932),
 .UNSPECIFIED.,.F.,.F.,(4,2,3,2,2,2,2,2,2,2,2,2,4),(-0.239684988525247,
-0.193076880926451,0.,0.193076880926451,0.386153761852902,0.57919946323433,
0.772245164615757,0.965290865997185,1.15833656737861,1.35141344830506,1.54449032923152,
1.73756721015797,1.78417531775676),.UNSPECIFIED.);
#132=B_SPLINE_CURVE_WITH_KNOTS('',3,(#17936,#17937,#17938,#17939,#17940,
#17941),.UNSPECIFIED.,.F.,.F.,(4,2,4),(2.64732257354546,2.70612445865728,
2.85287126830309),.UNSPECIFIED.);
#133=B_SPLINE_CURVE_WITH_KNOTS('',3,(#17944,#17945,#17946,#17947,#17948,
#17949),.UNSPECIFIED.,.F.,.F.,(4,2,4),(2.31673549384727,2.5097811952287,
2.64414251117138),.UNSPECIFIED.);
#134=B_SPLINE_CURVE_WITH_KNOTS('',3,(#17953,#17954,#17955,#17956,#17957,
#17958,#17959,#17960,#17961,#17962,#17963,#17964,#17965,#17966,#17967,#17968,
#17969,#17970,#17971,#17972,#17973,#17974,#17975,#17976,#17977,#17978,#17979),
 .UNSPECIFIED.,.F.,.F.,(4,2,2,2,2,2,2,2,2,2,3,2,4),(-1.78417531775676,-1.73756721015797,
-1.54449032923152,-1.35141344830506,-1.15833656737861,-0.965290865997185,
-0.772245164615758,-0.57919946323433,-0.386153761852902,-0.193076880926451,
0.,0.193076880926451,0.239684988525247),.UNSPECIFIED.);
#135=B_SPLINE_CURVE_WITH_KNOTS('',3,(#17983,#17984,#17985,#17986,#17987,
#17988),.UNSPECIFIED.,.F.,.F.,(4,2,4),(1.10093792947601,1.15973981458783,
1.30648662423364),.UNSPECIFIED.);
#136=B_SPLINE_CURVE_WITH_KNOTS('',3,(#17992,#17993,#17994,#17995,#17996,
#17997),.UNSPECIFIED.,.F.,.F.,(4,2,4),(0.772245164615757,0.965290865997185,
1.09965218193987),.UNSPECIFIED.);
#137=B_SPLINE_CURVE_WITH_KNOTS('',3,(#18002,#18003,#18004,#18005,#18006,
#18007),.UNSPECIFIED.,.F.,.F.,(4,2,4),(0.444838147291648,0.57919946323433,
0.772245164615757),.UNSPECIFIED.);
#138=B_SPLINE_CURVE_WITH_KNOTS('',3,(#18011,#18012,#18013,#18014,#18015,
#18016),.UNSPECIFIED.,.F.,.F.,(4,2,4),(0.239898019835806,0.386644829481614,
0.445446714593434),.UNSPECIFIED.);
#139=B_SPLINE_CURVE_WITH_KNOTS('',3,(#18209,#18210,#18211,#18212,#18213,
#18214),.UNSPECIFIED.,.F.,.F.,(4,2,4),(1.98932847652316,2.12368979246584,
2.31673549384727),.UNSPECIFIED.);
#140=B_SPLINE_CURVE_WITH_KNOTS('',3,(#18218,#18219,#18220,#18221,#18222,
#18223),.UNSPECIFIED.,.F.,.F.,(4,2,4),(1.78628266390525,1.93302947355106,
1.99183135866288),.UNSPECIFIED.);
#141=B_SPLINE_CURVE_WITH_KNOTS('',3,(#18227,#18228,#18229,#18230,#18231,
#18232,#18233,#18234,#18235,#18236,#18237,#18238,#18239,#18240,#18241,#18242,
#18243,#18244,#18245,#18246,#18247,#18248,#18249,#18250,#18251,#18252,#18253),
 .UNSPECIFIED.,.F.,.F.,(4,2,3,2,2,2,2,2,2,2,2,2,4),(-0.239684988525249,
-0.193076880926451,0.,0.193076880926451,0.386153761852902,0.57919946323433,
0.772245164615757,0.965290865997185,1.15833656737861,1.35141344830506,1.54449032923152,
1.73756721015797,1.78417531775676),.UNSPECIFIED.);
#142=B_SPLINE_CURVE_WITH_KNOTS('',3,(#18257,#18258,#18259,#18260,#18261,
#18262),.UNSPECIFIED.,.F.,.F.,(4,2,4),(2.64732257354546,2.70612445865728,
2.85287126830309),.UNSPECIFIED.);
#143=B_SPLINE_CURVE_WITH_KNOTS('',3,(#18265,#18266,#18267,#18268,#18269,
#18270),.UNSPECIFIED.,.F.,.F.,(4,2,4),(2.31673549384727,2.5097811952287,
2.64414251117138),.UNSPECIFIED.);
#144=B_SPLINE_CURVE_WITH_KNOTS('',3,(#18274,#18275,#18276,#18277,#18278,
#18279,#18280,#18281,#18282,#18283,#18284,#18285,#18286,#18287,#18288,#18289,
#18290,#18291,#18292,#18293,#18294,#18295,#18296,#18297,#18298,#18299,#18300),
 .UNSPECIFIED.,.F.,.F.,(4,2,2,2,2,2,2,2,2,2,3,2,4),(-1.78417531775677,-1.73756721015797,
-1.54449032923152,-1.35141344830506,-1.15833656737861,-0.965290865997185,
-0.772245164615758,-0.57919946323433,-0.386153761852902,-0.193076880926451,
0.,0.193076880926451,0.239684988525247),.UNSPECIFIED.);
#145=B_SPLINE_CURVE_WITH_KNOTS('',3,(#18304,#18305,#18306,#18307,#18308,
#18309),.UNSPECIFIED.,.F.,.F.,(4,2,4),(1.10093792947602,1.15973981458783,
1.30648662423364),.UNSPECIFIED.);
#146=B_SPLINE_CURVE_WITH_KNOTS('',3,(#18313,#18314,#18315,#18316,#18317,
#18318),.UNSPECIFIED.,.F.,.F.,(4,2,4),(0.772245164615757,0.965290865997185,
1.09965218193987),.UNSPECIFIED.);
#147=B_SPLINE_CURVE_WITH_KNOTS('',3,(#18323,#18324,#18325,#18326,#18327,
#18328),.UNSPECIFIED.,.F.,.F.,(4,2,4),(0.444838147291648,0.57919946323433,
0.772245164615757),.UNSPECIFIED.);
#148=B_SPLINE_CURVE_WITH_KNOTS('',3,(#18332,#18333,#18334,#18335,#18336,
#18337),.UNSPECIFIED.,.F.,.F.,(4,2,4),(0.239898019835807,0.386644829481614,
0.445446714593431),.UNSPECIFIED.);
#149=B_SPLINE_CURVE_WITH_KNOTS('',3,(#18530,#18531,#18532,#18533,#18534,
#18535),.UNSPECIFIED.,.F.,.F.,(4,2,4),(1.98932847652316,2.12368979246584,
2.31673549384727),.UNSPECIFIED.);
#150=B_SPLINE_CURVE_WITH_KNOTS('',3,(#18539,#18540,#18541,#18542,#18543,
#18544),.UNSPECIFIED.,.F.,.F.,(4,2,4),(1.78628266390525,1.93302947355106,
1.99183135866288),.UNSPECIFIED.);
#151=B_SPLINE_CURVE_WITH_KNOTS('',3,(#18548,#18549,#18550,#18551,#18552,
#18553,#18554,#18555,#18556,#18557,#18558,#18559,#18560,#18561,#18562,#18563,
#18564,#18565,#18566,#18567,#18568,#18569,#18570,#18571,#18572,#18573,#18574),
 .UNSPECIFIED.,.F.,.F.,(4,2,3,2,2,2,2,2,2,2,2,2,4),(-0.239684988525247,
-0.193076880926451,0.,0.193076880926451,0.386153761852902,0.57919946323433,
0.772245164615757,0.965290865997185,1.15833656737861,1.35141344830506,1.54449032923152,
1.73756721015797,1.78417531775676),.UNSPECIFIED.);
#152=B_SPLINE_CURVE_WITH_KNOTS('',3,(#18578,#18579,#18580,#18581,#18582,
#18583),.UNSPECIFIED.,.F.,.F.,(4,2,4),(2.64732257354547,2.70612445865728,
2.85287126830309),.UNSPECIFIED.);
#153=B_SPLINE_CURVE_WITH_KNOTS('',3,(#18586,#18587,#18588,#18589,#18590,
#18591),.UNSPECIFIED.,.F.,.F.,(4,2,4),(2.31673549384727,2.5097811952287,
2.64414251117138),.UNSPECIFIED.);
#154=B_SPLINE_CURVE_WITH_KNOTS('',3,(#18595,#18596,#18597,#18598,#18599,
#18600,#18601,#18602,#18603,#18604,#18605,#18606,#18607,#18608,#18609,#18610,
#18611,#18612,#18613,#18614,#18615,#18616,#18617,#18618,#18619,#18620,#18621),
 .UNSPECIFIED.,.F.,.F.,(4,2,2,2,2,2,2,2,2,2,3,2,4),(-1.78417531775676,-1.73756721015797,
-1.54449032923151,-1.35141344830506,-1.15833656737861,-0.965290865997185,
-0.772245164615757,-0.57919946323433,-0.386153761852902,-0.193076880926451,
0.,0.193076880926451,0.239684988525247),.UNSPECIFIED.);
#155=B_SPLINE_CURVE_WITH_KNOTS('',3,(#18625,#18626,#18627,#18628,#18629,
#18630),.UNSPECIFIED.,.F.,.F.,(4,2,4),(1.10093792947602,1.15973981458783,
1.30648662423364),.UNSPECIFIED.);
#156=B_SPLINE_CURVE_WITH_KNOTS('',3,(#18634,#18635,#18636,#18637,#18638,
#18639),.UNSPECIFIED.,.F.,.F.,(4,2,4),(0.772245164615757,0.965290865997185,
1.09965218193987),.UNSPECIFIED.);
#157=B_SPLINE_CURVE_WITH_KNOTS('',3,(#18644,#18645,#18646,#18647,#18648,
#18649),.UNSPECIFIED.,.F.,.F.,(4,2,4),(0.444838147291648,0.57919946323433,
0.772245164615757),.UNSPECIFIED.);
#158=B_SPLINE_CURVE_WITH_KNOTS('',3,(#18653,#18654,#18655,#18656,#18657,
#18658),.UNSPECIFIED.,.F.,.F.,(4,2,4),(0.239898019835803,0.386644829481614,
0.445446714593431),.UNSPECIFIED.);
#159=CONICAL_SURFACE('',#11644,27.,1.40564764938027);
#160=CONICAL_SURFACE('',#11648,27.,1.40564764938027);
#161=CONICAL_SURFACE('',#11652,27.,1.40564764938027);
#162=CONICAL_SURFACE('',#11656,27.,1.40564764938027);
#163=CONICAL_SURFACE('',#11954,14.25,0.785398163397448);
#164=CONICAL_SURFACE('',#12036,14.25,0.785398163397447);
#165=CONICAL_SURFACE('',#12118,14.25,0.785398163397448);
#166=CONICAL_SURFACE('',#12200,14.25,0.785398163397448);
#167=SHAPE_REPRESENTATION_RELATIONSHIP('SRR','None',#19394,#194);
#168=SHAPE_REPRESENTATION_RELATIONSHIP('SRR','None',#19395,#195);
#169=SHAPE_REPRESENTATION_RELATIONSHIP('SRR','None',#19396,#196);
#170=SHAPE_REPRESENTATION_RELATIONSHIP('SRR','None',#19397,#197);
#171=SHAPE_REPRESENTATION_RELATIONSHIP('SRR','None',#19398,#198);
#172=SHAPE_REPRESENTATION_RELATIONSHIP('SRR','None',#19399,#199);
#173=SHAPE_REPRESENTATION_RELATIONSHIP('SRR','None',#19400,#200);
#174=SHAPE_REPRESENTATION_RELATIONSHIP('SRR','None',#19401,#201);
#175=SHAPE_REPRESENTATION_RELATIONSHIP('SRR','None',#19402,#202);
#176=SHAPE_REPRESENTATION_RELATIONSHIP('SRR','None',#19403,#203);
#177=SHAPE_REPRESENTATION_RELATIONSHIP('SRR','None',#19404,#204);
#178=SHAPE_REPRESENTATION_RELATIONSHIP('SRR','None',#19405,#205);
#179=SHAPE_REPRESENTATION_RELATIONSHIP('SRR','None',#19406,#206);
#180=SHAPE_REPRESENTATION_RELATIONSHIP('SRR','None',#19407,#207);
#181=SHAPE_REPRESENTATION_RELATIONSHIP('SRR','None',#19408,#208);
#182=SHAPE_REPRESENTATION_RELATIONSHIP('SRR','None',#19409,#209);
#183=SHAPE_REPRESENTATION_RELATIONSHIP('SRR','None',#19410,#210);
#184=SHAPE_REPRESENTATION_RELATIONSHIP('SRR','None',#19411,#211);
#185=SHAPE_REPRESENTATION_RELATIONSHIP('SRR','None',#19412,#212);
#186=SHAPE_REPRESENTATION_RELATIONSHIP('SRR','None',#19413,#213);
#187=SHAPE_REPRESENTATION_RELATIONSHIP('SRR','None',#19414,#214);
#188=SHAPE_REPRESENTATION_RELATIONSHIP('SRR','None',#19415,#215);
#189=SHAPE_REPRESENTATION_RELATIONSHIP('SRR','None',#19416,#216);
#190=SHAPE_REPRESENTATION_RELATIONSHIP('SRR','None',#19417,#217);
#191=SHAPE_REPRESENTATION_RELATIONSHIP('SRR','None',#19418,#218);
#192=SHAPE_REPRESENTATION_RELATIONSHIP('SRR','None',#19419,#219);
#193=SHAPE_REPRESENTATION_RELATIONSHIP('SRR','None',#19420,#220);
#194=ADVANCED_BREP_SHAPE_REPRESENTATION('',(#255),#19278);
#195=ADVANCED_BREP_SHAPE_REPRESENTATION('',(#256),#19279);
#196=ADVANCED_BREP_SHAPE_REPRESENTATION('',(#257),#19280);
#197=ADVANCED_BREP_SHAPE_REPRESENTATION('',(#258),#19281);
#198=ADVANCED_BREP_SHAPE_REPRESENTATION('',(#259),#19282);
#199=ADVANCED_BREP_SHAPE_REPRESENTATION('',(#260),#19283);
#200=ADVANCED_BREP_SHAPE_REPRESENTATION('',(#261),#19284);
#201=ADVANCED_BREP_SHAPE_REPRESENTATION('',(#262),#19285);
#202=ADVANCED_BREP_SHAPE_REPRESENTATION('',(#263),#19286);
#203=ADVANCED_BREP_SHAPE_REPRESENTATION('',(#264,#265,#266,#267,#268,#269,
#270,#271),#19287);
#204=ADVANCED_BREP_SHAPE_REPRESENTATION('',(#272),#19288);
#205=ADVANCED_BREP_SHAPE_REPRESENTATION('',(#273),#19289);
#206=ADVANCED_BREP_SHAPE_REPRESENTATION('',(#274),#19290);
#207=ADVANCED_BREP_SHAPE_REPRESENTATION('',(#275),#19291);
#208=ADVANCED_BREP_SHAPE_REPRESENTATION('',(#276),#19292);
#209=ADVANCED_BREP_SHAPE_REPRESENTATION('',(#277),#19293);
#210=ADVANCED_BREP_SHAPE_REPRESENTATION('',(#278),#19294);
#211=ADVANCED_BREP_SHAPE_REPRESENTATION('',(#279),#19295);
#212=ADVANCED_BREP_SHAPE_REPRESENTATION('',(#280),#19296);
#213=ADVANCED_BREP_SHAPE_REPRESENTATION('',(#281),#19297);
#214=ADVANCED_BREP_SHAPE_REPRESENTATION('',(#282),#19298);
#215=ADVANCED_BREP_SHAPE_REPRESENTATION('',(#283),#19299);
#216=ADVANCED_BREP_SHAPE_REPRESENTATION('',(#284),#19300);
#217=ADVANCED_BREP_SHAPE_REPRESENTATION('',(#285),#19301);
#218=ADVANCED_BREP_SHAPE_REPRESENTATION('',(#286),#19302);
#219=ADVANCED_BREP_SHAPE_REPRESENTATION('',(#287),#19303);
#220=ADVANCED_BREP_SHAPE_REPRESENTATION('',(#288),#19304);
#221=STYLED_ITEM('',(#19538),#255);
#222=STYLED_ITEM('',(#19539),#256);
#223=STYLED_ITEM('',(#19539),#257);
#224=STYLED_ITEM('',(#19539),#258);
#225=STYLED_ITEM('',(#19539),#259);
#226=STYLED_ITEM('',(#19539),#260);
#227=STYLED_ITEM('',(#19540),#261);
#228=STYLED_ITEM('',(#19541),#262);
#229=STYLED_ITEM('',(#19542),#263);
#230=STYLED_ITEM('',(#19543),#264);
#231=STYLED_ITEM('',(#19543),#265);
#232=STYLED_ITEM('',(#19543),#266);
#233=STYLED_ITEM('',(#19543),#267);
#234=STYLED_ITEM('',(#19543),#268);
#235=STYLED_ITEM('',(#19543),#269);
#236=STYLED_ITEM('',(#19543),#270);
#237=STYLED_ITEM('',(#19543),#271);
#238=STYLED_ITEM('',(#19544),#272);
#239=STYLED_ITEM('',(#19545),#273);
#240=STYLED_ITEM('',(#19545),#274);
#241=STYLED_ITEM('',(#19545),#275);
#242=STYLED_ITEM('',(#19545),#276);
#243=STYLED_ITEM('',(#19546),#277);
#244=STYLED_ITEM('',(#19546),#278);
#245=STYLED_ITEM('',(#19546),#279);
#246=STYLED_ITEM('',(#19546),#280);
#247=STYLED_ITEM('',(#19547),#281);
#248=STYLED_ITEM('',(#19547),#282);
#249=STYLED_ITEM('',(#19547),#283);
#250=STYLED_ITEM('',(#19547),#284);
#251=STYLED_ITEM('',(#19548),#285);
#252=STYLED_ITEM('',(#19548),#286);
#253=STYLED_ITEM('',(#19548),#287);
#254=STYLED_ITEM('',(#19548),#288);
#255=MANIFOLD_SOLID_BREP('LowerBedPlateBody',#10992);
#256=MANIFOLD_SOLID_BREP('MainBearingBody',#10993);
#257=MANIFOLD_SOLID_BREP('MainBearingBody',#10994);
#258=MANIFOLD_SOLID_BREP('MainBearingBody',#10995);
#259=MANIFOLD_SOLID_BREP('MainBearingBody',#10996);
#260=MANIFOLD_SOLID_BREP('MainBearingBody',#10997);
#261=MANIFOLD_SOLID_BREP('CrankshaftBody',#10998);
#262=MANIFOLD_SOLID_BREP('FlywheelBody',#10999);
#263=MANIFOLD_SOLID_BREP('FrontPulleyBody',#11000);
#264=MANIFOLD_SOLID_BREP('BoltBody',#11001);
#265=MANIFOLD_SOLID_BREP('BoltBody (1)',#11002);
#266=MANIFOLD_SOLID_BREP('BoltBody (2)',#11003);
#267=MANIFOLD_SOLID_BREP('BoltBody (3)',#11004);
#268=MANIFOLD_SOLID_BREP('BoltBody (4)',#11005);
#269=MANIFOLD_SOLID_BREP('BoltBody (5)',#11006);
#270=MANIFOLD_SOLID_BREP('BoltBody (6)',#11007);
#271=MANIFOLD_SOLID_BREP('BoltBody (7)',#11008);
#272=MANIFOLD_SOLID_BREP('CylinderBlockBody',#11009);
#273=MANIFOLD_SOLID_BREP('CylinderLinerBody',#11010);
#274=MANIFOLD_SOLID_BREP('CylinderLinerBody',#11011);
#275=MANIFOLD_SOLID_BREP('CylinderLinerBody',#11012);
#276=MANIFOLD_SOLID_BREP('CylinderLinerBody',#11013);
#277=MANIFOLD_SOLID_BREP('PistonBody',#11014);
#278=MANIFOLD_SOLID_BREP('PistonBody',#11015);
#279=MANIFOLD_SOLID_BREP('PistonBody',#11016);
#280=MANIFOLD_SOLID_BREP('PistonBody',#11017);
#281=MANIFOLD_SOLID_BREP('PistonPinBody',#11018);
#282=MANIFOLD_SOLID_BREP('PistonPinBody',#11019);
#283=MANIFOLD_SOLID_BREP('PistonPinBody',#11020);
#284=MANIFOLD_SOLID_BREP('PistonPinBody',#11021);
#285=MANIFOLD_SOLID_BREP('ConnectingRodBody',#11022);
#286=MANIFOLD_SOLID_BREP('ConnectingRodBody',#11023);
#287=MANIFOLD_SOLID_BREP('ConnectingRodBody',#11024);
#288=MANIFOLD_SOLID_BREP('ConnectingRodBody',#11025);
#289=FACE_BOUND('',#1487,.T.);
#290=FACE_BOUND('',#1491,.T.);
#291=FACE_BOUND('',#1494,.T.);
#292=FACE_BOUND('',#1498,.T.);
#293=FACE_BOUND('',#1501,.T.);
#294=FACE_BOUND('',#1505,.T.);
#295=FACE_BOUND('',#1508,.T.);
#296=FACE_BOUND('',#1512,.T.);
#297=FACE_BOUND('',#1515,.T.);
#298=FACE_BOUND('',#1519,.T.);
#299=FACE_BOUND('',#1525,.T.);
#300=FACE_BOUND('',#1526,.T.);
#301=FACE_BOUND('',#1527,.T.);
#302=FACE_BOUND('',#1528,.T.);
#303=FACE_BOUND('',#1529,.T.);
#304=FACE_BOUND('',#1530,.T.);
#305=FACE_BOUND('',#1531,.T.);
#306=FACE_BOUND('',#1532,.T.);
#307=FACE_BOUND('',#1533,.T.);
#308=FACE_BOUND('',#1534,.T.);
#309=FACE_BOUND('',#1535,.T.);
#310=FACE_BOUND('',#1536,.T.);
#311=FACE_BOUND('',#1537,.T.);
#312=FACE_BOUND('',#1539,.T.);
#313=FACE_BOUND('',#1540,.T.);
#314=FACE_BOUND('',#1541,.T.);
#315=FACE_BOUND('',#1542,.T.);
#316=FACE_BOUND('',#1543,.T.);
#317=FACE_BOUND('',#1544,.T.);
#318=FACE_BOUND('',#1545,.T.);
#319=FACE_BOUND('',#1546,.T.);
#320=FACE_BOUND('',#1550,.T.);
#321=FACE_BOUND('',#1552,.T.);
#322=FACE_BOUND('',#1556,.T.);
#323=FACE_BOUND('',#1558,.T.);
#324=FACE_BOUND('',#1562,.T.);
#325=FACE_BOUND('',#1564,.T.);
#326=FACE_BOUND('',#1568,.T.);
#327=FACE_BOUND('',#1570,.T.);
#328=FACE_BOUND('',#1574,.T.);
#329=FACE_BOUND('',#1576,.T.);
#330=FACE_BOUND('',#1578,.T.);
#331=FACE_BOUND('',#1580,.T.);
#332=FACE_BOUND('',#1587,.T.);
#333=FACE_BOUND('',#1589,.T.);
#334=FACE_BOUND('',#1597,.T.);
#335=FACE_BOUND('',#1599,.T.);
#336=FACE_BOUND('',#1608,.T.);
#337=FACE_BOUND('',#1610,.T.);
#338=FACE_BOUND('',#1618,.T.);
#339=FACE_BOUND('',#1620,.T.);
#340=FACE_BOUND('',#1628,.T.);
#341=FACE_BOUND('',#1630,.T.);
#342=FACE_BOUND('',#1638,.T.);
#343=FACE_BOUND('',#1640,.T.);
#344=FACE_BOUND('',#1649,.T.);
#345=FACE_BOUND('',#1651,.T.);
#346=FACE_BOUND('',#1659,.T.);
#347=FACE_BOUND('',#1661,.T.);
#348=FACE_BOUND('',#1670,.T.);
#349=FACE_BOUND('',#1686,.T.);
#350=FACE_BOUND('',#1687,.T.);
#351=FACE_BOUND('',#1688,.T.);
#352=FACE_BOUND('',#1689,.T.);
#353=FACE_BOUND('',#1690,.T.);
#354=FACE_BOUND('',#1691,.T.);
#355=FACE_BOUND('',#1692,.T.);
#356=FACE_BOUND('',#1693,.T.);
#357=FACE_BOUND('',#1694,.T.);
#358=FACE_BOUND('',#1697,.T.);
#359=FACE_BOUND('',#1700,.T.);
#360=FACE_BOUND('',#1703,.T.);
#361=FACE_BOUND('',#1704,.T.);
#362=FACE_BOUND('',#1705,.T.);
#363=FACE_BOUND('',#1706,.T.);
#364=FACE_BOUND('',#1707,.T.);
#365=FACE_BOUND('',#1708,.T.);
#366=FACE_BOUND('',#1709,.T.);
#367=FACE_BOUND('',#1710,.T.);
#368=FACE_BOUND('',#1711,.T.);
#369=FACE_BOUND('',#1720,.T.);
#370=FACE_BOUND('',#1721,.T.);
#371=FACE_BOUND('',#1722,.T.);
#372=FACE_BOUND('',#1723,.T.);
#373=FACE_BOUND('',#1724,.T.);
#374=FACE_BOUND('',#1725,.T.);
#375=FACE_BOUND('',#1726,.T.);
#376=FACE_BOUND('',#1737,.T.);
#377=FACE_BOUND('',#1738,.T.);
#378=FACE_BOUND('',#1739,.T.);
#379=FACE_BOUND('',#1740,.T.);
#380=FACE_BOUND('',#1741,.T.);
#381=FACE_BOUND('',#1742,.T.);
#382=FACE_BOUND('',#1743,.T.);
#383=FACE_BOUND('',#1746,.T.);
#384=FACE_BOUND('',#1757,.T.);
#385=FACE_BOUND('',#1768,.T.);
#386=FACE_BOUND('',#1779,.T.);
#387=FACE_BOUND('',#1790,.T.);
#388=FACE_BOUND('',#1801,.T.);
#389=FACE_BOUND('',#1812,.T.);
#390=FACE_BOUND('',#1823,.T.);
#391=FACE_BOUND('',#1836,.T.);
#392=FACE_BOUND('',#1837,.T.);
#393=FACE_BOUND('',#1838,.T.);
#394=FACE_BOUND('',#1839,.T.);
#395=FACE_BOUND('',#1840,.T.);
#396=FACE_BOUND('',#1841,.T.);
#397=FACE_BOUND('',#1842,.T.);
#398=FACE_BOUND('',#1843,.T.);
#399=FACE_BOUND('',#1844,.T.);
#400=FACE_BOUND('',#1845,.T.);
#401=FACE_BOUND('',#1846,.T.);
#402=FACE_BOUND('',#1911,.T.);
#403=FACE_BOUND('',#1912,.T.);
#404=FACE_BOUND('',#1913,.T.);
#405=FACE_BOUND('',#1914,.T.);
#406=FACE_BOUND('',#1916,.T.);
#407=FACE_BOUND('',#1922,.T.);
#408=FACE_BOUND('',#1925,.T.);
#409=FACE_BOUND('',#1927,.T.);
#410=FACE_BOUND('',#1929,.T.);
#411=FACE_BOUND('',#1931,.T.);
#412=FACE_BOUND('',#1937,.T.);
#413=FACE_BOUND('',#1940,.T.);
#414=FACE_BOUND('',#1942,.T.);
#415=FACE_BOUND('',#1944,.T.);
#416=FACE_BOUND('',#1946,.T.);
#417=FACE_BOUND('',#1952,.T.);
#418=FACE_BOUND('',#1955,.T.);
#419=FACE_BOUND('',#1957,.T.);
#420=FACE_BOUND('',#1959,.T.);
#421=FACE_BOUND('',#1961,.T.);
#422=FACE_BOUND('',#1967,.T.);
#423=FACE_BOUND('',#1970,.T.);
#424=FACE_BOUND('',#1972,.T.);
#425=FACE_BOUND('',#1974,.T.);
#426=FACE_BOUND('',#1976,.T.);
#427=FACE_BOUND('',#1991,.T.);
#428=FACE_BOUND('',#1994,.T.);
#429=FACE_BOUND('',#2015,.T.);
#430=FACE_BOUND('',#2019,.T.);
#431=FACE_BOUND('',#2035,.T.);
#432=FACE_BOUND('',#2038,.T.);
#433=FACE_BOUND('',#2059,.T.);
#434=FACE_BOUND('',#2063,.T.);
#435=FACE_BOUND('',#2079,.T.);
#436=FACE_BOUND('',#2082,.T.);
#437=FACE_BOUND('',#2103,.T.);
#438=FACE_BOUND('',#2107,.T.);
#439=FACE_BOUND('',#2123,.T.);
#440=FACE_BOUND('',#2126,.T.);
#441=FACE_BOUND('',#2147,.T.);
#442=FACE_BOUND('',#2151,.T.);
#443=FACE_BOUND('',#2156,.T.);
#444=FACE_BOUND('',#2158,.T.);
#445=FACE_BOUND('',#2162,.T.);
#446=FACE_BOUND('',#2164,.T.);
#447=FACE_BOUND('',#2168,.T.);
#448=FACE_BOUND('',#2170,.T.);
#449=FACE_BOUND('',#2174,.T.);
#450=FACE_BOUND('',#2176,.T.);
#451=FACE_BOUND('',#2180,.T.);
#452=FACE_BOUND('',#2182,.T.);
#453=FACE_BOUND('',#2184,.T.);
#454=FACE_BOUND('',#2186,.T.);
#455=FACE_BOUND('',#2196,.T.);
#456=FACE_BOUND('',#2201,.T.);
#457=FACE_BOUND('',#2203,.T.);
#458=FACE_BOUND('',#2205,.T.);
#459=FACE_BOUND('',#2207,.T.);
#460=FACE_BOUND('',#2217,.T.);
#461=FACE_BOUND('',#2222,.T.);
#462=FACE_BOUND('',#2224,.T.);
#463=FACE_BOUND('',#2226,.T.);
#464=FACE_BOUND('',#2228,.T.);
#465=FACE_BOUND('',#2238,.T.);
#466=FACE_BOUND('',#2243,.T.);
#467=FACE_BOUND('',#2245,.T.);
#468=FACE_BOUND('',#2247,.T.);
#469=FACE_BOUND('',#2249,.T.);
#470=FACE_BOUND('',#2259,.T.);
#471=PLANE('',#11365);
#472=PLANE('',#11366);
#473=PLANE('',#11367);
#474=PLANE('',#11368);
#475=PLANE('',#11369);
#476=PLANE('',#11370);
#477=PLANE('',#11371);
#478=PLANE('',#11372);
#479=PLANE('',#11373);
#480=PLANE('',#11374);
#481=PLANE('',#11375);
#482=PLANE('',#11376);
#483=PLANE('',#11377);
#484=PLANE('',#11378);
#485=PLANE('',#11379);
#486=PLANE('',#11380);
#487=PLANE('',#11381);
#488=PLANE('',#11382);
#489=PLANE('',#11383);
#490=PLANE('',#11384);
#491=PLANE('',#11385);
#492=PLANE('',#11386);
#493=PLANE('',#11387);
#494=PLANE('',#11388);
#495=PLANE('',#11389);
#496=PLANE('',#11390);
#497=PLANE('',#11391);
#498=PLANE('',#11392);
#499=PLANE('',#11393);
#500=PLANE('',#11394);
#501=PLANE('',#11395);
#502=PLANE('',#11403);
#503=PLANE('',#11404);
#504=PLANE('',#11412);
#505=PLANE('',#11413);
#506=PLANE('',#11421);
#507=PLANE('',#11422);
#508=PLANE('',#11430);
#509=PLANE('',#11431);
#510=PLANE('',#11439);
#511=PLANE('',#11440);
#512=PLANE('',#11442);
#513=PLANE('',#11445);
#514=PLANE('',#11451);
#515=PLANE('',#11456);
#516=PLANE('',#11457);
#517=PLANE('',#11460);
#518=PLANE('',#11464);
#519=PLANE('',#11466);
#520=PLANE('',#11467);
#521=PLANE('',#11469);
#522=PLANE('',#11470);
#523=PLANE('',#11474);
#524=PLANE('',#11478);
#525=PLANE('',#11480);
#526=PLANE('',#11481);
#527=PLANE('',#11483);
#528=PLANE('',#11485);
#529=PLANE('',#11489);
#530=PLANE('',#11493);
#531=PLANE('',#11494);
#532=PLANE('',#11496);
#533=PLANE('',#11497);
#534=PLANE('',#11499);
#535=PLANE('',#11503);
#536=PLANE('',#11507);
#537=PLANE('',#11508);
#538=PLANE('',#11510);
#539=PLANE('',#11511);
#540=PLANE('',#11513);
#541=PLANE('',#11517);
#542=PLANE('',#11521);
#543=PLANE('',#11522);
#544=PLANE('',#11524);
#545=PLANE('',#11525);
#546=PLANE('',#11527);
#547=PLANE('',#11531);
#548=PLANE('',#11535);
#549=PLANE('',#11536);
#550=PLANE('',#11538);
#551=PLANE('',#11539);
#552=PLANE('',#11542);
#553=PLANE('',#11546);
#554=PLANE('',#11550);
#555=PLANE('',#11552);
#556=PLANE('',#11553);
#557=PLANE('',#11555);
#558=PLANE('',#11556);
#559=PLANE('',#11560);
#560=PLANE('',#11564);
#561=PLANE('',#11566);
#562=PLANE('',#11567);
#563=PLANE('',#11569);
#564=PLANE('',#11572);
#565=PLANE('',#11604);
#566=PLANE('',#11609);
#567=PLANE('',#11613);
#568=PLANE('',#11617);
#569=PLANE('',#11639);
#570=PLANE('',#11660);
#571=PLANE('',#11664);
#572=PLANE('',#11666);
#573=PLANE('',#11667);
#574=PLANE('',#11668);
#575=PLANE('',#11669);
#576=PLANE('',#11670);
#577=PLANE('',#11671);
#578=PLANE('',#11672);
#579=PLANE('',#11675);
#580=PLANE('',#11676);
#581=PLANE('',#11678);
#582=PLANE('',#11679);
#583=PLANE('',#11680);
#584=PLANE('',#11681);
#585=PLANE('',#11682);
#586=PLANE('',#11683);
#587=PLANE('',#11684);
#588=PLANE('',#11687);
#589=PLANE('',#11688);
#590=PLANE('',#11690);
#591=PLANE('',#11691);
#592=PLANE('',#11692);
#593=PLANE('',#11693);
#594=PLANE('',#11694);
#595=PLANE('',#11695);
#596=PLANE('',#11696);
#597=PLANE('',#11699);
#598=PLANE('',#11700);
#599=PLANE('',#11702);
#600=PLANE('',#11703);
#601=PLANE('',#11704);
#602=PLANE('',#11705);
#603=PLANE('',#11706);
#604=PLANE('',#11707);
#605=PLANE('',#11708);
#606=PLANE('',#11711);
#607=PLANE('',#11712);
#608=PLANE('',#11714);
#609=PLANE('',#11715);
#610=PLANE('',#11716);
#611=PLANE('',#11717);
#612=PLANE('',#11718);
#613=PLANE('',#11719);
#614=PLANE('',#11720);
#615=PLANE('',#11723);
#616=PLANE('',#11724);
#617=PLANE('',#11726);
#618=PLANE('',#11727);
#619=PLANE('',#11728);
#620=PLANE('',#11729);
#621=PLANE('',#11730);
#622=PLANE('',#11731);
#623=PLANE('',#11732);
#624=PLANE('',#11735);
#625=PLANE('',#11736);
#626=PLANE('',#11738);
#627=PLANE('',#11739);
#628=PLANE('',#11740);
#629=PLANE('',#11741);
#630=PLANE('',#11742);
#631=PLANE('',#11743);
#632=PLANE('',#11744);
#633=PLANE('',#11747);
#634=PLANE('',#11748);
#635=PLANE('',#11750);
#636=PLANE('',#11751);
#637=PLANE('',#11752);
#638=PLANE('',#11753);
#639=PLANE('',#11754);
#640=PLANE('',#11755);
#641=PLANE('',#11756);
#642=PLANE('',#11759);
#643=PLANE('',#11764);
#644=PLANE('',#11765);
#645=PLANE('',#11781);
#646=PLANE('',#11788);
#647=PLANE('',#11791);
#648=PLANE('',#11794);
#649=PLANE('',#11797);
#650=PLANE('',#11800);
#651=PLANE('',#11803);
#652=PLANE('',#11807);
#653=PLANE('',#11811);
#654=PLANE('',#11815);
#655=PLANE('',#11819);
#656=PLANE('',#11820);
#657=PLANE('',#11821);
#658=PLANE('',#11822);
#659=PLANE('',#11827);
#660=PLANE('',#11828);
#661=PLANE('',#11829);
#662=PLANE('',#11830);
#663=PLANE('',#11831);
#664=PLANE('',#11832);
#665=PLANE('',#11833);
#666=PLANE('',#11834);
#667=PLANE('',#11835);
#668=PLANE('',#11836);
#669=PLANE('',#11837);
#670=PLANE('',#11840);
#671=PLANE('',#11841);
#672=PLANE('',#11842);
#673=PLANE('',#11843);
#674=PLANE('',#11844);
#675=PLANE('',#11847);
#676=PLANE('',#11848);
#677=PLANE('',#11849);
#678=PLANE('',#11850);
#679=PLANE('',#11851);
#680=PLANE('',#11854);
#681=PLANE('',#11855);
#682=PLANE('',#11856);
#683=PLANE('',#11857);
#684=PLANE('',#11858);
#685=PLANE('',#11861);
#686=PLANE('',#11862);
#687=PLANE('',#11863);
#688=PLANE('',#11864);
#689=PLANE('',#11865);
#690=PLANE('',#11866);
#691=PLANE('',#11867);
#692=PLANE('',#11868);
#693=PLANE('',#11870);
#694=PLANE('',#11873);
#695=PLANE('',#11874);
#696=PLANE('',#11875);
#697=PLANE('',#11878);
#698=PLANE('',#11888);
#699=PLANE('',#11889);
#700=PLANE('',#11891);
#701=PLANE('',#11894);
#702=PLANE('',#11895);
#703=PLANE('',#11896);
#704=PLANE('',#11899);
#705=PLANE('',#11909);
#706=PLANE('',#11910);
#707=PLANE('',#11912);
#708=PLANE('',#11915);
#709=PLANE('',#11916);
#710=PLANE('',#11917);
#711=PLANE('',#11920);
#712=PLANE('',#11930);
#713=PLANE('',#11931);
#714=PLANE('',#11933);
#715=PLANE('',#11936);
#716=PLANE('',#11937);
#717=PLANE('',#11938);
#718=PLANE('',#11941);
#719=PLANE('',#11951);
#720=PLANE('',#11952);
#721=PLANE('',#11959);
#722=PLANE('',#11968);
#723=PLANE('',#11972);
#724=PLANE('',#11978);
#725=PLANE('',#11982);
#726=PLANE('',#11984);
#727=PLANE('',#11985);
#728=PLANE('',#11988);
#729=PLANE('',#11994);
#730=PLANE('',#11996);
#731=PLANE('',#12002);
#732=PLANE('',#12004);
#733=PLANE('',#12010);
#734=PLANE('',#12011);
#735=PLANE('',#12013);
#736=PLANE('',#12019);
#737=PLANE('',#12021);
#738=PLANE('',#12023);
#739=PLANE('',#12028);
#740=PLANE('',#12030);
#741=PLANE('',#12033);
#742=PLANE('',#12034);
#743=PLANE('',#12041);
#744=PLANE('',#12050);
#745=PLANE('',#12054);
#746=PLANE('',#12060);
#747=PLANE('',#12064);
#748=PLANE('',#12066);
#749=PLANE('',#12067);
#750=PLANE('',#12070);
#751=PLANE('',#12076);
#752=PLANE('',#12078);
#753=PLANE('',#12084);
#754=PLANE('',#12086);
#755=PLANE('',#12092);
#756=PLANE('',#12093);
#757=PLANE('',#12095);
#758=PLANE('',#12101);
#759=PLANE('',#12103);
#760=PLANE('',#12105);
#761=PLANE('',#12110);
#762=PLANE('',#12112);
#763=PLANE('',#12115);
#764=PLANE('',#12116);
#765=PLANE('',#12123);
#766=PLANE('',#12132);
#767=PLANE('',#12136);
#768=PLANE('',#12142);
#769=PLANE('',#12146);
#770=PLANE('',#12148);
#771=PLANE('',#12149);
#772=PLANE('',#12152);
#773=PLANE('',#12158);
#774=PLANE('',#12160);
#775=PLANE('',#12166);
#776=PLANE('',#12168);
#777=PLANE('',#12174);
#778=PLANE('',#12175);
#779=PLANE('',#12177);
#780=PLANE('',#12183);
#781=PLANE('',#12185);
#782=PLANE('',#12187);
#783=PLANE('',#12192);
#784=PLANE('',#12194);
#785=PLANE('',#12197);
#786=PLANE('',#12198);
#787=PLANE('',#12205);
#788=PLANE('',#12214);
#789=PLANE('',#12218);
#790=PLANE('',#12224);
#791=PLANE('',#12228);
#792=PLANE('',#12230);
#793=PLANE('',#12231);
#794=PLANE('',#12234);
#795=PLANE('',#12240);
#796=PLANE('',#12242);
#797=PLANE('',#12248);
#798=PLANE('',#12250);
#799=PLANE('',#12256);
#800=PLANE('',#12257);
#801=PLANE('',#12259);
#802=PLANE('',#12265);
#803=PLANE('',#12267);
#804=PLANE('',#12269);
#805=PLANE('',#12274);
#806=PLANE('',#12276);
#807=PLANE('',#12279);
#808=PLANE('',#12280);
#809=PLANE('',#12288);
#810=PLANE('',#12289);
#811=PLANE('',#12297);
#812=PLANE('',#12298);
#813=PLANE('',#12306);
#814=PLANE('',#12307);
#815=PLANE('',#12315);
#816=PLANE('',#12316);
#817=PLANE('',#12324);
#818=PLANE('',#12326);
#819=PLANE('',#12328);
#820=PLANE('',#12330);
#821=PLANE('',#12332);
#822=PLANE('',#12336);
#823=PLANE('',#12337);
#824=PLANE('',#12338);
#825=PLANE('',#12342);
#826=PLANE('',#12343);
#827=PLANE('',#12344);
#828=PLANE('',#12347);
#829=PLANE('',#12355);
#830=PLANE('',#12357);
#831=PLANE('',#12359);
#832=PLANE('',#12361);
#833=PLANE('',#12363);
#834=PLANE('',#12367);
#835=PLANE('',#12368);
#836=PLANE('',#12369);
#837=PLANE('',#12373);
#838=PLANE('',#12374);
#839=PLANE('',#12375);
#840=PLANE('',#12378);
#841=PLANE('',#12386);
#842=PLANE('',#12388);
#843=PLANE('',#12390);
#844=PLANE('',#12392);
#845=PLANE('',#12394);
#846=PLANE('',#12398);
#847=PLANE('',#12399);
#848=PLANE('',#12400);
#849=PLANE('',#12404);
#850=PLANE('',#12405);
#851=PLANE('',#12406);
#852=PLANE('',#12409);
#853=PLANE('',#12417);
#854=PLANE('',#12419);
#855=PLANE('',#12421);
#856=PLANE('',#12423);
#857=PLANE('',#12425);
#858=PLANE('',#12429);
#859=PLANE('',#12430);
#860=PLANE('',#12431);
#861=PLANE('',#12435);
#862=PLANE('',#12436);
#863=PLANE('',#12437);
#864=PLANE('',#12440);
#865=FACE_OUTER_BOUND('',#1472,.T.);
#866=FACE_OUTER_BOUND('',#1473,.T.);
#867=FACE_OUTER_BOUND('',#1474,.T.);
#868=FACE_OUTER_BOUND('',#1475,.T.);
#869=FACE_OUTER_BOUND('',#1476,.T.);
#870=FACE_OUTER_BOUND('',#1477,.T.);
#871=FACE_OUTER_BOUND('',#1478,.T.);
#872=FACE_OUTER_BOUND('',#1479,.T.);
#873=FACE_OUTER_BOUND('',#1480,.T.);
#874=FACE_OUTER_BOUND('',#1481,.T.);
#875=FACE_OUTER_BOUND('',#1482,.T.);
#876=FACE_OUTER_BOUND('',#1483,.T.);
#877=FACE_OUTER_BOUND('',#1484,.T.);
#878=FACE_OUTER_BOUND('',#1485,.T.);
#879=FACE_OUTER_BOUND('',#1486,.T.);
#880=FACE_OUTER_BOUND('',#1488,.T.);
#881=FACE_OUTER_BOUND('',#1489,.T.);
#882=FACE_OUTER_BOUND('',#1490,.T.);
#883=FACE_OUTER_BOUND('',#1492,.T.);
#884=FACE_OUTER_BOUND('',#1493,.T.);
#885=FACE_OUTER_BOUND('',#1495,.T.);
#886=FACE_OUTER_BOUND('',#1496,.T.);
#887=FACE_OUTER_BOUND('',#1497,.T.);
#888=FACE_OUTER_BOUND('',#1499,.T.);
#889=FACE_OUTER_BOUND('',#1500,.T.);
#890=FACE_OUTER_BOUND('',#1502,.T.);
#891=FACE_OUTER_BOUND('',#1503,.T.);
#892=FACE_OUTER_BOUND('',#1504,.T.);
#893=FACE_OUTER_BOUND('',#1506,.T.);
#894=FACE_OUTER_BOUND('',#1507,.T.);
#895=FACE_OUTER_BOUND('',#1509,.T.);
#896=FACE_OUTER_BOUND('',#1510,.T.);
#897=FACE_OUTER_BOUND('',#1511,.T.);
#898=FACE_OUTER_BOUND('',#1513,.T.);
#899=FACE_OUTER_BOUND('',#1514,.T.);
#900=FACE_OUTER_BOUND('',#1516,.T.);
#901=FACE_OUTER_BOUND('',#1517,.T.);
#902=FACE_OUTER_BOUND('',#1518,.T.);
#903=FACE_OUTER_BOUND('',#1520,.T.);
#904=FACE_OUTER_BOUND('',#1521,.T.);
#905=FACE_OUTER_BOUND('',#1522,.T.);
#906=FACE_OUTER_BOUND('',#1523,.T.);
#907=FACE_OUTER_BOUND('',#1524,.T.);
#908=FACE_OUTER_BOUND('',#1538,.T.);
#909=FACE_OUTER_BOUND('',#1547,.T.);
#910=FACE_OUTER_BOUND('',#1548,.T.);
#911=FACE_OUTER_BOUND('',#1549,.T.);
#912=FACE_OUTER_BOUND('',#1551,.T.);
#913=FACE_OUTER_BOUND('',#1553,.T.);
#914=FACE_OUTER_BOUND('',#1554,.T.);
#915=FACE_OUTER_BOUND('',#1555,.T.);
#916=FACE_OUTER_BOUND('',#1557,.T.);
#917=FACE_OUTER_BOUND('',#1559,.T.);
#918=FACE_OUTER_BOUND('',#1560,.T.);
#919=FACE_OUTER_BOUND('',#1561,.T.);
#920=FACE_OUTER_BOUND('',#1563,.T.);
#921=FACE_OUTER_BOUND('',#1565,.T.);
#922=FACE_OUTER_BOUND('',#1566,.T.);
#923=FACE_OUTER_BOUND('',#1567,.T.);
#924=FACE_OUTER_BOUND('',#1569,.T.);
#925=FACE_OUTER_BOUND('',#1571,.T.);
#926=FACE_OUTER_BOUND('',#1572,.T.);
#927=FACE_OUTER_BOUND('',#1573,.T.);
#928=FACE_OUTER_BOUND('',#1575,.T.);
#929=FACE_OUTER_BOUND('',#1577,.T.);
#930=FACE_OUTER_BOUND('',#1579,.T.);
#931=FACE_OUTER_BOUND('',#1581,.T.);
#932=FACE_OUTER_BOUND('',#1582,.T.);
#933=FACE_OUTER_BOUND('',#1583,.T.);
#934=FACE_OUTER_BOUND('',#1584,.T.);
#935=FACE_OUTER_BOUND('',#1585,.T.);
#936=FACE_OUTER_BOUND('',#1586,.T.);
#937=FACE_OUTER_BOUND('',#1588,.T.);
#938=FACE_OUTER_BOUND('',#1590,.T.);
#939=FACE_OUTER_BOUND('',#1591,.T.);
#940=FACE_OUTER_BOUND('',#1592,.T.);
#941=FACE_OUTER_BOUND('',#1593,.T.);
#942=FACE_OUTER_BOUND('',#1594,.T.);
#943=FACE_OUTER_BOUND('',#1595,.T.);
#944=FACE_OUTER_BOUND('',#1596,.T.);
#945=FACE_OUTER_BOUND('',#1598,.T.);
#946=FACE_OUTER_BOUND('',#1600,.T.);
#947=FACE_OUTER_BOUND('',#1601,.T.);
#948=FACE_OUTER_BOUND('',#1602,.T.);
#949=FACE_OUTER_BOUND('',#1603,.T.);
#950=FACE_OUTER_BOUND('',#1604,.T.);
#951=FACE_OUTER_BOUND('',#1605,.T.);
#952=FACE_OUTER_BOUND('',#1606,.T.);
#953=FACE_OUTER_BOUND('',#1607,.T.);
#954=FACE_OUTER_BOUND('',#1609,.T.);
#955=FACE_OUTER_BOUND('',#1611,.T.);
#956=FACE_OUTER_BOUND('',#1612,.T.);
#957=FACE_OUTER_BOUND('',#1613,.T.);
#958=FACE_OUTER_BOUND('',#1614,.T.);
#959=FACE_OUTER_BOUND('',#1615,.T.);
#960=FACE_OUTER_BOUND('',#1616,.T.);
#961=FACE_OUTER_BOUND('',#1617,.T.);
#962=FACE_OUTER_BOUND('',#1619,.T.);
#963=FACE_OUTER_BOUND('',#1621,.T.);
#964=FACE_OUTER_BOUND('',#1622,.T.);
#965=FACE_OUTER_BOUND('',#1623,.T.);
#966=FACE_OUTER_BOUND('',#1624,.T.);
#967=FACE_OUTER_BOUND('',#1625,.T.);
#968=FACE_OUTER_BOUND('',#1626,.T.);
#969=FACE_OUTER_BOUND('',#1627,.T.);
#970=FACE_OUTER_BOUND('',#1629,.T.);
#971=FACE_OUTER_BOUND('',#1631,.T.);
#972=FACE_OUTER_BOUND('',#1632,.T.);
#973=FACE_OUTER_BOUND('',#1633,.T.);
#974=FACE_OUTER_BOUND('',#1634,.T.);
#975=FACE_OUTER_BOUND('',#1635,.T.);
#976=FACE_OUTER_BOUND('',#1636,.T.);
#977=FACE_OUTER_BOUND('',#1637,.T.);
#978=FACE_OUTER_BOUND('',#1639,.T.);
#979=FACE_OUTER_BOUND('',#1641,.T.);
#980=FACE_OUTER_BOUND('',#1642,.T.);
#981=FACE_OUTER_BOUND('',#1643,.T.);
#982=FACE_OUTER_BOUND('',#1644,.T.);
#983=FACE_OUTER_BOUND('',#1645,.T.);
#984=FACE_OUTER_BOUND('',#1646,.T.);
#985=FACE_OUTER_BOUND('',#1647,.T.);
#986=FACE_OUTER_BOUND('',#1648,.T.);
#987=FACE_OUTER_BOUND('',#1650,.T.);
#988=FACE_OUTER_BOUND('',#1652,.T.);
#989=FACE_OUTER_BOUND('',#1653,.T.);
#990=FACE_OUTER_BOUND('',#1654,.T.);
#991=FACE_OUTER_BOUND('',#1655,.T.);
#992=FACE_OUTER_BOUND('',#1656,.T.);
#993=FACE_OUTER_BOUND('',#1657,.T.);
#994=FACE_OUTER_BOUND('',#1658,.T.);
#995=FACE_OUTER_BOUND('',#1660,.T.);
#996=FACE_OUTER_BOUND('',#1662,.T.);
#997=FACE_OUTER_BOUND('',#1663,.T.);
#998=FACE_OUTER_BOUND('',#1664,.T.);
#999=FACE_OUTER_BOUND('',#1665,.T.);
#1000=FACE_OUTER_BOUND('',#1666,.T.);
#1001=FACE_OUTER_BOUND('',#1667,.T.);
#1002=FACE_OUTER_BOUND('',#1668,.T.);
#1003=FACE_OUTER_BOUND('',#1669,.T.);
#1004=FACE_OUTER_BOUND('',#1671,.T.);
#1005=FACE_OUTER_BOUND('',#1672,.T.);
#1006=FACE_OUTER_BOUND('',#1673,.T.);
#1007=FACE_OUTER_BOUND('',#1674,.T.);
#1008=FACE_OUTER_BOUND('',#1675,.T.);
#1009=FACE_OUTER_BOUND('',#1676,.T.);
#1010=FACE_OUTER_BOUND('',#1677,.T.);
#1011=FACE_OUTER_BOUND('',#1678,.T.);
#1012=FACE_OUTER_BOUND('',#1679,.T.);
#1013=FACE_OUTER_BOUND('',#1680,.T.);
#1014=FACE_OUTER_BOUND('',#1681,.T.);
#1015=FACE_OUTER_BOUND('',#1682,.T.);
#1016=FACE_OUTER_BOUND('',#1683,.T.);
#1017=FACE_OUTER_BOUND('',#1684,.T.);
#1018=FACE_OUTER_BOUND('',#1685,.T.);
#1019=FACE_OUTER_BOUND('',#1695,.T.);
#1020=FACE_OUTER_BOUND('',#1696,.T.);
#1021=FACE_OUTER_BOUND('',#1698,.T.);
#1022=FACE_OUTER_BOUND('',#1699,.T.);
#1023=FACE_OUTER_BOUND('',#1701,.T.);
#1024=FACE_OUTER_BOUND('',#1702,.T.);
#1025=FACE_OUTER_BOUND('',#1712,.T.);
#1026=FACE_OUTER_BOUND('',#1713,.T.);
#1027=FACE_OUTER_BOUND('',#1714,.T.);
#1028=FACE_OUTER_BOUND('',#1715,.T.);
#1029=FACE_OUTER_BOUND('',#1716,.T.);
#1030=FACE_OUTER_BOUND('',#1717,.T.);
#1031=FACE_OUTER_BOUND('',#1718,.T.);
#1032=FACE_OUTER_BOUND('',#1719,.T.);
#1033=FACE_OUTER_BOUND('',#1727,.T.);
#1034=FACE_OUTER_BOUND('',#1728,.T.);
#1035=FACE_OUTER_BOUND('',#1729,.T.);
#1036=FACE_OUTER_BOUND('',#1730,.T.);
#1037=FACE_OUTER_BOUND('',#1731,.T.);
#1038=FACE_OUTER_BOUND('',#1732,.T.);
#1039=FACE_OUTER_BOUND('',#1733,.T.);
#1040=FACE_OUTER_BOUND('',#1734,.T.);
#1041=FACE_OUTER_BOUND('',#1735,.T.);
#1042=FACE_OUTER_BOUND('',#1736,.T.);
#1043=FACE_OUTER_BOUND('',#1744,.T.);
#1044=FACE_OUTER_BOUND('',#1745,.T.);
#1045=FACE_OUTER_BOUND('',#1747,.T.);
#1046=FACE_OUTER_BOUND('',#1748,.T.);
#1047=FACE_OUTER_BOUND('',#1749,.T.);
#1048=FACE_OUTER_BOUND('',#1750,.T.);
#1049=FACE_OUTER_BOUND('',#1751,.T.);
#1050=FACE_OUTER_BOUND('',#1752,.T.);
#1051=FACE_OUTER_BOUND('',#1753,.T.);
#1052=FACE_OUTER_BOUND('',#1754,.T.);
#1053=FACE_OUTER_BOUND('',#1755,.T.);
#1054=FACE_OUTER_BOUND('',#1756,.T.);
#1055=FACE_OUTER_BOUND('',#1758,.T.);
#1056=FACE_OUTER_BOUND('',#1759,.T.);
#1057=FACE_OUTER_BOUND('',#1760,.T.);
#1058=FACE_OUTER_BOUND('',#1761,.T.);
#1059=FACE_OUTER_BOUND('',#1762,.T.);
#1060=FACE_OUTER_BOUND('',#1763,.T.);
#1061=FACE_OUTER_BOUND('',#1764,.T.);
#1062=FACE_OUTER_BOUND('',#1765,.T.);
#1063=FACE_OUTER_BOUND('',#1766,.T.);
#1064=FACE_OUTER_BOUND('',#1767,.T.);
#1065=FACE_OUTER_BOUND('',#1769,.T.);
#1066=FACE_OUTER_BOUND('',#1770,.T.);
#1067=FACE_OUTER_BOUND('',#1771,.T.);
#1068=FACE_OUTER_BOUND('',#1772,.T.);
#1069=FACE_OUTER_BOUND('',#1773,.T.);
#1070=FACE_OUTER_BOUND('',#1774,.T.);
#1071=FACE_OUTER_BOUND('',#1775,.T.);
#1072=FACE_OUTER_BOUND('',#1776,.T.);
#1073=FACE_OUTER_BOUND('',#1777,.T.);
#1074=FACE_OUTER_BOUND('',#1778,.T.);
#1075=FACE_OUTER_BOUND('',#1780,.T.);
#1076=FACE_OUTER_BOUND('',#1781,.T.);
#1077=FACE_OUTER_BOUND('',#1782,.T.);
#1078=FACE_OUTER_BOUND('',#1783,.T.);
#1079=FACE_OUTER_BOUND('',#1784,.T.);
#1080=FACE_OUTER_BOUND('',#1785,.T.);
#1081=FACE_OUTER_BOUND('',#1786,.T.);
#1082=FACE_OUTER_BOUND('',#1787,.T.);
#1083=FACE_OUTER_BOUND('',#1788,.T.);
#1084=FACE_OUTER_BOUND('',#1789,.T.);
#1085=FACE_OUTER_BOUND('',#1791,.T.);
#1086=FACE_OUTER_BOUND('',#1792,.T.);
#1087=FACE_OUTER_BOUND('',#1793,.T.);
#1088=FACE_OUTER_BOUND('',#1794,.T.);
#1089=FACE_OUTER_BOUND('',#1795,.T.);
#1090=FACE_OUTER_BOUND('',#1796,.T.);
#1091=FACE_OUTER_BOUND('',#1797,.T.);
#1092=FACE_OUTER_BOUND('',#1798,.T.);
#1093=FACE_OUTER_BOUND('',#1799,.T.);
#1094=FACE_OUTER_BOUND('',#1800,.T.);
#1095=FACE_OUTER_BOUND('',#1802,.T.);
#1096=FACE_OUTER_BOUND('',#1803,.T.);
#1097=FACE_OUTER_BOUND('',#1804,.T.);
#1098=FACE_OUTER_BOUND('',#1805,.T.);
#1099=FACE_OUTER_BOUND('',#1806,.T.);
#1100=FACE_OUTER_BOUND('',#1807,.T.);
#1101=FACE_OUTER_BOUND('',#1808,.T.);
#1102=FACE_OUTER_BOUND('',#1809,.T.);
#1103=FACE_OUTER_BOUND('',#1810,.T.);
#1104=FACE_OUTER_BOUND('',#1811,.T.);
#1105=FACE_OUTER_BOUND('',#1813,.T.);
#1106=FACE_OUTER_BOUND('',#1814,.T.);
#1107=FACE_OUTER_BOUND('',#1815,.T.);
#1108=FACE_OUTER_BOUND('',#1816,.T.);
#1109=FACE_OUTER_BOUND('',#1817,.T.);
#1110=FACE_OUTER_BOUND('',#1818,.T.);
#1111=FACE_OUTER_BOUND('',#1819,.T.);
#1112=FACE_OUTER_BOUND('',#1820,.T.);
#1113=FACE_OUTER_BOUND('',#1821,.T.);
#1114=FACE_OUTER_BOUND('',#1822,.T.);
#1115=FACE_OUTER_BOUND('',#1824,.T.);
#1116=FACE_OUTER_BOUND('',#1825,.T.);
#1117=FACE_OUTER_BOUND('',#1826,.T.);
#1118=FACE_OUTER_BOUND('',#1827,.T.);
#1119=FACE_OUTER_BOUND('',#1828,.T.);
#1120=FACE_OUTER_BOUND('',#1829,.T.);
#1121=FACE_OUTER_BOUND('',#1830,.T.);
#1122=FACE_OUTER_BOUND('',#1831,.T.);
#1123=FACE_OUTER_BOUND('',#1832,.T.);
#1124=FACE_OUTER_BOUND('',#1833,.T.);
#1125=FACE_OUTER_BOUND('',#1834,.T.);
#1126=FACE_OUTER_BOUND('',#1835,.T.);
#1127=FACE_OUTER_BOUND('',#1847,.T.);
#1128=FACE_OUTER_BOUND('',#1848,.T.);
#1129=FACE_OUTER_BOUND('',#1849,.T.);
#1130=FACE_OUTER_BOUND('',#1850,.T.);
#1131=FACE_OUTER_BOUND('',#1851,.T.);
#1132=FACE_OUTER_BOUND('',#1852,.T.);
#1133=FACE_OUTER_BOUND('',#1853,.T.);
#1134=FACE_OUTER_BOUND('',#1854,.T.);
#1135=FACE_OUTER_BOUND('',#1855,.T.);
#1136=FACE_OUTER_BOUND('',#1856,.T.);
#1137=FACE_OUTER_BOUND('',#1857,.T.);
#1138=FACE_OUTER_BOUND('',#1858,.T.);
#1139=FACE_OUTER_BOUND('',#1859,.T.);
#1140=FACE_OUTER_BOUND('',#1860,.T.);
#1141=FACE_OUTER_BOUND('',#1861,.T.);
#1142=FACE_OUTER_BOUND('',#1862,.T.);
#1143=FACE_OUTER_BOUND('',#1863,.T.);
#1144=FACE_OUTER_BOUND('',#1864,.T.);
#1145=FACE_OUTER_BOUND('',#1865,.T.);
#1146=FACE_OUTER_BOUND('',#1866,.T.);
#1147=FACE_OUTER_BOUND('',#1867,.T.);
#1148=FACE_OUTER_BOUND('',#1868,.T.);
#1149=FACE_OUTER_BOUND('',#1869,.T.);
#1150=FACE_OUTER_BOUND('',#1870,.T.);
#1151=FACE_OUTER_BOUND('',#1871,.T.);
#1152=FACE_OUTER_BOUND('',#1872,.T.);
#1153=FACE_OUTER_BOUND('',#1873,.T.);
#1154=FACE_OUTER_BOUND('',#1874,.T.);
#1155=FACE_OUTER_BOUND('',#1875,.T.);
#1156=FACE_OUTER_BOUND('',#1876,.T.);
#1157=FACE_OUTER_BOUND('',#1877,.T.);
#1158=FACE_OUTER_BOUND('',#1878,.T.);
#1159=FACE_OUTER_BOUND('',#1879,.T.);
#1160=FACE_OUTER_BOUND('',#1880,.T.);
#1161=FACE_OUTER_BOUND('',#1881,.T.);
#1162=FACE_OUTER_BOUND('',#1882,.T.);
#1163=FACE_OUTER_BOUND('',#1883,.T.);
#1164=FACE_OUTER_BOUND('',#1884,.T.);
#1165=FACE_OUTER_BOUND('',#1885,.T.);
#1166=FACE_OUTER_BOUND('',#1886,.T.);
#1167=FACE_OUTER_BOUND('',#1887,.T.);
#1168=FACE_OUTER_BOUND('',#1888,.T.);
#1169=FACE_OUTER_BOUND('',#1889,.T.);
#1170=FACE_OUTER_BOUND('',#1890,.T.);
#1171=FACE_OUTER_BOUND('',#1891,.T.);
#1172=FACE_OUTER_BOUND('',#1892,.T.);
#1173=FACE_OUTER_BOUND('',#1893,.T.);
#1174=FACE_OUTER_BOUND('',#1894,.T.);
#1175=FACE_OUTER_BOUND('',#1895,.T.);
#1176=FACE_OUTER_BOUND('',#1896,.T.);
#1177=FACE_OUTER_BOUND('',#1897,.T.);
#1178=FACE_OUTER_BOUND('',#1898,.T.);
#1179=FACE_OUTER_BOUND('',#1899,.T.);
#1180=FACE_OUTER_BOUND('',#1900,.T.);
#1181=FACE_OUTER_BOUND('',#1901,.T.);
#1182=FACE_OUTER_BOUND('',#1902,.T.);
#1183=FACE_OUTER_BOUND('',#1903,.T.);
#1184=FACE_OUTER_BOUND('',#1904,.T.);
#1185=FACE_OUTER_BOUND('',#1905,.T.);
#1186=FACE_OUTER_BOUND('',#1906,.T.);
#1187=FACE_OUTER_BOUND('',#1907,.T.);
#1188=FACE_OUTER_BOUND('',#1908,.T.);
#1189=FACE_OUTER_BOUND('',#1909,.T.);
#1190=FACE_OUTER_BOUND('',#1910,.T.);
#1191=FACE_OUTER_BOUND('',#1915,.T.);
#1192=FACE_OUTER_BOUND('',#1917,.T.);
#1193=FACE_OUTER_BOUND('',#1918,.T.);
#1194=FACE_OUTER_BOUND('',#1919,.T.);
#1195=FACE_OUTER_BOUND('',#1920,.T.);
#1196=FACE_OUTER_BOUND('',#1921,.T.);
#1197=FACE_OUTER_BOUND('',#1923,.T.);
#1198=FACE_OUTER_BOUND('',#1924,.T.);
#1199=FACE_OUTER_BOUND('',#1926,.T.);
#1200=FACE_OUTER_BOUND('',#1928,.T.);
#1201=FACE_OUTER_BOUND('',#1930,.T.);
#1202=FACE_OUTER_BOUND('',#1932,.T.);
#1203=FACE_OUTER_BOUND('',#1933,.T.);
#1204=FACE_OUTER_BOUND('',#1934,.T.);
#1205=FACE_OUTER_BOUND('',#1935,.T.);
#1206=FACE_OUTER_BOUND('',#1936,.T.);
#1207=FACE_OUTER_BOUND('',#1938,.T.);
#1208=FACE_OUTER_BOUND('',#1939,.T.);
#1209=FACE_OUTER_BOUND('',#1941,.T.);
#1210=FACE_OUTER_BOUND('',#1943,.T.);
#1211=FACE_OUTER_BOUND('',#1945,.T.);
#1212=FACE_OUTER_BOUND('',#1947,.T.);
#1213=FACE_OUTER_BOUND('',#1948,.T.);
#1214=FACE_OUTER_BOUND('',#1949,.T.);
#1215=FACE_OUTER_BOUND('',#1950,.T.);
#1216=FACE_OUTER_BOUND('',#1951,.T.);
#1217=FACE_OUTER_BOUND('',#1953,.T.);
#1218=FACE_OUTER_BOUND('',#1954,.T.);
#1219=FACE_OUTER_BOUND('',#1956,.T.);
#1220=FACE_OUTER_BOUND('',#1958,.T.);
#1221=FACE_OUTER_BOUND('',#1960,.T.);
#1222=FACE_OUTER_BOUND('',#1962,.T.);
#1223=FACE_OUTER_BOUND('',#1963,.T.);
#1224=FACE_OUTER_BOUND('',#1964,.T.);
#1225=FACE_OUTER_BOUND('',#1965,.T.);
#1226=FACE_OUTER_BOUND('',#1966,.T.);
#1227=FACE_OUTER_BOUND('',#1968,.T.);
#1228=FACE_OUTER_BOUND('',#1969,.T.);
#1229=FACE_OUTER_BOUND('',#1971,.T.);
#1230=FACE_OUTER_BOUND('',#1973,.T.);
#1231=FACE_OUTER_BOUND('',#1975,.T.);
#1232=FACE_OUTER_BOUND('',#1977,.T.);
#1233=FACE_OUTER_BOUND('',#1978,.T.);
#1234=FACE_OUTER_BOUND('',#1979,.T.);
#1235=FACE_OUTER_BOUND('',#1980,.T.);
#1236=FACE_OUTER_BOUND('',#1981,.T.);
#1237=FACE_OUTER_BOUND('',#1982,.T.);
#1238=FACE_OUTER_BOUND('',#1983,.T.);
#1239=FACE_OUTER_BOUND('',#1984,.T.);
#1240=FACE_OUTER_BOUND('',#1985,.T.);
#1241=FACE_OUTER_BOUND('',#1986,.T.);
#1242=FACE_OUTER_BOUND('',#1987,.T.);
#1243=FACE_OUTER_BOUND('',#1988,.T.);
#1244=FACE_OUTER_BOUND('',#1989,.T.);
#1245=FACE_OUTER_BOUND('',#1990,.T.);
#1246=FACE_OUTER_BOUND('',#1992,.T.);
#1247=FACE_OUTER_BOUND('',#1993,.T.);
#1248=FACE_OUTER_BOUND('',#1995,.T.);
#1249=FACE_OUTER_BOUND('',#1996,.T.);
#1250=FACE_OUTER_BOUND('',#1997,.T.);
#1251=FACE_OUTER_BOUND('',#1998,.T.);
#1252=FACE_OUTER_BOUND('',#1999,.T.);
#1253=FACE_OUTER_BOUND('',#2000,.T.);
#1254=FACE_OUTER_BOUND('',#2001,.T.);
#1255=FACE_OUTER_BOUND('',#2002,.T.);
#1256=FACE_OUTER_BOUND('',#2003,.T.);
#1257=FACE_OUTER_BOUND('',#2004,.T.);
#1258=FACE_OUTER_BOUND('',#2005,.T.);
#1259=FACE_OUTER_BOUND('',#2006,.T.);
#1260=FACE_OUTER_BOUND('',#2007,.T.);
#1261=FACE_OUTER_BOUND('',#2008,.T.);
#1262=FACE_OUTER_BOUND('',#2009,.T.);
#1263=FACE_OUTER_BOUND('',#2010,.T.);
#1264=FACE_OUTER_BOUND('',#2011,.T.);
#1265=FACE_OUTER_BOUND('',#2012,.T.);
#1266=FACE_OUTER_BOUND('',#2013,.T.);
#1267=FACE_OUTER_BOUND('',#2014,.T.);
#1268=FACE_OUTER_BOUND('',#2016,.T.);
#1269=FACE_OUTER_BOUND('',#2017,.T.);
#1270=FACE_OUTER_BOUND('',#2018,.T.);
#1271=FACE_OUTER_BOUND('',#2020,.T.);
#1272=FACE_OUTER_BOUND('',#2021,.T.);
#1273=FACE_OUTER_BOUND('',#2022,.T.);
#1274=FACE_OUTER_BOUND('',#2023,.T.);
#1275=FACE_OUTER_BOUND('',#2024,.T.);
#1276=FACE_OUTER_BOUND('',#2025,.T.);
#1277=FACE_OUTER_BOUND('',#2026,.T.);
#1278=FACE_OUTER_BOUND('',#2027,.T.);
#1279=FACE_OUTER_BOUND('',#2028,.T.);
#1280=FACE_OUTER_BOUND('',#2029,.T.);
#1281=FACE_OUTER_BOUND('',#2030,.T.);
#1282=FACE_OUTER_BOUND('',#2031,.T.);
#1283=FACE_OUTER_BOUND('',#2032,.T.);
#1284=FACE_OUTER_BOUND('',#2033,.T.);
#1285=FACE_OUTER_BOUND('',#2034,.T.);
#1286=FACE_OUTER_BOUND('',#2036,.T.);
#1287=FACE_OUTER_BOUND('',#2037,.T.);
#1288=FACE_OUTER_BOUND('',#2039,.T.);
#1289=FACE_OUTER_BOUND('',#2040,.T.);
#1290=FACE_OUTER_BOUND('',#2041,.T.);
#1291=FACE_OUTER_BOUND('',#2042,.T.);
#1292=FACE_OUTER_BOUND('',#2043,.T.);
#1293=FACE_OUTER_BOUND('',#2044,.T.);
#1294=FACE_OUTER_BOUND('',#2045,.T.);
#1295=FACE_OUTER_BOUND('',#2046,.T.);
#1296=FACE_OUTER_BOUND('',#2047,.T.);
#1297=FACE_OUTER_BOUND('',#2048,.T.);
#1298=FACE_OUTER_BOUND('',#2049,.T.);
#1299=FACE_OUTER_BOUND('',#2050,.T.);
#1300=FACE_OUTER_BOUND('',#2051,.T.);
#1301=FACE_OUTER_BOUND('',#2052,.T.);
#1302=FACE_OUTER_BOUND('',#2053,.T.);
#1303=FACE_OUTER_BOUND('',#2054,.T.);
#1304=FACE_OUTER_BOUND('',#2055,.T.);
#1305=FACE_OUTER_BOUND('',#2056,.T.);
#1306=FACE_OUTER_BOUND('',#2057,.T.);
#1307=FACE_OUTER_BOUND('',#2058,.T.);
#1308=FACE_OUTER_BOUND('',#2060,.T.);
#1309=FACE_OUTER_BOUND('',#2061,.T.);
#1310=FACE_OUTER_BOUND('',#2062,.T.);
#1311=FACE_OUTER_BOUND('',#2064,.T.);
#1312=FACE_OUTER_BOUND('',#2065,.T.);
#1313=FACE_OUTER_BOUND('',#2066,.T.);
#1314=FACE_OUTER_BOUND('',#2067,.T.);
#1315=FACE_OUTER_BOUND('',#2068,.T.);
#1316=FACE_OUTER_BOUND('',#2069,.T.);
#1317=FACE_OUTER_BOUND('',#2070,.T.);
#1318=FACE_OUTER_BOUND('',#2071,.T.);
#1319=FACE_OUTER_BOUND('',#2072,.T.);
#1320=FACE_OUTER_BOUND('',#2073,.T.);
#1321=FACE_OUTER_BOUND('',#2074,.T.);
#1322=FACE_OUTER_BOUND('',#2075,.T.);
#1323=FACE_OUTER_BOUND('',#2076,.T.);
#1324=FACE_OUTER_BOUND('',#2077,.T.);
#1325=FACE_OUTER_BOUND('',#2078,.T.);
#1326=FACE_OUTER_BOUND('',#2080,.T.);
#1327=FACE_OUTER_BOUND('',#2081,.T.);
#1328=FACE_OUTER_BOUND('',#2083,.T.);
#1329=FACE_OUTER_BOUND('',#2084,.T.);
#1330=FACE_OUTER_BOUND('',#2085,.T.);
#1331=FACE_OUTER_BOUND('',#2086,.T.);
#1332=FACE_OUTER_BOUND('',#2087,.T.);
#1333=FACE_OUTER_BOUND('',#2088,.T.);
#1334=FACE_OUTER_BOUND('',#2089,.T.);
#1335=FACE_OUTER_BOUND('',#2090,.T.);
#1336=FACE_OUTER_BOUND('',#2091,.T.);
#1337=FACE_OUTER_BOUND('',#2092,.T.);
#1338=FACE_OUTER_BOUND('',#2093,.T.);
#1339=FACE_OUTER_BOUND('',#2094,.T.);
#1340=FACE_OUTER_BOUND('',#2095,.T.);
#1341=FACE_OUTER_BOUND('',#2096,.T.);
#1342=FACE_OUTER_BOUND('',#2097,.T.);
#1343=FACE_OUTER_BOUND('',#2098,.T.);
#1344=FACE_OUTER_BOUND('',#2099,.T.);
#1345=FACE_OUTER_BOUND('',#2100,.T.);
#1346=FACE_OUTER_BOUND('',#2101,.T.);
#1347=FACE_OUTER_BOUND('',#2102,.T.);
#1348=FACE_OUTER_BOUND('',#2104,.T.);
#1349=FACE_OUTER_BOUND('',#2105,.T.);
#1350=FACE_OUTER_BOUND('',#2106,.T.);
#1351=FACE_OUTER_BOUND('',#2108,.T.);
#1352=FACE_OUTER_BOUND('',#2109,.T.);
#1353=FACE_OUTER_BOUND('',#2110,.T.);
#1354=FACE_OUTER_BOUND('',#2111,.T.);
#1355=FACE_OUTER_BOUND('',#2112,.T.);
#1356=FACE_OUTER_BOUND('',#2113,.T.);
#1357=FACE_OUTER_BOUND('',#2114,.T.);
#1358=FACE_OUTER_BOUND('',#2115,.T.);
#1359=FACE_OUTER_BOUND('',#2116,.T.);
#1360=FACE_OUTER_BOUND('',#2117,.T.);
#1361=FACE_OUTER_BOUND('',#2118,.T.);
#1362=FACE_OUTER_BOUND('',#2119,.T.);
#1363=FACE_OUTER_BOUND('',#2120,.T.);
#1364=FACE_OUTER_BOUND('',#2121,.T.);
#1365=FACE_OUTER_BOUND('',#2122,.T.);
#1366=FACE_OUTER_BOUND('',#2124,.T.);
#1367=FACE_OUTER_BOUND('',#2125,.T.);
#1368=FACE_OUTER_BOUND('',#2127,.T.);
#1369=FACE_OUTER_BOUND('',#2128,.T.);
#1370=FACE_OUTER_BOUND('',#2129,.T.);
#1371=FACE_OUTER_BOUND('',#2130,.T.);
#1372=FACE_OUTER_BOUND('',#2131,.T.);
#1373=FACE_OUTER_BOUND('',#2132,.T.);
#1374=FACE_OUTER_BOUND('',#2133,.T.);
#1375=FACE_OUTER_BOUND('',#2134,.T.);
#1376=FACE_OUTER_BOUND('',#2135,.T.);
#1377=FACE_OUTER_BOUND('',#2136,.T.);
#1378=FACE_OUTER_BOUND('',#2137,.T.);
#1379=FACE_OUTER_BOUND('',#2138,.T.);
#1380=FACE_OUTER_BOUND('',#2139,.T.);
#1381=FACE_OUTER_BOUND('',#2140,.T.);
#1382=FACE_OUTER_BOUND('',#2141,.T.);
#1383=FACE_OUTER_BOUND('',#2142,.T.);
#1384=FACE_OUTER_BOUND('',#2143,.T.);
#1385=FACE_OUTER_BOUND('',#2144,.T.);
#1386=FACE_OUTER_BOUND('',#2145,.T.);
#1387=FACE_OUTER_BOUND('',#2146,.T.);
#1388=FACE_OUTER_BOUND('',#2148,.T.);
#1389=FACE_OUTER_BOUND('',#2149,.T.);
#1390=FACE_OUTER_BOUND('',#2150,.T.);
#1391=FACE_OUTER_BOUND('',#2152,.T.);
#1392=FACE_OUTER_BOUND('',#2153,.T.);
#1393=FACE_OUTER_BOUND('',#2154,.T.);
#1394=FACE_OUTER_BOUND('',#2155,.T.);
#1395=FACE_OUTER_BOUND('',#2157,.T.);
#1396=FACE_OUTER_BOUND('',#2159,.T.);
#1397=FACE_OUTER_BOUND('',#2160,.T.);
#1398=FACE_OUTER_BOUND('',#2161,.T.);
#1399=FACE_OUTER_BOUND('',#2163,.T.);
#1400=FACE_OUTER_BOUND('',#2165,.T.);
#1401=FACE_OUTER_BOUND('',#2166,.T.);
#1402=FACE_OUTER_BOUND('',#2167,.T.);
#1403=FACE_OUTER_BOUND('',#2169,.T.);
#1404=FACE_OUTER_BOUND('',#2171,.T.);
#1405=FACE_OUTER_BOUND('',#2172,.T.);
#1406=FACE_OUTER_BOUND('',#2173,.T.);
#1407=FACE_OUTER_BOUND('',#2175,.T.);
#1408=FACE_OUTER_BOUND('',#2177,.T.);
#1409=FACE_OUTER_BOUND('',#2178,.T.);
#1410=FACE_OUTER_BOUND('',#2179,.T.);
#1411=FACE_OUTER_BOUND('',#2181,.T.);
#1412=FACE_OUTER_BOUND('',#2183,.T.);
#1413=FACE_OUTER_BOUND('',#2185,.T.);
#1414=FACE_OUTER_BOUND('',#2187,.T.);
#1415=FACE_OUTER_BOUND('',#2188,.T.);
#1416=FACE_OUTER_BOUND('',#2189,.T.);
#1417=FACE_OUTER_BOUND('',#2190,.T.);
#1418=FACE_OUTER_BOUND('',#2191,.T.);
#1419=FACE_OUTER_BOUND('',#2192,.T.);
#1420=FACE_OUTER_BOUND('',#2193,.T.);
#1421=FACE_OUTER_BOUND('',#2194,.T.);
#1422=FACE_OUTER_BOUND('',#2195,.T.);
#1423=FACE_OUTER_BOUND('',#2197,.T.);
#1424=FACE_OUTER_BOUND('',#2198,.T.);
#1425=FACE_OUTER_BOUND('',#2199,.T.);
#1426=FACE_OUTER_BOUND('',#2200,.T.);
#1427=FACE_OUTER_BOUND('',#2202,.T.);
#1428=FACE_OUTER_BOUND('',#2204,.T.);
#1429=FACE_OUTER_BOUND('',#2206,.T.);
#1430=FACE_OUTER_BOUND('',#2208,.T.);
#1431=FACE_OUTER_BOUND('',#2209,.T.);
#1432=FACE_OUTER_BOUND('',#2210,.T.);
#1433=FACE_OUTER_BOUND('',#2211,.T.);
#1434=FACE_OUTER_BOUND('',#2212,.T.);
#1435=FACE_OUTER_BOUND('',#2213,.T.);
#1436=FACE_OUTER_BOUND('',#2214,.T.);
#1437=FACE_OUTER_BOUND('',#2215,.T.);
#1438=FACE_OUTER_BOUND('',#2216,.T.);
#1439=FACE_OUTER_BOUND('',#2218,.T.);
#1440=FACE_OUTER_BOUND('',#2219,.T.);
#1441=FACE_OUTER_BOUND('',#2220,.T.);
#1442=FACE_OUTER_BOUND('',#2221,.T.);
#1443=FACE_OUTER_BOUND('',#2223,.T.);
#1444=FACE_OUTER_BOUND('',#2225,.T.);
#1445=FACE_OUTER_BOUND('',#2227,.T.);
#1446=FACE_OUTER_BOUND('',#2229,.T.);
#1447=FACE_OUTER_BOUND('',#2230,.T.);
#1448=FACE_OUTER_BOUND('',#2231,.T.);
#1449=FACE_OUTER_BOUND('',#2232,.T.);
#1450=FACE_OUTER_BOUND('',#2233,.T.);
#1451=FACE_OUTER_BOUND('',#2234,.T.);
#1452=FACE_OUTER_BOUND('',#2235,.T.);
#1453=FACE_OUTER_BOUND('',#2236,.T.);
#1454=FACE_OUTER_BOUND('',#2237,.T.);
#1455=FACE_OUTER_BOUND('',#2239,.T.);
#1456=FACE_OUTER_BOUND('',#2240,.T.);
#1457=FACE_OUTER_BOUND('',#2241,.T.);
#1458=FACE_OUTER_BOUND('',#2242,.T.);
#1459=FACE_OUTER_BOUND('',#2244,.T.);
#1460=FACE_OUTER_BOUND('',#2246,.T.);
#1461=FACE_OUTER_BOUND('',#2248,.T.);
#1462=FACE_OUTER_BOUND('',#2250,.T.);
#1463=FACE_OUTER_BOUND('',#2251,.T.);
#1464=FACE_OUTER_BOUND('',#2252,.T.);
#1465=FACE_OUTER_BOUND('',#2253,.T.);
#1466=FACE_OUTER_BOUND('',#2254,.T.);
#1467=FACE_OUTER_BOUND('',#2255,.T.);
#1468=FACE_OUTER_BOUND('',#2256,.T.);
#1469=FACE_OUTER_BOUND('',#2257,.T.);
#1470=FACE_OUTER_BOUND('',#2258,.T.);
#1471=FACE_OUTER_BOUND('',#2260,.T.);
#1472=EDGE_LOOP('',(#7182,#7183,#7184,#7185));
#1473=EDGE_LOOP('',(#7186,#7187,#7188,#7189));
#1474=EDGE_LOOP('',(#7190,#7191,#7192,#7193));
#1475=EDGE_LOOP('',(#7194,#7195,#7196,#7197));
#1476=EDGE_LOOP('',(#7198,#7199,#7200,#7201));
#1477=EDGE_LOOP('',(#7202,#7203,#7204,#7205));
#1478=EDGE_LOOP('',(#7206,#7207,#7208,#7209));
#1479=EDGE_LOOP('',(#7210,#7211,#7212,#7213));
#1480=EDGE_LOOP('',(#7214,#7215,#7216,#7217));
#1481=EDGE_LOOP('',(#7218,#7219,#7220,#7221));
#1482=EDGE_LOOP('',(#7222,#7223,#7224,#7225));
#1483=EDGE_LOOP('',(#7226,#7227,#7228,#7229));
#1484=EDGE_LOOP('',(#7230,#7231,#7232,#7233));
#1485=EDGE_LOOP('',(#7234,#7235,#7236,#7237));
#1486=EDGE_LOOP('',(#7238,#7239,#7240,#7241));
#1487=EDGE_LOOP('',(#7242));
#1488=EDGE_LOOP('',(#7243,#7244,#7245,#7246));
#1489=EDGE_LOOP('',(#7247,#7248,#7249,#7250));
#1490=EDGE_LOOP('',(#7251,#7252,#7253,#7254));
#1491=EDGE_LOOP('',(#7255));
#1492=EDGE_LOOP('',(#7256,#7257,#7258,#7259));
#1493=EDGE_LOOP('',(#7260,#7261,#7262,#7263));
#1494=EDGE_LOOP('',(#7264));
#1495=EDGE_LOOP('',(#7265,#7266,#7267,#7268));
#1496=EDGE_LOOP('',(#7269,#7270,#7271,#7272));
#1497=EDGE_LOOP('',(#7273,#7274,#7275,#7276));
#1498=EDGE_LOOP('',(#7277));
#1499=EDGE_LOOP('',(#7278,#7279,#7280,#7281));
#1500=EDGE_LOOP('',(#7282,#7283,#7284,#7285));
#1501=EDGE_LOOP('',(#7286));
#1502=EDGE_LOOP('',(#7287,#7288,#7289,#7290));
#1503=EDGE_LOOP('',(#7291,#7292,#7293,#7294));
#1504=EDGE_LOOP('',(#7295,#7296,#7297,#7298));
#1505=EDGE_LOOP('',(#7299));
#1506=EDGE_LOOP('',(#7300,#7301,#7302,#7303));
#1507=EDGE_LOOP('',(#7304,#7305,#7306,#7307));
#1508=EDGE_LOOP('',(#7308));
#1509=EDGE_LOOP('',(#7309,#7310,#7311,#7312));
#1510=EDGE_LOOP('',(#7313,#7314,#7315,#7316));
#1511=EDGE_LOOP('',(#7317,#7318,#7319,#7320));
#1512=EDGE_LOOP('',(#7321));
#1513=EDGE_LOOP('',(#7322,#7323,#7324,#7325));
#1514=EDGE_LOOP('',(#7326,#7327,#7328,#7329));
#1515=EDGE_LOOP('',(#7330));
#1516=EDGE_LOOP('',(#7331,#7332,#7333,#7334));
#1517=EDGE_LOOP('',(#7335,#7336,#7337,#7338));
#1518=EDGE_LOOP('',(#7339,#7340,#7341,#7342));
#1519=EDGE_LOOP('',(#7343));
#1520=EDGE_LOOP('',(#7344,#7345,#7346,#7347));
#1521=EDGE_LOOP('',(#7348,#7349,#7350,#7351));
#1522=EDGE_LOOP('',(#7352,#7353,#7354,#7355));
#1523=EDGE_LOOP('',(#7356,#7357,#7358,#7359));
#1524=EDGE_LOOP('',(#7360,#7361,#7362,#7363));
#1525=EDGE_LOOP('',(#7364));
#1526=EDGE_LOOP('',(#7365));
#1527=EDGE_LOOP('',(#7366));
#1528=EDGE_LOOP('',(#7367));
#1529=EDGE_LOOP('',(#7368));
#1530=EDGE_LOOP('',(#7369,#7370,#7371,#7372));
#1531=EDGE_LOOP('',(#7373,#7374,#7375,#7376));
#1532=EDGE_LOOP('',(#7377,#7378,#7379,#7380));
#1533=EDGE_LOOP('',(#7381,#7382,#7383,#7384));
#1534=EDGE_LOOP('',(#7385,#7386,#7387,#7388));
#1535=EDGE_LOOP('',(#7389));
#1536=EDGE_LOOP('',(#7390));
#1537=EDGE_LOOP('',(#7391));
#1538=EDGE_LOOP('',(#7392,#7393,#7394,#7395));
#1539=EDGE_LOOP('',(#7396));
#1540=EDGE_LOOP('',(#7397));
#1541=EDGE_LOOP('',(#7398));
#1542=EDGE_LOOP('',(#7399));
#1543=EDGE_LOOP('',(#7400));
#1544=EDGE_LOOP('',(#7401));
#1545=EDGE_LOOP('',(#7402));
#1546=EDGE_LOOP('',(#7403));
#1547=EDGE_LOOP('',(#7404,#7405,#7406,#7407));
#1548=EDGE_LOOP('',(#7408,#7409,#7410,#7411));
#1549=EDGE_LOOP('',(#7412));
#1550=EDGE_LOOP('',(#7413));
#1551=EDGE_LOOP('',(#7414));
#1552=EDGE_LOOP('',(#7415));
#1553=EDGE_LOOP('',(#7416,#7417,#7418,#7419));
#1554=EDGE_LOOP('',(#7420,#7421,#7422,#7423));
#1555=EDGE_LOOP('',(#7424));
#1556=EDGE_LOOP('',(#7425));
#1557=EDGE_LOOP('',(#7426));
#1558=EDGE_LOOP('',(#7427));
#1559=EDGE_LOOP('',(#7428,#7429,#7430,#7431));
#1560=EDGE_LOOP('',(#7432,#7433,#7434,#7435));
#1561=EDGE_LOOP('',(#7436));
#1562=EDGE_LOOP('',(#7437));
#1563=EDGE_LOOP('',(#7438));
#1564=EDGE_LOOP('',(#7439));
#1565=EDGE_LOOP('',(#7440,#7441,#7442,#7443));
#1566=EDGE_LOOP('',(#7444,#7445,#7446,#7447));
#1567=EDGE_LOOP('',(#7448));
#1568=EDGE_LOOP('',(#7449));
#1569=EDGE_LOOP('',(#7450));
#1570=EDGE_LOOP('',(#7451));
#1571=EDGE_LOOP('',(#7452,#7453,#7454,#7455));
#1572=EDGE_LOOP('',(#7456,#7457,#7458,#7459));
#1573=EDGE_LOOP('',(#7460));
#1574=EDGE_LOOP('',(#7461));
#1575=EDGE_LOOP('',(#7462));
#1576=EDGE_LOOP('',(#7463));
#1577=EDGE_LOOP('',(#7464));
#1578=EDGE_LOOP('',(#7465));
#1579=EDGE_LOOP('',(#7466));
#1580=EDGE_LOOP('',(#7467));
#1581=EDGE_LOOP('',(#7468,#7469,#7470,#7471));
#1582=EDGE_LOOP('',(#7472,#7473,#7474,#7475));
#1583=EDGE_LOOP('',(#7476));
#1584=EDGE_LOOP('',(#7477,#7478,#7479,#7480));
#1585=EDGE_LOOP('',(#7481));
#1586=EDGE_LOOP('',(#7482,#7483,#7484,#7485,#7486,#7487));
#1587=EDGE_LOOP('',(#7488));
#1588=EDGE_LOOP('',(#7489,#7490,#7491,#7492,#7493,#7494));
#1589=EDGE_LOOP('',(#7495));
#1590=EDGE_LOOP('',(#7496,#7497,#7498,#7499));
#1591=EDGE_LOOP('',(#7500,#7501,#7502,#7503));
#1592=EDGE_LOOP('',(#7504,#7505,#7506,#7507));
#1593=EDGE_LOOP('',(#7508,#7509,#7510,#7511));
#1594=EDGE_LOOP('',(#7512,#7513,#7514,#7515));
#1595=EDGE_LOOP('',(#7516,#7517,#7518,#7519));
#1596=EDGE_LOOP('',(#7520,#7521,#7522,#7523,#7524,#7525));
#1597=EDGE_LOOP('',(#7526));
#1598=EDGE_LOOP('',(#7527,#7528,#7529,#7530,#7531,#7532));
#1599=EDGE_LOOP('',(#7533));
#1600=EDGE_LOOP('',(#7534,#7535,#7536,#7537));
#1601=EDGE_LOOP('',(#7538,#7539,#7540,#7541));
#1602=EDGE_LOOP('',(#7542,#7543,#7544,#7545));
#1603=EDGE_LOOP('',(#7546,#7547,#7548,#7549));
#1604=EDGE_LOOP('',(#7550,#7551,#7552,#7553));
#1605=EDGE_LOOP('',(#7554,#7555,#7556,#7557));
#1606=EDGE_LOOP('',(#7558,#7559,#7560,#7561));
#1607=EDGE_LOOP('',(#7562,#7563,#7564,#7565,#7566,#7567));
#1608=EDGE_LOOP('',(#7568));
#1609=EDGE_LOOP('',(#7569,#7570,#7571,#7572,#7573,#7574));
#1610=EDGE_LOOP('',(#7575));
#1611=EDGE_LOOP('',(#7576,#7577,#7578,#7579));
#1612=EDGE_LOOP('',(#7580,#7581,#7582,#7583));
#1613=EDGE_LOOP('',(#7584,#7585,#7586,#7587));
#1614=EDGE_LOOP('',(#7588,#7589,#7590,#7591));
#1615=EDGE_LOOP('',(#7592,#7593,#7594,#7595));
#1616=EDGE_LOOP('',(#7596,#7597,#7598,#7599));
#1617=EDGE_LOOP('',(#7600,#7601,#7602,#7603,#7604,#7605));
#1618=EDGE_LOOP('',(#7606));
#1619=EDGE_LOOP('',(#7607,#7608,#7609,#7610,#7611,#7612));
#1620=EDGE_LOOP('',(#7613));
#1621=EDGE_LOOP('',(#7614,#7615,#7616,#7617));
#1622=EDGE_LOOP('',(#7618,#7619,#7620,#7621));
#1623=EDGE_LOOP('',(#7622,#7623,#7624,#7625));
#1624=EDGE_LOOP('',(#7626,#7627,#7628,#7629));
#1625=EDGE_LOOP('',(#7630,#7631,#7632,#7633));
#1626=EDGE_LOOP('',(#7634,#7635,#7636,#7637));
#1627=EDGE_LOOP('',(#7638,#7639,#7640,#7641,#7642,#7643));
#1628=EDGE_LOOP('',(#7644));
#1629=EDGE_LOOP('',(#7645,#7646,#7647,#7648,#7649,#7650));
#1630=EDGE_LOOP('',(#7651));
#1631=EDGE_LOOP('',(#7652,#7653,#7654,#7655));
#1632=EDGE_LOOP('',(#7656,#7657,#7658,#7659));
#1633=EDGE_LOOP('',(#7660,#7661,#7662,#7663));
#1634=EDGE_LOOP('',(#7664,#7665,#7666,#7667));
#1635=EDGE_LOOP('',(#7668,#7669,#7670,#7671));
#1636=EDGE_LOOP('',(#7672,#7673,#7674,#7675));
#1637=EDGE_LOOP('',(#7676,#7677,#7678,#7679,#7680,#7681));
#1638=EDGE_LOOP('',(#7682));
#1639=EDGE_LOOP('',(#7683,#7684,#7685,#7686,#7687,#7688));
#1640=EDGE_LOOP('',(#7689));
#1641=EDGE_LOOP('',(#7690,#7691,#7692,#7693));
#1642=EDGE_LOOP('',(#7694,#7695,#7696,#7697));
#1643=EDGE_LOOP('',(#7698,#7699,#7700,#7701));
#1644=EDGE_LOOP('',(#7702,#7703,#7704,#7705));
#1645=EDGE_LOOP('',(#7706,#7707,#7708,#7709));
#1646=EDGE_LOOP('',(#7710,#7711,#7712,#7713));
#1647=EDGE_LOOP('',(#7714,#7715,#7716,#7717));
#1648=EDGE_LOOP('',(#7718,#7719,#7720,#7721,#7722,#7723));
#1649=EDGE_LOOP('',(#7724));
#1650=EDGE_LOOP('',(#7725,#7726,#7727,#7728,#7729,#7730));
#1651=EDGE_LOOP('',(#7731));
#1652=EDGE_LOOP('',(#7732,#7733,#7734,#7735));
#1653=EDGE_LOOP('',(#7736,#7737,#7738,#7739));
#1654=EDGE_LOOP('',(#7740,#7741,#7742,#7743));
#1655=EDGE_LOOP('',(#7744,#7745,#7746,#7747));
#1656=EDGE_LOOP('',(#7748,#7749,#7750,#7751));
#1657=EDGE_LOOP('',(#7752,#7753,#7754,#7755));
#1658=EDGE_LOOP('',(#7756,#7757,#7758,#7759,#7760,#7761));
#1659=EDGE_LOOP('',(#7762));
#1660=EDGE_LOOP('',(#7763,#7764,#7765,#7766,#7767,#7768));
#1661=EDGE_LOOP('',(#7769));
#1662=EDGE_LOOP('',(#7770,#7771,#7772,#7773));
#1663=EDGE_LOOP('',(#7774,#7775,#7776,#7777));
#1664=EDGE_LOOP('',(#7778,#7779,#7780,#7781));
#1665=EDGE_LOOP('',(#7782,#7783,#7784,#7785));
#1666=EDGE_LOOP('',(#7786,#7787,#7788,#7789));
#1667=EDGE_LOOP('',(#7790,#7791,#7792,#7793));
#1668=EDGE_LOOP('',(#7794,#7795,#7796,#7797));
#1669=EDGE_LOOP('',(#7798));
#1670=EDGE_LOOP('',(#7799));
#1671=EDGE_LOOP('',(#7800,#7801,#7802,#7803));
#1672=EDGE_LOOP('',(#7804,#7805,#7806,#7807));
#1673=EDGE_LOOP('',(#7808,#7809,#7810,#7811));
#1674=EDGE_LOOP('',(#7812,#7813,#7814,#7815));
#1675=EDGE_LOOP('',(#7816,#7817,#7818,#7819));
#1676=EDGE_LOOP('',(#7820,#7821,#7822,#7823));
#1677=EDGE_LOOP('',(#7824,#7825,#7826,#7827));
#1678=EDGE_LOOP('',(#7828,#7829,#7830,#7831));
#1679=EDGE_LOOP('',(#7832,#7833,#7834,#7835));
#1680=EDGE_LOOP('',(#7836,#7837,#7838,#7839));
#1681=EDGE_LOOP('',(#7840,#7841,#7842,#7843));
#1682=EDGE_LOOP('',(#7844,#7845,#7846,#7847));
#1683=EDGE_LOOP('',(#7848,#7849,#7850,#7851));
#1684=EDGE_LOOP('',(#7852,#7853,#7854,#7855));
#1685=EDGE_LOOP('',(#7856));
#1686=EDGE_LOOP('',(#7857));
#1687=EDGE_LOOP('',(#7858));
#1688=EDGE_LOOP('',(#7859));
#1689=EDGE_LOOP('',(#7860));
#1690=EDGE_LOOP('',(#7861));
#1691=EDGE_LOOP('',(#7862));
#1692=EDGE_LOOP('',(#7863));
#1693=EDGE_LOOP('',(#7864));
#1694=EDGE_LOOP('',(#7865));
#1695=EDGE_LOOP('',(#7866,#7867,#7868,#7869));
#1696=EDGE_LOOP('',(#7870));
#1697=EDGE_LOOP('',(#7871));
#1698=EDGE_LOOP('',(#7872,#7873,#7874,#7875));
#1699=EDGE_LOOP('',(#7876));
#1700=EDGE_LOOP('',(#7877));
#1701=EDGE_LOOP('',(#7878,#7879,#7880,#7881));
#1702=EDGE_LOOP('',(#7882));
#1703=EDGE_LOOP('',(#7883));
#1704=EDGE_LOOP('',(#7884));
#1705=EDGE_LOOP('',(#7885));
#1706=EDGE_LOOP('',(#7886));
#1707=EDGE_LOOP('',(#7887));
#1708=EDGE_LOOP('',(#7888));
#1709=EDGE_LOOP('',(#7889));
#1710=EDGE_LOOP('',(#7890));
#1711=EDGE_LOOP('',(#7891));
#1712=EDGE_LOOP('',(#7892,#7893,#7894,#7895));
#1713=EDGE_LOOP('',(#7896,#7897,#7898,#7899));
#1714=EDGE_LOOP('',(#7900,#7901,#7902,#7903));
#1715=EDGE_LOOP('',(#7904,#7905,#7906,#7907));
#1716=EDGE_LOOP('',(#7908,#7909,#7910,#7911));
#1717=EDGE_LOOP('',(#7912,#7913,#7914,#7915));
#1718=EDGE_LOOP('',(#7916,#7917,#7918,#7919));
#1719=EDGE_LOOP('',(#7920));
#1720=EDGE_LOOP('',(#7921));
#1721=EDGE_LOOP('',(#7922));
#1722=EDGE_LOOP('',(#7923));
#1723=EDGE_LOOP('',(#7924));
#1724=EDGE_LOOP('',(#7925));
#1725=EDGE_LOOP('',(#7926));
#1726=EDGE_LOOP('',(#7927));
#1727=EDGE_LOOP('',(#7928,#7929,#7930,#7931));
#1728=EDGE_LOOP('',(#7932,#7933,#7934,#7935));
#1729=EDGE_LOOP('',(#7936,#7937,#7938,#7939));
#1730=EDGE_LOOP('',(#7940,#7941,#7942,#7943));
#1731=EDGE_LOOP('',(#7944,#7945,#7946,#7947));
#1732=EDGE_LOOP('',(#7948,#7949,#7950,#7951));
#1733=EDGE_LOOP('',(#7952,#7953,#7954,#7955));
#1734=EDGE_LOOP('',(#7956,#7957,#7958,#7959));
#1735=EDGE_LOOP('',(#7960,#7961,#7962,#7963));
#1736=EDGE_LOOP('',(#7964));
#1737=EDGE_LOOP('',(#7965));
#1738=EDGE_LOOP('',(#7966));
#1739=EDGE_LOOP('',(#7967));
#1740=EDGE_LOOP('',(#7968));
#1741=EDGE_LOOP('',(#7969));
#1742=EDGE_LOOP('',(#7970));
#1743=EDGE_LOOP('',(#7971));
#1744=EDGE_LOOP('',(#7972,#7973,#7974,#7975));
#1745=EDGE_LOOP('',(#7976,#7977,#7978,#7979,#7980,#7981));
#1746=EDGE_LOOP('',(#7982));
#1747=EDGE_LOOP('',(#7983,#7984,#7985,#7986));
#1748=EDGE_LOOP('',(#7987,#7988,#7989,#7990));
#1749=EDGE_LOOP('',(#7991,#7992,#7993,#7994));
#1750=EDGE_LOOP('',(#7995,#7996,#7997,#7998));
#1751=EDGE_LOOP('',(#7999,#8000,#8001,#8002));
#1752=EDGE_LOOP('',(#8003,#8004,#8005,#8006));
#1753=EDGE_LOOP('',(#8007,#8008,#8009,#8010,#8011,#8012));
#1754=EDGE_LOOP('',(#8013,#8014,#8015,#8016));
#1755=EDGE_LOOP('',(#8017));
#1756=EDGE_LOOP('',(#8018,#8019,#8020,#8021,#8022,#8023));
#1757=EDGE_LOOP('',(#8024));
#1758=EDGE_LOOP('',(#8025,#8026,#8027,#8028));
#1759=EDGE_LOOP('',(#8029,#8030,#8031,#8032));
#1760=EDGE_LOOP('',(#8033,#8034,#8035,#8036));
#1761=EDGE_LOOP('',(#8037,#8038,#8039,#8040));
#1762=EDGE_LOOP('',(#8041,#8042,#8043,#8044));
#1763=EDGE_LOOP('',(#8045,#8046,#8047,#8048));
#1764=EDGE_LOOP('',(#8049,#8050,#8051,#8052,#8053,#8054));
#1765=EDGE_LOOP('',(#8055,#8056,#8057,#8058));
#1766=EDGE_LOOP('',(#8059));
#1767=EDGE_LOOP('',(#8060,#8061,#8062,#8063,#8064,#8065));
#1768=EDGE_LOOP('',(#8066));
#1769=EDGE_LOOP('',(#8067,#8068,#8069,#8070));
#1770=EDGE_LOOP('',(#8071,#8072,#8073,#8074));
#1771=EDGE_LOOP('',(#8075,#8076,#8077,#8078));
#1772=EDGE_LOOP('',(#8079,#8080,#8081,#8082));
#1773=EDGE_LOOP('',(#8083,#8084,#8085,#8086));
#1774=EDGE_LOOP('',(#8087,#8088,#8089,#8090));
#1775=EDGE_LOOP('',(#8091,#8092,#8093,#8094,#8095,#8096));
#1776=EDGE_LOOP('',(#8097,#8098,#8099,#8100));
#1777=EDGE_LOOP('',(#8101));
#1778=EDGE_LOOP('',(#8102,#8103,#8104,#8105,#8106,#8107));
#1779=EDGE_LOOP('',(#8108));
#1780=EDGE_LOOP('',(#8109,#8110,#8111,#8112));
#1781=EDGE_LOOP('',(#8113,#8114,#8115,#8116));
#1782=EDGE_LOOP('',(#8117,#8118,#8119,#8120));
#1783=EDGE_LOOP('',(#8121,#8122,#8123,#8124));
#1784=EDGE_LOOP('',(#8125,#8126,#8127,#8128));
#1785=EDGE_LOOP('',(#8129,#8130,#8131,#8132));
#1786=EDGE_LOOP('',(#8133,#8134,#8135,#8136,#8137,#8138));
#1787=EDGE_LOOP('',(#8139,#8140,#8141,#8142));
#1788=EDGE_LOOP('',(#8143));
#1789=EDGE_LOOP('',(#8144,#8145,#8146,#8147,#8148,#8149));
#1790=EDGE_LOOP('',(#8150));
#1791=EDGE_LOOP('',(#8151,#8152,#8153,#8154));
#1792=EDGE_LOOP('',(#8155,#8156,#8157,#8158));
#1793=EDGE_LOOP('',(#8159,#8160,#8161,#8162));
#1794=EDGE_LOOP('',(#8163,#8164,#8165,#8166));
#1795=EDGE_LOOP('',(#8167,#8168,#8169,#8170));
#1796=EDGE_LOOP('',(#8171,#8172,#8173,#8174));
#1797=EDGE_LOOP('',(#8175,#8176,#8177,#8178,#8179,#8180));
#1798=EDGE_LOOP('',(#8181,#8182,#8183,#8184));
#1799=EDGE_LOOP('',(#8185));
#1800=EDGE_LOOP('',(#8186,#8187,#8188,#8189,#8190,#8191));
#1801=EDGE_LOOP('',(#8192));
#1802=EDGE_LOOP('',(#8193,#8194,#8195,#8196));
#1803=EDGE_LOOP('',(#8197,#8198,#8199,#8200));
#1804=EDGE_LOOP('',(#8201,#8202,#8203,#8204));
#1805=EDGE_LOOP('',(#8205,#8206,#8207,#8208));
#1806=EDGE_LOOP('',(#8209,#8210,#8211,#8212));
#1807=EDGE_LOOP('',(#8213,#8214,#8215,#8216));
#1808=EDGE_LOOP('',(#8217,#8218,#8219,#8220,#8221,#8222));
#1809=EDGE_LOOP('',(#8223,#8224,#8225,#8226));
#1810=EDGE_LOOP('',(#8227));
#1811=EDGE_LOOP('',(#8228,#8229,#8230,#8231,#8232,#8233));
#1812=EDGE_LOOP('',(#8234));
#1813=EDGE_LOOP('',(#8235,#8236,#8237,#8238));
#1814=EDGE_LOOP('',(#8239,#8240,#8241,#8242));
#1815=EDGE_LOOP('',(#8243,#8244,#8245,#8246));
#1816=EDGE_LOOP('',(#8247,#8248,#8249,#8250));
#1817=EDGE_LOOP('',(#8251,#8252,#8253,#8254));
#1818=EDGE_LOOP('',(#8255,#8256,#8257,#8258));
#1819=EDGE_LOOP('',(#8259,#8260,#8261,#8262,#8263,#8264));
#1820=EDGE_LOOP('',(#8265,#8266,#8267,#8268));
#1821=EDGE_LOOP('',(#8269));
#1822=EDGE_LOOP('',(#8270,#8271,#8272,#8273,#8274,#8275));
#1823=EDGE_LOOP('',(#8276));
#1824=EDGE_LOOP('',(#8277,#8278,#8279,#8280));
#1825=EDGE_LOOP('',(#8281,#8282,#8283,#8284));
#1826=EDGE_LOOP('',(#8285,#8286,#8287,#8288));
#1827=EDGE_LOOP('',(#8289,#8290,#8291,#8292));
#1828=EDGE_LOOP('',(#8293,#8294,#8295,#8296));
#1829=EDGE_LOOP('',(#8297,#8298,#8299,#8300));
#1830=EDGE_LOOP('',(#8301,#8302,#8303,#8304,#8305,#8306));
#1831=EDGE_LOOP('',(#8307,#8308,#8309,#8310));
#1832=EDGE_LOOP('',(#8311));
#1833=EDGE_LOOP('',(#8312,#8313,#8314,#8315));
#1834=EDGE_LOOP('',(#8316,#8317,#8318,#8319));
#1835=EDGE_LOOP('',(#8320,#8321,#8322,#8323,#8324,#8325,#8326,#8327));
#1836=EDGE_LOOP('',(#8328));
#1837=EDGE_LOOP('',(#8329));
#1838=EDGE_LOOP('',(#8330));
#1839=EDGE_LOOP('',(#8331));
#1840=EDGE_LOOP('',(#8332));
#1841=EDGE_LOOP('',(#8333));
#1842=EDGE_LOOP('',(#8334));
#1843=EDGE_LOOP('',(#8335));
#1844=EDGE_LOOP('',(#8336,#8337,#8338,#8339));
#1845=EDGE_LOOP('',(#8340));
#1846=EDGE_LOOP('',(#8341));
#1847=EDGE_LOOP('',(#8342,#8343,#8344,#8345));
#1848=EDGE_LOOP('',(#8346,#8347,#8348,#8349));
#1849=EDGE_LOOP('',(#8350,#8351,#8352,#8353));
#1850=EDGE_LOOP('',(#8354,#8355,#8356,#8357));
#1851=EDGE_LOOP('',(#8358,#8359,#8360,#8361));
#1852=EDGE_LOOP('',(#8362));
#1853=EDGE_LOOP('',(#8363,#8364,#8365,#8366));
#1854=EDGE_LOOP('',(#8367));
#1855=EDGE_LOOP('',(#8368,#8369,#8370,#8371));
#1856=EDGE_LOOP('',(#8372));
#1857=EDGE_LOOP('',(#8373,#8374,#8375,#8376));
#1858=EDGE_LOOP('',(#8377));
#1859=EDGE_LOOP('',(#8378,#8379,#8380,#8381));
#1860=EDGE_LOOP('',(#8382));
#1861=EDGE_LOOP('',(#8383,#8384,#8385,#8386,#8387,#8388));
#1862=EDGE_LOOP('',(#8389));
#1863=EDGE_LOOP('',(#8390,#8391,#8392,#8393,#8394,#8395,#8396,#8397,#8398));
#1864=EDGE_LOOP('',(#8399,#8400));
#1865=EDGE_LOOP('',(#8401,#8402,#8403,#8404,#8405,#8406,#8407,#8408,#8409));
#1866=EDGE_LOOP('',(#8410,#8411));
#1867=EDGE_LOOP('',(#8412,#8413,#8414,#8415,#8416,#8417,#8418,#8419,#8420));
#1868=EDGE_LOOP('',(#8421,#8422));
#1869=EDGE_LOOP('',(#8423,#8424,#8425,#8426,#8427,#8428,#8429));
#1870=EDGE_LOOP('',(#8430,#8431));
#1871=EDGE_LOOP('',(#8432,#8433,#8434,#8435,#8436,#8437,#8438,#8439,#8440,
#8441,#8442,#8443));
#1872=EDGE_LOOP('',(#8444,#8445,#8446,#8447));
#1873=EDGE_LOOP('',(#8448,#8449,#8450,#8451,#8452,#8453,#8454,#8455,#8456,
#8457,#8458,#8459,#8460,#8461,#8462,#8463,#8464,#8465,#8466,#8467,#8468,
#8469,#8470,#8471,#8472,#8473,#8474,#8475));
#1874=EDGE_LOOP('',(#8476,#8477,#8478,#8479));
#1875=EDGE_LOOP('',(#8480,#8481,#8482,#8483));
#1876=EDGE_LOOP('',(#8484,#8485,#8486,#8487,#8488,#8489));
#1877=EDGE_LOOP('',(#8490,#8491,#8492,#8493,#8494,#8495));
#1878=EDGE_LOOP('',(#8496,#8497,#8498,#8499,#8500,#8501));
#1879=EDGE_LOOP('',(#8502,#8503,#8504,#8505,#8506,#8507));
#1880=EDGE_LOOP('',(#8508,#8509,#8510,#8511));
#1881=EDGE_LOOP('',(#8512,#8513,#8514,#8515,#8516,#8517,#8518,#8519,#8520,
#8521));
#1882=EDGE_LOOP('',(#8522,#8523,#8524,#8525));
#1883=EDGE_LOOP('',(#8526,#8527,#8528,#8529,#8530,#8531,#8532,#8533,#8534,
#8535));
#1884=EDGE_LOOP('',(#8536,#8537,#8538,#8539));
#1885=EDGE_LOOP('',(#8540,#8541,#8542,#8543));
#1886=EDGE_LOOP('',(#8544,#8545,#8546,#8547));
#1887=EDGE_LOOP('',(#8548,#8549,#8550,#8551,#8552,#8553,#8554,#8555,#8556,
#8557));
#1888=EDGE_LOOP('',(#8558,#8559,#8560,#8561));
#1889=EDGE_LOOP('',(#8562,#8563,#8564,#8565,#8566,#8567,#8568,#8569,#8570,
#8571));
#1890=EDGE_LOOP('',(#8572,#8573,#8574,#8575));
#1891=EDGE_LOOP('',(#8576,#8577,#8578,#8579));
#1892=EDGE_LOOP('',(#8580,#8581,#8582,#8583));
#1893=EDGE_LOOP('',(#8584,#8585,#8586,#8587,#8588,#8589,#8590,#8591,#8592,
#8593));
#1894=EDGE_LOOP('',(#8594,#8595,#8596,#8597));
#1895=EDGE_LOOP('',(#8598,#8599,#8600,#8601,#8602,#8603,#8604,#8605,#8606,
#8607));
#1896=EDGE_LOOP('',(#8608,#8609,#8610,#8611));
#1897=EDGE_LOOP('',(#8612,#8613,#8614,#8615));
#1898=EDGE_LOOP('',(#8616,#8617,#8618,#8619));
#1899=EDGE_LOOP('',(#8620,#8621,#8622,#8623,#8624,#8625,#8626,#8627,#8628,
#8629));
#1900=EDGE_LOOP('',(#8630,#8631,#8632,#8633));
#1901=EDGE_LOOP('',(#8634,#8635,#8636,#8637,#8638,#8639,#8640,#8641,#8642,
#8643));
#1902=EDGE_LOOP('',(#8644,#8645,#8646,#8647));
#1903=EDGE_LOOP('',(#8648,#8649,#8650,#8651));
#1904=EDGE_LOOP('',(#8652,#8653,#8654,#8655,#8656,#8657,#8658,#8659,#8660,
#8661,#8662,#8663,#8664,#8665,#8666,#8667,#8668,#8669,#8670,#8671));
#1905=EDGE_LOOP('',(#8672,#8673,#8674,#8675));
#1906=EDGE_LOOP('',(#8676,#8677,#8678,#8679));
#1907=EDGE_LOOP('',(#8680,#8681,#8682,#8683));
#1908=EDGE_LOOP('',(#8684,#8685,#8686,#8687,#8688,#8689,#8690,#8691,#8692,
#8693,#8694,#8695,#8696,#8697,#8698,#8699,#8700,#8701,#8702,#8703,#8704,
#8705,#8706,#8707,#8708,#8709,#8710,#8711));
#1909=EDGE_LOOP('',(#8712,#8713,#8714,#8715));
#1910=EDGE_LOOP('',(#8716,#8717,#8718,#8719));
#1911=EDGE_LOOP('',(#8720,#8721,#8722,#8723));
#1912=EDGE_LOOP('',(#8724,#8725,#8726,#8727));
#1913=EDGE_LOOP('',(#8728,#8729,#8730,#8731));
#1914=EDGE_LOOP('',(#8732,#8733,#8734,#8735));
#1915=EDGE_LOOP('',(#8736,#8737,#8738,#8739,#8740,#8741,#8742,#8743));
#1916=EDGE_LOOP('',(#8744,#8745,#8746,#8747));
#1917=EDGE_LOOP('',(#8748,#8749,#8750,#8751));
#1918=EDGE_LOOP('',(#8752,#8753,#8754,#8755));
#1919=EDGE_LOOP('',(#8756,#8757,#8758,#8759));
#1920=EDGE_LOOP('',(#8760,#8761,#8762,#8763));
#1921=EDGE_LOOP('',(#8764));
#1922=EDGE_LOOP('',(#8765));
#1923=EDGE_LOOP('',(#8766,#8767,#8768,#8769));
#1924=EDGE_LOOP('',(#8770,#8771,#8772,#8773));
#1925=EDGE_LOOP('',(#8774,#8775,#8776,#8777));
#1926=EDGE_LOOP('',(#8778,#8779,#8780,#8781));
#1927=EDGE_LOOP('',(#8782,#8783,#8784,#8785));
#1928=EDGE_LOOP('',(#8786));
#1929=EDGE_LOOP('',(#8787));
#1930=EDGE_LOOP('',(#8788));
#1931=EDGE_LOOP('',(#8789));
#1932=EDGE_LOOP('',(#8790,#8791,#8792,#8793));
#1933=EDGE_LOOP('',(#8794,#8795,#8796,#8797));
#1934=EDGE_LOOP('',(#8798,#8799,#8800,#8801));
#1935=EDGE_LOOP('',(#8802,#8803,#8804,#8805));
#1936=EDGE_LOOP('',(#8806));
#1937=EDGE_LOOP('',(#8807));
#1938=EDGE_LOOP('',(#8808,#8809,#8810,#8811));
#1939=EDGE_LOOP('',(#8812,#8813,#8814,#8815));
#1940=EDGE_LOOP('',(#8816,#8817,#8818,#8819));
#1941=EDGE_LOOP('',(#8820,#8821,#8822,#8823));
#1942=EDGE_LOOP('',(#8824,#8825,#8826,#8827));
#1943=EDGE_LOOP('',(#8828));
#1944=EDGE_LOOP('',(#8829));
#1945=EDGE_LOOP('',(#8830));
#1946=EDGE_LOOP('',(#8831));
#1947=EDGE_LOOP('',(#8832,#8833,#8834,#8835));
#1948=EDGE_LOOP('',(#8836,#8837,#8838,#8839));
#1949=EDGE_LOOP('',(#8840,#8841,#8842,#8843));
#1950=EDGE_LOOP('',(#8844,#8845,#8846,#8847));
#1951=EDGE_LOOP('',(#8848));
#1952=EDGE_LOOP('',(#8849));
#1953=EDGE_LOOP('',(#8850,#8851,#8852,#8853));
#1954=EDGE_LOOP('',(#8854,#8855,#8856,#8857));
#1955=EDGE_LOOP('',(#8858,#8859,#8860,#8861));
#1956=EDGE_LOOP('',(#8862,#8863,#8864,#8865));
#1957=EDGE_LOOP('',(#8866,#8867,#8868,#8869));
#1958=EDGE_LOOP('',(#8870));
#1959=EDGE_LOOP('',(#8871));
#1960=EDGE_LOOP('',(#8872));
#1961=EDGE_LOOP('',(#8873));
#1962=EDGE_LOOP('',(#8874,#8875,#8876,#8877));
#1963=EDGE_LOOP('',(#8878,#8879,#8880,#8881));
#1964=EDGE_LOOP('',(#8882,#8883,#8884,#8885));
#1965=EDGE_LOOP('',(#8886,#8887,#8888,#8889));
#1966=EDGE_LOOP('',(#8890));
#1967=EDGE_LOOP('',(#8891));
#1968=EDGE_LOOP('',(#8892,#8893,#8894,#8895));
#1969=EDGE_LOOP('',(#8896,#8897,#8898,#8899));
#1970=EDGE_LOOP('',(#8900,#8901,#8902,#8903));
#1971=EDGE_LOOP('',(#8904,#8905,#8906,#8907));
#1972=EDGE_LOOP('',(#8908,#8909,#8910,#8911));
#1973=EDGE_LOOP('',(#8912));
#1974=EDGE_LOOP('',(#8913));
#1975=EDGE_LOOP('',(#8914));
#1976=EDGE_LOOP('',(#8915));
#1977=EDGE_LOOP('',(#8916,#8917,#8918,#8919));
#1978=EDGE_LOOP('',(#8920,#8921,#8922,#8923));
#1979=EDGE_LOOP('',(#8924));
#1980=EDGE_LOOP('',(#8925,#8926,#8927,#8928,#8929,#8930,#8931,#8932,#8933,
#8934,#8935,#8936));
#1981=EDGE_LOOP('',(#8937,#8938,#8939,#8940,#8941,#8942,#8943,#8944,#8945,
#8946,#8947,#8948));
#1982=EDGE_LOOP('',(#8949,#8950,#8951,#8952,#8953,#8954));
#1983=EDGE_LOOP('',(#8955,#8956,#8957,#8958));
#1984=EDGE_LOOP('',(#8959,#8960,#8961,#8962));
#1985=EDGE_LOOP('',(#8963,#8964,#8965,#8966));
#1986=EDGE_LOOP('',(#8967,#8968,#8969,#8970,#8971,#8972,#8973));
#1987=EDGE_LOOP('',(#8974,#8975,#8976,#8977));
#1988=EDGE_LOOP('',(#8978,#8979,#8980,#8981));
#1989=EDGE_LOOP('',(#8982,#8983,#8984,#8985));
#1990=EDGE_LOOP('',(#8986,#8987,#8988,#8989,#8990,#8991,#8992,#8993,#8994,
#8995,#8996,#8997,#8998,#8999,#9000,#9001,#9002,#9003,#9004,#9005,#9006,
#9007,#9008,#9009));
#1991=EDGE_LOOP('',(#9010));
#1992=EDGE_LOOP('',(#9011,#9012,#9013,#9014));
#1993=EDGE_LOOP('',(#9015,#9016,#9017,#9018,#9019,#9020,#9021,#9022,#9023,
#9024,#9025,#9026,#9027,#9028,#9029,#9030,#9031,#9032,#9033,#9034,#9035,
#9036,#9037,#9038));
#1994=EDGE_LOOP('',(#9039));
#1995=EDGE_LOOP('',(#9040,#9041,#9042,#9043,#9044,#9045,#9046,#9047,#9048,
#9049,#9050,#9051));
#1996=EDGE_LOOP('',(#9052,#9053,#9054,#9055,#9056));
#1997=EDGE_LOOP('',(#9057,#9058,#9059,#9060));
#1998=EDGE_LOOP('',(#9061,#9062,#9063,#9064));
#1999=EDGE_LOOP('',(#9065,#9066,#9067,#9068));
#2000=EDGE_LOOP('',(#9069,#9070,#9071,#9072));
#2001=EDGE_LOOP('',(#9073,#9074,#9075,#9076));
#2002=EDGE_LOOP('',(#9077,#9078,#9079,#9080));
#2003=EDGE_LOOP('',(#9081,#9082,#9083,#9084));
#2004=EDGE_LOOP('',(#9085,#9086,#9087,#9088));
#2005=EDGE_LOOP('',(#9089,#9090,#9091,#9092));
#2006=EDGE_LOOP('',(#9093,#9094));
#2007=EDGE_LOOP('',(#9095,#9096,#9097,#9098,#9099,#9100,#9101));
#2008=EDGE_LOOP('',(#9102,#9103,#9104,#9105,#9106,#9107));
#2009=EDGE_LOOP('',(#9108,#9109,#9110,#9111));
#2010=EDGE_LOOP('',(#9112,#9113,#9114,#9115));
#2011=EDGE_LOOP('',(#9116,#9117,#9118,#9119));
#2012=EDGE_LOOP('',(#9120,#9121,#9122,#9123));
#2013=EDGE_LOOP('',(#9124,#9125,#9126,#9127));
#2014=EDGE_LOOP('',(#9128));
#2015=EDGE_LOOP('',(#9129));
#2016=EDGE_LOOP('',(#9130,#9131,#9132,#9133));
#2017=EDGE_LOOP('',(#9134,#9135,#9136,#9137));
#2018=EDGE_LOOP('',(#9138));
#2019=EDGE_LOOP('',(#9139));
#2020=EDGE_LOOP('',(#9140,#9141));
#2021=EDGE_LOOP('',(#9142,#9143,#9144,#9145));
#2022=EDGE_LOOP('',(#9146,#9147,#9148,#9149));
#2023=EDGE_LOOP('',(#9150));
#2024=EDGE_LOOP('',(#9151,#9152,#9153,#9154,#9155,#9156,#9157,#9158,#9159,
#9160,#9161,#9162));
#2025=EDGE_LOOP('',(#9163,#9164,#9165,#9166,#9167,#9168,#9169,#9170,#9171,
#9172,#9173,#9174));
#2026=EDGE_LOOP('',(#9175,#9176,#9177,#9178,#9179,#9180));
#2027=EDGE_LOOP('',(#9181,#9182,#9183,#9184));
#2028=EDGE_LOOP('',(#9185,#9186,#9187,#9188));
#2029=EDGE_LOOP('',(#9189,#9190,#9191,#9192));
#2030=EDGE_LOOP('',(#9193,#9194,#9195,#9196,#9197,#9198,#9199));
#2031=EDGE_LOOP('',(#9200,#9201,#9202,#9203));
#2032=EDGE_LOOP('',(#9204,#9205,#9206,#9207));
#2033=EDGE_LOOP('',(#9208,#9209,#9210,#9211));
#2034=EDGE_LOOP('',(#9212,#9213,#9214,#9215,#9216,#9217,#9218,#9219,#9220,
#9221,#9222,#9223,#9224,#9225,#9226,#9227,#9228,#9229,#9230,#9231,#9232,
#9233,#9234,#9235));
#2035=EDGE_LOOP('',(#9236));
#2036=EDGE_LOOP('',(#9237,#9238,#9239,#9240));
#2037=EDGE_LOOP('',(#9241,#9242,#9243,#9244,#9245,#9246,#9247,#9248,#9249,
#9250,#9251,#9252,#9253,#9254,#9255,#9256,#9257,#9258,#9259,#9260,#9261,
#9262,#9263,#9264));
#2038=EDGE_LOOP('',(#9265));
#2039=EDGE_LOOP('',(#9266,#9267,#9268,#9269,#9270,#9271,#9272,#9273,#9274,
#9275,#9276,#9277));
#2040=EDGE_LOOP('',(#9278,#9279,#9280,#9281,#9282));
#2041=EDGE_LOOP('',(#9283,#9284,#9285,#9286));
#2042=EDGE_LOOP('',(#9287,#9288,#9289,#9290));
#2043=EDGE_LOOP('',(#9291,#9292,#9293,#9294));
#2044=EDGE_LOOP('',(#9295,#9296,#9297,#9298));
#2045=EDGE_LOOP('',(#9299,#9300,#9301,#9302));
#2046=EDGE_LOOP('',(#9303,#9304,#9305,#9306));
#2047=EDGE_LOOP('',(#9307,#9308,#9309,#9310));
#2048=EDGE_LOOP('',(#9311,#9312,#9313,#9314));
#2049=EDGE_LOOP('',(#9315,#9316,#9317,#9318));
#2050=EDGE_LOOP('',(#9319,#9320));
#2051=EDGE_LOOP('',(#9321,#9322,#9323,#9324,#9325,#9326,#9327));
#2052=EDGE_LOOP('',(#9328,#9329,#9330,#9331,#9332,#9333));
#2053=EDGE_LOOP('',(#9334,#9335,#9336,#9337));
#2054=EDGE_LOOP('',(#9338,#9339,#9340,#9341));
#2055=EDGE_LOOP('',(#9342,#9343,#9344,#9345));
#2056=EDGE_LOOP('',(#9346,#9347,#9348,#9349));
#2057=EDGE_LOOP('',(#9350,#9351,#9352,#9353));
#2058=EDGE_LOOP('',(#9354));
#2059=EDGE_LOOP('',(#9355));
#2060=EDGE_LOOP('',(#9356,#9357,#9358,#9359));
#2061=EDGE_LOOP('',(#9360,#9361,#9362,#9363));
#2062=EDGE_LOOP('',(#9364));
#2063=EDGE_LOOP('',(#9365));
#2064=EDGE_LOOP('',(#9366,#9367));
#2065=EDGE_LOOP('',(#9368,#9369,#9370,#9371));
#2066=EDGE_LOOP('',(#9372,#9373,#9374,#9375));
#2067=EDGE_LOOP('',(#9376));
#2068=EDGE_LOOP('',(#9377,#9378,#9379,#9380,#9381,#9382,#9383,#9384,#9385,
#9386,#9387,#9388));
#2069=EDGE_LOOP('',(#9389,#9390,#9391,#9392,#9393,#9394,#9395,#9396,#9397,
#9398,#9399,#9400));
#2070=EDGE_LOOP('',(#9401,#9402,#9403,#9404,#9405,#9406));
#2071=EDGE_LOOP('',(#9407,#9408,#9409,#9410));
#2072=EDGE_LOOP('',(#9411,#9412,#9413,#9414));
#2073=EDGE_LOOP('',(#9415,#9416,#9417,#9418));
#2074=EDGE_LOOP('',(#9419,#9420,#9421,#9422,#9423,#9424,#9425));
#2075=EDGE_LOOP('',(#9426,#9427,#9428,#9429));
#2076=EDGE_LOOP('',(#9430,#9431,#9432,#9433));
#2077=EDGE_LOOP('',(#9434,#9435,#9436,#9437));
#2078=EDGE_LOOP('',(#9438,#9439,#9440,#9441,#9442,#9443,#9444,#9445,#9446,
#9447,#9448,#9449,#9450,#9451,#9452,#9453,#9454,#9455,#9456,#9457,#9458,
#9459,#9460,#9461));
#2079=EDGE_LOOP('',(#9462));
#2080=EDGE_LOOP('',(#9463,#9464,#9465,#9466));
#2081=EDGE_LOOP('',(#9467,#9468,#9469,#9470,#9471,#9472,#9473,#9474,#9475,
#9476,#9477,#9478,#9479,#9480,#9481,#9482,#9483,#9484,#9485,#9486,#9487,
#9488,#9489,#9490));
#2082=EDGE_LOOP('',(#9491));
#2083=EDGE_LOOP('',(#9492,#9493,#9494,#9495,#9496,#9497,#9498,#9499,#9500,
#9501,#9502,#9503));
#2084=EDGE_LOOP('',(#9504,#9505,#9506,#9507,#9508));
#2085=EDGE_LOOP('',(#9509,#9510,#9511,#9512));
#2086=EDGE_LOOP('',(#9513,#9514,#9515,#9516));
#2087=EDGE_LOOP('',(#9517,#9518,#9519,#9520));
#2088=EDGE_LOOP('',(#9521,#9522,#9523,#9524));
#2089=EDGE_LOOP('',(#9525,#9526,#9527,#9528));
#2090=EDGE_LOOP('',(#9529,#9530,#9531,#9532));
#2091=EDGE_LOOP('',(#9533,#9534,#9535,#9536));
#2092=EDGE_LOOP('',(#9537,#9538,#9539,#9540));
#2093=EDGE_LOOP('',(#9541,#9542,#9543,#9544));
#2094=EDGE_LOOP('',(#9545,#9546));
#2095=EDGE_LOOP('',(#9547,#9548,#9549,#9550,#9551,#9552,#9553));
#2096=EDGE_LOOP('',(#9554,#9555,#9556,#9557,#9558,#9559));
#2097=EDGE_LOOP('',(#9560,#9561,#9562,#9563));
#2098=EDGE_LOOP('',(#9564,#9565,#9566,#9567));
#2099=EDGE_LOOP('',(#9568,#9569,#9570,#9571));
#2100=EDGE_LOOP('',(#9572,#9573,#9574,#9575));
#2101=EDGE_LOOP('',(#9576,#9577,#9578,#9579));
#2102=EDGE_LOOP('',(#9580));
#2103=EDGE_LOOP('',(#9581));
#2104=EDGE_LOOP('',(#9582,#9583,#9584,#9585));
#2105=EDGE_LOOP('',(#9586,#9587,#9588,#9589));
#2106=EDGE_LOOP('',(#9590));
#2107=EDGE_LOOP('',(#9591));
#2108=EDGE_LOOP('',(#9592,#9593));
#2109=EDGE_LOOP('',(#9594,#9595,#9596,#9597));
#2110=EDGE_LOOP('',(#9598,#9599,#9600,#9601));
#2111=EDGE_LOOP('',(#9602));
#2112=EDGE_LOOP('',(#9603,#9604,#9605,#9606,#9607,#9608,#9609,#9610,#9611,
#9612,#9613,#9614));
#2113=EDGE_LOOP('',(#9615,#9616,#9617,#9618,#9619,#9620,#9621,#9622,#9623,
#9624,#9625,#9626));
#2114=EDGE_LOOP('',(#9627,#9628,#9629,#9630,#9631,#9632));
#2115=EDGE_LOOP('',(#9633,#9634,#9635,#9636));
#2116=EDGE_LOOP('',(#9637,#9638,#9639,#9640));
#2117=EDGE_LOOP('',(#9641,#9642,#9643,#9644));
#2118=EDGE_LOOP('',(#9645,#9646,#9647,#9648,#9649,#9650,#9651));
#2119=EDGE_LOOP('',(#9652,#9653,#9654,#9655));
#2120=EDGE_LOOP('',(#9656,#9657,#9658,#9659));
#2121=EDGE_LOOP('',(#9660,#9661,#9662,#9663));
#2122=EDGE_LOOP('',(#9664,#9665,#9666,#9667,#9668,#9669,#9670,#9671,#9672,
#9673,#9674,#9675,#9676,#9677,#9678,#9679,#9680,#9681,#9682,#9683,#9684,
#9685,#9686,#9687));
#2123=EDGE_LOOP('',(#9688));
#2124=EDGE_LOOP('',(#9689,#9690,#9691,#9692));
#2125=EDGE_LOOP('',(#9693,#9694,#9695,#9696,#9697,#9698,#9699,#9700,#9701,
#9702,#9703,#9704,#9705,#9706,#9707,#9708,#9709,#9710,#9711,#9712,#9713,
#9714,#9715,#9716));
#2126=EDGE_LOOP('',(#9717));
#2127=EDGE_LOOP('',(#9718,#9719,#9720,#9721,#9722,#9723,#9724,#9725,#9726,
#9727,#9728,#9729));
#2128=EDGE_LOOP('',(#9730,#9731,#9732,#9733,#9734));
#2129=EDGE_LOOP('',(#9735,#9736,#9737,#9738));
#2130=EDGE_LOOP('',(#9739,#9740,#9741,#9742));
#2131=EDGE_LOOP('',(#9743,#9744,#9745,#9746));
#2132=EDGE_LOOP('',(#9747,#9748,#9749,#9750));
#2133=EDGE_LOOP('',(#9751,#9752,#9753,#9754));
#2134=EDGE_LOOP('',(#9755,#9756,#9757,#9758));
#2135=EDGE_LOOP('',(#9759,#9760,#9761,#9762));
#2136=EDGE_LOOP('',(#9763,#9764,#9765,#9766));
#2137=EDGE_LOOP('',(#9767,#9768,#9769,#9770));
#2138=EDGE_LOOP('',(#9771,#9772));
#2139=EDGE_LOOP('',(#9773,#9774,#9775,#9776,#9777,#9778,#9779));
#2140=EDGE_LOOP('',(#9780,#9781,#9782,#9783,#9784,#9785));
#2141=EDGE_LOOP('',(#9786,#9787,#9788,#9789));
#2142=EDGE_LOOP('',(#9790,#9791,#9792,#9793));
#2143=EDGE_LOOP('',(#9794,#9795,#9796,#9797));
#2144=EDGE_LOOP('',(#9798,#9799,#9800,#9801));
#2145=EDGE_LOOP('',(#9802,#9803,#9804,#9805));
#2146=EDGE_LOOP('',(#9806));
#2147=EDGE_LOOP('',(#9807));
#2148=EDGE_LOOP('',(#9808,#9809,#9810,#9811));
#2149=EDGE_LOOP('',(#9812,#9813,#9814,#9815));
#2150=EDGE_LOOP('',(#9816));
#2151=EDGE_LOOP('',(#9817));
#2152=EDGE_LOOP('',(#9818,#9819));
#2153=EDGE_LOOP('',(#9820,#9821,#9822,#9823));
#2154=EDGE_LOOP('',(#9824,#9825,#9826,#9827));
#2155=EDGE_LOOP('',(#9828));
#2156=EDGE_LOOP('',(#9829));
#2157=EDGE_LOOP('',(#9830));
#2158=EDGE_LOOP('',(#9831));
#2159=EDGE_LOOP('',(#9832,#9833,#9834,#9835));
#2160=EDGE_LOOP('',(#9836,#9837,#9838,#9839));
#2161=EDGE_LOOP('',(#9840));
#2162=EDGE_LOOP('',(#9841));
#2163=EDGE_LOOP('',(#9842));
#2164=EDGE_LOOP('',(#9843));
#2165=EDGE_LOOP('',(#9844,#9845,#9846,#9847));
#2166=EDGE_LOOP('',(#9848,#9849,#9850,#9851));
#2167=EDGE_LOOP('',(#9852));
#2168=EDGE_LOOP('',(#9853));
#2169=EDGE_LOOP('',(#9854));
#2170=EDGE_LOOP('',(#9855));
#2171=EDGE_LOOP('',(#9856,#9857,#9858,#9859));
#2172=EDGE_LOOP('',(#9860,#9861,#9862,#9863));
#2173=EDGE_LOOP('',(#9864));
#2174=EDGE_LOOP('',(#9865));
#2175=EDGE_LOOP('',(#9866));
#2176=EDGE_LOOP('',(#9867));
#2177=EDGE_LOOP('',(#9868,#9869,#9870,#9871));
#2178=EDGE_LOOP('',(#9872,#9873,#9874,#9875));
#2179=EDGE_LOOP('',(#9876));
#2180=EDGE_LOOP('',(#9877));
#2181=EDGE_LOOP('',(#9878));
#2182=EDGE_LOOP('',(#9879));
#2183=EDGE_LOOP('',(#9880));
#2184=EDGE_LOOP('',(#9881));
#2185=EDGE_LOOP('',(#9882));
#2186=EDGE_LOOP('',(#9883));
#2187=EDGE_LOOP('',(#9884,#9885,#9886,#9887,#9888,#9889,#9890,#9891,#9892));
#2188=EDGE_LOOP('',(#9893,#9894,#9895,#9896));
#2189=EDGE_LOOP('',(#9897,#9898,#9899,#9900));
#2190=EDGE_LOOP('',(#9901,#9902,#9903,#9904));
#2191=EDGE_LOOP('',(#9905,#9906,#9907,#9908,#9909,#9910,#9911,#9912,#9913,
#9914,#9915,#9916));
#2192=EDGE_LOOP('',(#9917,#9918,#9919,#9920));
#2193=EDGE_LOOP('',(#9921,#9922,#9923,#9924));
#2194=EDGE_LOOP('',(#9925,#9926,#9927,#9928));
#2195=EDGE_LOOP('',(#9929,#9930,#9931,#9932));
#2196=EDGE_LOOP('',(#9933,#9934,#9935,#9936));
#2197=EDGE_LOOP('',(#9937,#9938,#9939,#9940,#9941,#9942,#9943,#9944,#9945));
#2198=EDGE_LOOP('',(#9946,#9947,#9948,#9949));
#2199=EDGE_LOOP('',(#9950,#9951,#9952,#9953));
#2200=EDGE_LOOP('',(#9954));
#2201=EDGE_LOOP('',(#9955));
#2202=EDGE_LOOP('',(#9956));
#2203=EDGE_LOOP('',(#9957));
#2204=EDGE_LOOP('',(#9958));
#2205=EDGE_LOOP('',(#9959));
#2206=EDGE_LOOP('',(#9960));
#2207=EDGE_LOOP('',(#9961));
#2208=EDGE_LOOP('',(#9962,#9963,#9964,#9965,#9966,#9967,#9968,#9969,#9970));
#2209=EDGE_LOOP('',(#9971,#9972,#9973,#9974));
#2210=EDGE_LOOP('',(#9975,#9976,#9977,#9978));
#2211=EDGE_LOOP('',(#9979,#9980,#9981,#9982));
#2212=EDGE_LOOP('',(#9983,#9984,#9985,#9986,#9987,#9988,#9989,#9990,#9991,
#9992,#9993,#9994));
#2213=EDGE_LOOP('',(#9995,#9996,#9997,#9998));
#2214=EDGE_LOOP('',(#9999,#10000,#10001,#10002));
#2215=EDGE_LOOP('',(#10003,#10004,#10005,#10006));
#2216=EDGE_LOOP('',(#10007,#10008,#10009,#10010));
#2217=EDGE_LOOP('',(#10011,#10012,#10013,#10014));
#2218=EDGE_LOOP('',(#10015,#10016,#10017,#10018,#10019,#10020,#10021,#10022,
#10023));
#2219=EDGE_LOOP('',(#10024,#10025,#10026,#10027));
#2220=EDGE_LOOP('',(#10028,#10029,#10030,#10031));
#2221=EDGE_LOOP('',(#10032));
#2222=EDGE_LOOP('',(#10033));
#2223=EDGE_LOOP('',(#10034));
#2224=EDGE_LOOP('',(#10035));
#2225=EDGE_LOOP('',(#10036));
#2226=EDGE_LOOP('',(#10037));
#2227=EDGE_LOOP('',(#10038));
#2228=EDGE_LOOP('',(#10039));
#2229=EDGE_LOOP('',(#10040,#10041,#10042,#10043,#10044,#10045,#10046,#10047,
#10048));
#2230=EDGE_LOOP('',(#10049,#10050,#10051,#10052));
#2231=EDGE_LOOP('',(#10053,#10054,#10055,#10056));
#2232=EDGE_LOOP('',(#10057,#10058,#10059,#10060));
#2233=EDGE_LOOP('',(#10061,#10062,#10063,#10064,#10065,#10066,#10067,#10068,
#10069,#10070,#10071,#10072));
#2234=EDGE_LOOP('',(#10073,#10074,#10075,#10076));
#2235=EDGE_LOOP('',(#10077,#10078,#10079,#10080));
#2236=EDGE_LOOP('',(#10081,#10082,#10083,#10084));
#2237=EDGE_LOOP('',(#10085,#10086,#10087,#10088));
#2238=EDGE_LOOP('',(#10089,#10090,#10091,#10092));
#2239=EDGE_LOOP('',(#10093,#10094,#10095,#10096,#10097,#10098,#10099,#10100,
#10101));
#2240=EDGE_LOOP('',(#10102,#10103,#10104,#10105));
#2241=EDGE_LOOP('',(#10106,#10107,#10108,#10109));
#2242=EDGE_LOOP('',(#10110));
#2243=EDGE_LOOP('',(#10111));
#2244=EDGE_LOOP('',(#10112));
#2245=EDGE_LOOP('',(#10113));
#2246=EDGE_LOOP('',(#10114));
#2247=EDGE_LOOP('',(#10115));
#2248=EDGE_LOOP('',(#10116));
#2249=EDGE_LOOP('',(#10117));
#2250=EDGE_LOOP('',(#10118,#10119,#10120,#10121,#10122,#10123,#10124,#10125,
#10126));
#2251=EDGE_LOOP('',(#10127,#10128,#10129,#10130));
#2252=EDGE_LOOP('',(#10131,#10132,#10133,#10134));
#2253=EDGE_LOOP('',(#10135,#10136,#10137,#10138));
#2254=EDGE_LOOP('',(#10139,#10140,#10141,#10142,#10143,#10144,#10145,#10146,
#10147,#10148,#10149,#10150));
#2255=EDGE_LOOP('',(#10151,#10152,#10153,#10154));
#2256=EDGE_LOOP('',(#10155,#10156,#10157,#10158));
#2257=EDGE_LOOP('',(#10159,#10160,#10161,#10162));
#2258=EDGE_LOOP('',(#10163,#10164,#10165,#10166));
#2259=EDGE_LOOP('',(#10167,#10168,#10169,#10170));
#2260=EDGE_LOOP('',(#10171,#10172,#10173,#10174,#10175,#10176,#10177,#10178,
#10179));
#2261=LINE('',#15739,#3238);
#2262=LINE('',#15745,#3239);
#2263=LINE('',#15751,#3240);
#2264=LINE('',#15757,#3241);
#2265=LINE('',#15763,#3242);
#2266=LINE('',#15769,#3243);
#2267=LINE('',#15775,#3244);
#2268=LINE('',#15781,#3245);
#2269=LINE('',#15787,#3246);
#2270=LINE('',#15793,#3247);
#2271=LINE('',#15799,#3248);
#2272=LINE('',#15805,#3249);
#2273=LINE('',#15811,#3250);
#2274=LINE('',#15816,#3251);
#2275=LINE('',#15818,#3252);
#2276=LINE('',#15820,#3253);
#2277=LINE('',#15821,#3254);
#2278=LINE('',#15824,#3255);
#2279=LINE('',#15826,#3256);
#2280=LINE('',#15827,#3257);
#2281=LINE('',#15830,#3258);
#2282=LINE('',#15832,#3259);
#2283=LINE('',#15833,#3260);
#2284=LINE('',#15835,#3261);
#2285=LINE('',#15837,#3262);
#2286=LINE('',#15841,#3263);
#2287=LINE('',#15843,#3264);
#2288=LINE('',#15845,#3265);
#2289=LINE('',#15846,#3266);
#2290=LINE('',#15849,#3267);
#2291=LINE('',#15851,#3268);
#2292=LINE('',#15852,#3269);
#2293=LINE('',#15855,#3270);
#2294=LINE('',#15857,#3271);
#2295=LINE('',#15858,#3272);
#2296=LINE('',#15860,#3273);
#2297=LINE('',#15862,#3274);
#2298=LINE('',#15866,#3275);
#2299=LINE('',#15868,#3276);
#2300=LINE('',#15870,#3277);
#2301=LINE('',#15871,#3278);
#2302=LINE('',#15874,#3279);
#2303=LINE('',#15876,#3280);
#2304=LINE('',#15877,#3281);
#2305=LINE('',#15880,#3282);
#2306=LINE('',#15882,#3283);
#2307=LINE('',#15883,#3284);
#2308=LINE('',#15885,#3285);
#2309=LINE('',#15887,#3286);
#2310=LINE('',#15891,#3287);
#2311=LINE('',#15893,#3288);
#2312=LINE('',#15895,#3289);
#2313=LINE('',#15896,#3290);
#2314=LINE('',#15899,#3291);
#2315=LINE('',#15901,#3292);
#2316=LINE('',#15902,#3293);
#2317=LINE('',#15905,#3294);
#2318=LINE('',#15907,#3295);
#2319=LINE('',#15908,#3296);
#2320=LINE('',#15910,#3297);
#2321=LINE('',#15912,#3298);
#2322=LINE('',#15916,#3299);
#2323=LINE('',#15918,#3300);
#2324=LINE('',#15920,#3301);
#2325=LINE('',#15921,#3302);
#2326=LINE('',#15924,#3303);
#2327=LINE('',#15926,#3304);
#2328=LINE('',#15927,#3305);
#2329=LINE('',#15930,#3306);
#2330=LINE('',#15932,#3307);
#2331=LINE('',#15933,#3308);
#2332=LINE('',#15935,#3309);
#2333=LINE('',#15937,#3310);
#2334=LINE('',#15941,#3311);
#2335=LINE('',#15943,#3312);
#2336=LINE('',#15945,#3313);
#2337=LINE('',#15946,#3314);
#2338=LINE('',#15949,#3315);
#2339=LINE('',#15951,#3316);
#2340=LINE('',#15952,#3317);
#2341=LINE('',#15955,#3318);
#2342=LINE('',#15957,#3319);
#2343=LINE('',#15958,#3320);
#2344=LINE('',#15960,#3321);
#2345=LINE('',#15961,#3322);
#2346=LINE('',#15969,#3323);
#2347=LINE('',#15975,#3324);
#2348=LINE('',#15984,#3325);
#2349=LINE('',#15990,#3326);
#2350=LINE('',#15999,#3327);
#2351=LINE('',#16005,#3328);
#2352=LINE('',#16014,#3329);
#2353=LINE('',#16020,#3330);
#2354=LINE('',#16029,#3331);
#2355=LINE('',#16035,#3332);
#2356=LINE('',#16051,#3333);
#2357=LINE('',#16054,#3334);
#2358=LINE('',#16063,#3335);
#2359=LINE('',#16069,#3336);
#2360=LINE('',#16073,#3337);
#2361=LINE('',#16075,#3338);
#2362=LINE('',#16078,#3339);
#2363=LINE('',#16082,#3340);
#2364=LINE('',#16084,#3341);
#2365=LINE('',#16088,#3342);
#2366=LINE('',#16090,#3343);
#2367=LINE('',#16095,#3344);
#2368=LINE('',#16096,#3345);
#2369=LINE('',#16098,#3346);
#2370=LINE('',#16100,#3347);
#2371=LINE('',#16102,#3348);
#2372=LINE('',#16104,#3349);
#2373=LINE('',#16109,#3350);
#2374=LINE('',#16111,#3351);
#2375=LINE('',#16115,#3352);
#2376=LINE('',#16117,#3353);
#2377=LINE('',#16124,#3354);
#2378=LINE('',#16128,#3355);
#2379=LINE('',#16130,#3356);
#2380=LINE('',#16133,#3357);
#2381=LINE('',#16137,#3358);
#2382=LINE('',#16138,#3359);
#2383=LINE('',#16140,#3360);
#2384=LINE('',#16142,#3361);
#2385=LINE('',#16144,#3362);
#2386=LINE('',#16146,#3363);
#2387=LINE('',#16149,#3364);
#2388=LINE('',#16155,#3365);
#2389=LINE('',#16157,#3366);
#2390=LINE('',#16161,#3367);
#2391=LINE('',#16162,#3368);
#2392=LINE('',#16170,#3369);
#2393=LINE('',#16172,#3370);
#2394=LINE('',#16176,#3371);
#2395=LINE('',#16177,#3372);
#2396=LINE('',#16181,#3373);
#2397=LINE('',#16182,#3374);
#2398=LINE('',#16184,#3375);
#2399=LINE('',#16186,#3376);
#2400=LINE('',#16188,#3377);
#2401=LINE('',#16190,#3378);
#2402=LINE('',#16197,#3379);
#2403=LINE('',#16199,#3380);
#2404=LINE('',#16203,#3381);
#2405=LINE('',#16204,#3382);
#2406=LINE('',#16212,#3383);
#2407=LINE('',#16214,#3384);
#2408=LINE('',#16218,#3385);
#2409=LINE('',#16219,#3386);
#2410=LINE('',#16223,#3387);
#2411=LINE('',#16224,#3388);
#2412=LINE('',#16226,#3389);
#2413=LINE('',#16228,#3390);
#2414=LINE('',#16230,#3391);
#2415=LINE('',#16232,#3392);
#2416=LINE('',#16239,#3393);
#2417=LINE('',#16241,#3394);
#2418=LINE('',#16245,#3395);
#2419=LINE('',#16246,#3396);
#2420=LINE('',#16254,#3397);
#2421=LINE('',#16256,#3398);
#2422=LINE('',#16260,#3399);
#2423=LINE('',#16261,#3400);
#2424=LINE('',#16265,#3401);
#2425=LINE('',#16266,#3402);
#2426=LINE('',#16268,#3403);
#2427=LINE('',#16270,#3404);
#2428=LINE('',#16272,#3405);
#2429=LINE('',#16274,#3406);
#2430=LINE('',#16281,#3407);
#2431=LINE('',#16283,#3408);
#2432=LINE('',#16287,#3409);
#2433=LINE('',#16288,#3410);
#2434=LINE('',#16296,#3411);
#2435=LINE('',#16298,#3412);
#2436=LINE('',#16302,#3413);
#2437=LINE('',#16303,#3414);
#2438=LINE('',#16307,#3415);
#2439=LINE('',#16308,#3416);
#2440=LINE('',#16310,#3417);
#2441=LINE('',#16312,#3418);
#2442=LINE('',#16314,#3419);
#2443=LINE('',#16316,#3420);
#2444=LINE('',#16319,#3421);
#2445=LINE('',#16323,#3422);
#2446=LINE('',#16327,#3423);
#2447=LINE('',#16329,#3424);
#2448=LINE('',#16332,#3425);
#2449=LINE('',#16338,#3426);
#2450=LINE('',#16340,#3427);
#2451=LINE('',#16344,#3428);
#2452=LINE('',#16346,#3429);
#2453=LINE('',#16351,#3430);
#2454=LINE('',#16352,#3431);
#2455=LINE('',#16354,#3432);
#2456=LINE('',#16356,#3433);
#2457=LINE('',#16358,#3434);
#2458=LINE('',#16360,#3435);
#2459=LINE('',#16365,#3436);
#2460=LINE('',#16369,#3437);
#2461=LINE('',#16371,#3438);
#2462=LINE('',#16374,#3439);
#2463=LINE('',#16380,#3440);
#2464=LINE('',#16382,#3441);
#2465=LINE('',#16386,#3442);
#2466=LINE('',#16388,#3443);
#2467=LINE('',#16393,#3444);
#2468=LINE('',#16394,#3445);
#2469=LINE('',#16396,#3446);
#2470=LINE('',#16398,#3447);
#2471=LINE('',#16400,#3448);
#2472=LINE('',#16402,#3449);
#2473=LINE('',#16406,#3450);
#2474=LINE('',#16410,#3451);
#2475=LINE('',#16412,#3452);
#2476=LINE('',#16414,#3453);
#2477=LINE('',#16416,#3454);
#2478=LINE('',#16418,#3455);
#2479=LINE('',#16420,#3456);
#2480=LINE('',#16426,#3457);
#2481=LINE('',#16432,#3458);
#2482=LINE('',#16438,#3459);
#2483=LINE('',#16444,#3460);
#2484=LINE('',#16450,#3461);
#2485=LINE('',#16456,#3462);
#2486=LINE('',#16462,#3463);
#2487=LINE('',#16468,#3464);
#2488=LINE('',#16477,#3465);
#2489=LINE('',#16485,#3466);
#2490=LINE('',#16491,#3467);
#2491=LINE('',#16497,#3468);
#2492=LINE('',#16503,#3469);
#2493=LINE('',#16509,#3470);
#2494=LINE('',#16515,#3471);
#2495=LINE('',#16521,#3472);
#2496=LINE('',#16527,#3473);
#2497=LINE('',#16533,#3474);
#2498=LINE('',#16543,#3475);
#2499=LINE('',#16547,#3476);
#2500=LINE('',#16551,#3477);
#2501=LINE('',#16555,#3478);
#2502=LINE('',#16559,#3479);
#2503=LINE('',#16563,#3480);
#2504=LINE('',#16567,#3481);
#2505=LINE('',#16571,#3482);
#2506=LINE('',#16575,#3483);
#2507=LINE('',#16580,#3484);
#2508=LINE('',#16585,#3485);
#2509=LINE('',#16587,#3486);
#2510=LINE('',#16589,#3487);
#2511=LINE('',#16591,#3488);
#2512=LINE('',#16593,#3489);
#2513=LINE('',#16594,#3490);
#2514=LINE('',#16599,#3491);
#2515=LINE('',#16601,#3492);
#2516=LINE('',#16602,#3493);
#2517=LINE('',#16605,#3494);
#2518=LINE('',#16606,#3495);
#2519=LINE('',#16609,#3496);
#2520=LINE('',#16610,#3497);
#2521=LINE('',#16613,#3498);
#2522=LINE('',#16614,#3499);
#2523=LINE('',#16617,#3500);
#2524=LINE('',#16618,#3501);
#2525=LINE('',#16620,#3502);
#2526=LINE('',#16624,#3503);
#2527=LINE('',#16630,#3504);
#2528=LINE('',#16632,#3505);
#2529=LINE('',#16634,#3506);
#2530=LINE('',#16636,#3507);
#2531=LINE('',#16638,#3508);
#2532=LINE('',#16639,#3509);
#2533=LINE('',#16644,#3510);
#2534=LINE('',#16646,#3511);
#2535=LINE('',#16647,#3512);
#2536=LINE('',#16650,#3513);
#2537=LINE('',#16651,#3514);
#2538=LINE('',#16654,#3515);
#2539=LINE('',#16655,#3516);
#2540=LINE('',#16658,#3517);
#2541=LINE('',#16659,#3518);
#2542=LINE('',#16662,#3519);
#2543=LINE('',#16663,#3520);
#2544=LINE('',#16665,#3521);
#2545=LINE('',#16669,#3522);
#2546=LINE('',#16675,#3523);
#2547=LINE('',#16677,#3524);
#2548=LINE('',#16679,#3525);
#2549=LINE('',#16681,#3526);
#2550=LINE('',#16683,#3527);
#2551=LINE('',#16684,#3528);
#2552=LINE('',#16689,#3529);
#2553=LINE('',#16691,#3530);
#2554=LINE('',#16692,#3531);
#2555=LINE('',#16695,#3532);
#2556=LINE('',#16696,#3533);
#2557=LINE('',#16699,#3534);
#2558=LINE('',#16700,#3535);
#2559=LINE('',#16703,#3536);
#2560=LINE('',#16704,#3537);
#2561=LINE('',#16707,#3538);
#2562=LINE('',#16708,#3539);
#2563=LINE('',#16710,#3540);
#2564=LINE('',#16714,#3541);
#2565=LINE('',#16720,#3542);
#2566=LINE('',#16722,#3543);
#2567=LINE('',#16724,#3544);
#2568=LINE('',#16726,#3545);
#2569=LINE('',#16728,#3546);
#2570=LINE('',#16729,#3547);
#2571=LINE('',#16734,#3548);
#2572=LINE('',#16736,#3549);
#2573=LINE('',#16737,#3550);
#2574=LINE('',#16740,#3551);
#2575=LINE('',#16741,#3552);
#2576=LINE('',#16744,#3553);
#2577=LINE('',#16745,#3554);
#2578=LINE('',#16748,#3555);
#2579=LINE('',#16749,#3556);
#2580=LINE('',#16752,#3557);
#2581=LINE('',#16753,#3558);
#2582=LINE('',#16755,#3559);
#2583=LINE('',#16759,#3560);
#2584=LINE('',#16765,#3561);
#2585=LINE('',#16767,#3562);
#2586=LINE('',#16769,#3563);
#2587=LINE('',#16771,#3564);
#2588=LINE('',#16773,#3565);
#2589=LINE('',#16774,#3566);
#2590=LINE('',#16779,#3567);
#2591=LINE('',#16781,#3568);
#2592=LINE('',#16782,#3569);
#2593=LINE('',#16785,#3570);
#2594=LINE('',#16786,#3571);
#2595=LINE('',#16789,#3572);
#2596=LINE('',#16790,#3573);
#2597=LINE('',#16793,#3574);
#2598=LINE('',#16794,#3575);
#2599=LINE('',#16797,#3576);
#2600=LINE('',#16798,#3577);
#2601=LINE('',#16800,#3578);
#2602=LINE('',#16804,#3579);
#2603=LINE('',#16810,#3580);
#2604=LINE('',#16812,#3581);
#2605=LINE('',#16814,#3582);
#2606=LINE('',#16816,#3583);
#2607=LINE('',#16818,#3584);
#2608=LINE('',#16819,#3585);
#2609=LINE('',#16824,#3586);
#2610=LINE('',#16826,#3587);
#2611=LINE('',#16827,#3588);
#2612=LINE('',#16830,#3589);
#2613=LINE('',#16831,#3590);
#2614=LINE('',#16834,#3591);
#2615=LINE('',#16835,#3592);
#2616=LINE('',#16838,#3593);
#2617=LINE('',#16839,#3594);
#2618=LINE('',#16842,#3595);
#2619=LINE('',#16843,#3596);
#2620=LINE('',#16845,#3597);
#2621=LINE('',#16849,#3598);
#2622=LINE('',#16855,#3599);
#2623=LINE('',#16857,#3600);
#2624=LINE('',#16859,#3601);
#2625=LINE('',#16861,#3602);
#2626=LINE('',#16863,#3603);
#2627=LINE('',#16864,#3604);
#2628=LINE('',#16869,#3605);
#2629=LINE('',#16871,#3606);
#2630=LINE('',#16872,#3607);
#2631=LINE('',#16875,#3608);
#2632=LINE('',#16876,#3609);
#2633=LINE('',#16879,#3610);
#2634=LINE('',#16880,#3611);
#2635=LINE('',#16883,#3612);
#2636=LINE('',#16884,#3613);
#2637=LINE('',#16887,#3614);
#2638=LINE('',#16888,#3615);
#2639=LINE('',#16890,#3616);
#2640=LINE('',#16894,#3617);
#2641=LINE('',#16900,#3618);
#2642=LINE('',#16902,#3619);
#2643=LINE('',#16904,#3620);
#2644=LINE('',#16906,#3621);
#2645=LINE('',#16908,#3622);
#2646=LINE('',#16909,#3623);
#2647=LINE('',#16914,#3624);
#2648=LINE('',#16916,#3625);
#2649=LINE('',#16917,#3626);
#2650=LINE('',#16920,#3627);
#2651=LINE('',#16921,#3628);
#2652=LINE('',#16924,#3629);
#2653=LINE('',#16925,#3630);
#2654=LINE('',#16928,#3631);
#2655=LINE('',#16929,#3632);
#2656=LINE('',#16932,#3633);
#2657=LINE('',#16933,#3634);
#2658=LINE('',#16935,#3635);
#2659=LINE('',#16939,#3636);
#2660=LINE('',#16948,#3637);
#2661=LINE('',#16951,#3638);
#2662=LINE('',#16954,#3639);
#2663=LINE('',#16956,#3640);
#2664=LINE('',#16957,#3641);
#2665=LINE('',#16960,#3642);
#2666=LINE('',#16964,#3643);
#2667=LINE('',#16968,#3644);
#2668=LINE('',#16988,#3645);
#2669=LINE('',#16990,#3646);
#2670=LINE('',#16992,#3647);
#2671=LINE('',#16993,#3648);
#2672=LINE('',#17000,#3649);
#2673=LINE('',#17003,#3650);
#2674=LINE('',#17006,#3651);
#2675=LINE('',#17007,#3652);
#2676=LINE('',#17011,#3653);
#2677=LINE('',#17014,#3654);
#2678=LINE('',#17019,#3655);
#2679=LINE('',#17024,#3656);
#2680=LINE('',#17029,#3657);
#2681=LINE('',#17034,#3658);
#2682=LINE('',#17039,#3659);
#2683=LINE('',#17045,#3660);
#2684=LINE('',#17046,#3661);
#2685=LINE('',#17047,#3662);
#2686=LINE('',#17054,#3663);
#2687=LINE('',#17055,#3664);
#2688=LINE('',#17056,#3665);
#2689=LINE('',#17059,#3666);
#2690=LINE('',#17060,#3667);
#2691=LINE('',#17067,#3668);
#2692=LINE('',#17068,#3669);
#2693=LINE('',#17069,#3670);
#2694=LINE('',#17072,#3671);
#2695=LINE('',#17073,#3672);
#2696=LINE('',#17080,#3673);
#2697=LINE('',#17081,#3674);
#2698=LINE('',#17082,#3675);
#2699=LINE('',#17085,#3676);
#2700=LINE('',#17086,#3677);
#2701=LINE('',#17093,#3678);
#2702=LINE('',#17094,#3679);
#2703=LINE('',#17096,#3680);
#2704=LINE('',#17100,#3681);
#2705=LINE('',#17102,#3682);
#2706=LINE('',#17104,#3683);
#2707=LINE('',#17106,#3684);
#2708=LINE('',#17108,#3685);
#2709=LINE('',#17110,#3686);
#2710=LINE('',#17112,#3687);
#2711=LINE('',#17114,#3688);
#2712=LINE('',#17116,#3689);
#2713=LINE('',#17118,#3690);
#2714=LINE('',#17119,#3691);
#2715=LINE('',#17122,#3692);
#2716=LINE('',#17123,#3693);
#2717=LINE('',#17126,#3694);
#2718=LINE('',#17128,#3695);
#2719=LINE('',#17132,#3696);
#2720=LINE('',#17133,#3697);
#2721=LINE('',#17135,#3698);
#2722=LINE('',#17136,#3699);
#2723=LINE('',#17138,#3700);
#2724=LINE('',#17140,#3701);
#2725=LINE('',#17144,#3702);
#2726=LINE('',#17145,#3703);
#2727=LINE('',#17147,#3704);
#2728=LINE('',#17149,#3705);
#2729=LINE('',#17153,#3706);
#2730=LINE('',#17154,#3707);
#2731=LINE('',#17156,#3708);
#2732=LINE('',#17158,#3709);
#2733=LINE('',#17162,#3710);
#2734=LINE('',#17163,#3711);
#2735=LINE('',#17165,#3712);
#2736=LINE('',#17168,#3713);
#2737=LINE('',#17170,#3714);
#2738=LINE('',#17172,#3715);
#2739=LINE('',#17173,#3716);
#2740=LINE('',#17174,#3717);
#2741=LINE('',#17176,#3718);
#2742=LINE('',#17178,#3719);
#2743=LINE('',#17180,#3720);
#2744=LINE('',#17181,#3721);
#2745=LINE('',#17182,#3722);
#2746=LINE('',#17184,#3723);
#2747=LINE('',#17186,#3724);
#2748=LINE('',#17188,#3725);
#2749=LINE('',#17189,#3726);
#2750=LINE('',#17190,#3727);
#2751=LINE('',#17192,#3728);
#2752=LINE('',#17194,#3729);
#2753=LINE('',#17196,#3730);
#2754=LINE('',#17197,#3731);
#2755=LINE('',#17198,#3732);
#2756=LINE('',#17201,#3733);
#2757=LINE('',#17203,#3734);
#2758=LINE('',#17204,#3735);
#2759=LINE('',#17207,#3736);
#2760=LINE('',#17209,#3737);
#2761=LINE('',#17211,#3738);
#2762=LINE('',#17212,#3739);
#2763=LINE('',#17215,#3740);
#2764=LINE('',#17217,#3741);
#2765=LINE('',#17218,#3742);
#2766=LINE('',#17221,#3743);
#2767=LINE('',#17223,#3744);
#2768=LINE('',#17225,#3745);
#2769=LINE('',#17226,#3746);
#2770=LINE('',#17228,#3747);
#2771=LINE('',#17229,#3748);
#2772=LINE('',#17234,#3749);
#2773=LINE('',#17236,#3750);
#2774=LINE('',#17237,#3751);
#2775=LINE('',#17240,#3752);
#2776=LINE('',#17242,#3753);
#2777=LINE('',#17244,#3754);
#2778=LINE('',#17245,#3755);
#2779=LINE('',#17248,#3756);
#2780=LINE('',#17250,#3757);
#2781=LINE('',#17251,#3758);
#2782=LINE('',#17254,#3759);
#2783=LINE('',#17256,#3760);
#2784=LINE('',#17258,#3761);
#2785=LINE('',#17259,#3762);
#2786=LINE('',#17261,#3763);
#2787=LINE('',#17262,#3764);
#2788=LINE('',#17267,#3765);
#2789=LINE('',#17269,#3766);
#2790=LINE('',#17270,#3767);
#2791=LINE('',#17273,#3768);
#2792=LINE('',#17275,#3769);
#2793=LINE('',#17277,#3770);
#2794=LINE('',#17278,#3771);
#2795=LINE('',#17281,#3772);
#2796=LINE('',#17283,#3773);
#2797=LINE('',#17284,#3774);
#2798=LINE('',#17287,#3775);
#2799=LINE('',#17289,#3776);
#2800=LINE('',#17291,#3777);
#2801=LINE('',#17292,#3778);
#2802=LINE('',#17294,#3779);
#2803=LINE('',#17295,#3780);
#2804=LINE('',#17300,#3781);
#2805=LINE('',#17302,#3782);
#2806=LINE('',#17303,#3783);
#2807=LINE('',#17306,#3784);
#2808=LINE('',#17308,#3785);
#2809=LINE('',#17310,#3786);
#2810=LINE('',#17311,#3787);
#2811=LINE('',#17314,#3788);
#2812=LINE('',#17316,#3789);
#2813=LINE('',#17317,#3790);
#2814=LINE('',#17320,#3791);
#2815=LINE('',#17322,#3792);
#2816=LINE('',#17324,#3793);
#2817=LINE('',#17325,#3794);
#2818=LINE('',#17327,#3795);
#2819=LINE('',#17328,#3796);
#2820=LINE('',#17333,#3797);
#2821=LINE('',#17335,#3798);
#2822=LINE('',#17337,#3799);
#2823=LINE('',#17339,#3800);
#2824=LINE('',#17340,#3801);
#2825=LINE('',#17341,#3802);
#2826=LINE('',#17342,#3803);
#2827=LINE('',#17343,#3804);
#2828=LINE('',#17346,#3805);
#2829=LINE('',#17348,#3806);
#2830=LINE('',#17349,#3807);
#2831=LINE('',#17352,#3808);
#2832=LINE('',#17354,#3809);
#2833=LINE('',#17355,#3810);
#2834=LINE('',#17357,#3811);
#2835=LINE('',#17358,#3812);
#2836=LINE('',#17361,#3813);
#2837=LINE('',#17363,#3814);
#2838=LINE('',#17371,#3815);
#2839=LINE('',#17374,#3816);
#2840=LINE('',#17377,#3817);
#2841=LINE('',#17379,#3818);
#2842=LINE('',#17380,#3819);
#2843=LINE('',#17383,#3820);
#2844=LINE('',#17385,#3821);
#2845=LINE('',#17386,#3822);
#2846=LINE('',#17398,#3823);
#2847=LINE('',#17403,#3824);
#2848=LINE('',#17407,#3825);
#2849=LINE('',#17417,#3826);
#2850=LINE('',#17420,#3827);
#2851=LINE('',#17423,#3828);
#2852=LINE('',#17425,#3829);
#2853=LINE('',#17426,#3830);
#2854=LINE('',#17429,#3831);
#2855=LINE('',#17431,#3832);
#2856=LINE('',#17432,#3833);
#2857=LINE('',#17444,#3834);
#2858=LINE('',#17449,#3835);
#2859=LINE('',#17453,#3836);
#2860=LINE('',#17463,#3837);
#2861=LINE('',#17466,#3838);
#2862=LINE('',#17469,#3839);
#2863=LINE('',#17471,#3840);
#2864=LINE('',#17472,#3841);
#2865=LINE('',#17475,#3842);
#2866=LINE('',#17477,#3843);
#2867=LINE('',#17478,#3844);
#2868=LINE('',#17490,#3845);
#2869=LINE('',#17495,#3846);
#2870=LINE('',#17499,#3847);
#2871=LINE('',#17509,#3848);
#2872=LINE('',#17512,#3849);
#2873=LINE('',#17515,#3850);
#2874=LINE('',#17517,#3851);
#2875=LINE('',#17518,#3852);
#2876=LINE('',#17521,#3853);
#2877=LINE('',#17523,#3854);
#2878=LINE('',#17524,#3855);
#2879=LINE('',#17536,#3856);
#2880=LINE('',#17541,#3857);
#2881=LINE('',#17545,#3858);
#2882=LINE('',#17554,#3859);
#2883=LINE('',#17558,#3860);
#2884=LINE('',#17565,#3861);
#2885=LINE('',#17574,#3862);
#2886=LINE('',#17583,#3863);
#2887=LINE('',#17613,#3864);
#2888=LINE('',#17622,#3865);
#2889=LINE('',#17660,#3866);
#2890=LINE('',#17669,#3867);
#2891=LINE('',#17678,#3868);
#2892=LINE('',#17688,#3869);
#2893=LINE('',#17696,#3870);
#2894=LINE('',#17701,#3871);
#2895=LINE('',#17705,#3872);
#2896=LINE('',#17710,#3873);
#2897=LINE('',#17714,#3874);
#2898=LINE('',#17718,#3875);
#2899=LINE('',#17723,#3876);
#2900=LINE('',#17727,#3877);
#2901=LINE('',#17732,#3878);
#2902=LINE('',#17736,#3879);
#2903=LINE('',#17740,#3880);
#2904=LINE('',#17744,#3881);
#2905=LINE('',#17746,#3882);
#2906=LINE('',#17748,#3883);
#2907=LINE('',#17750,#3884);
#2908=LINE('',#17752,#3885);
#2909=LINE('',#17754,#3886);
#2910=LINE('',#17756,#3887);
#2911=LINE('',#17757,#3888);
#2912=LINE('',#17759,#3889);
#2913=LINE('',#17761,#3890);
#2914=LINE('',#17763,#3891);
#2915=LINE('',#17765,#3892);
#2916=LINE('',#17767,#3893);
#2917=LINE('',#17768,#3894);
#2918=LINE('',#17770,#3895);
#2919=LINE('',#17772,#3896);
#2920=LINE('',#17774,#3897);
#2921=LINE('',#17776,#3898);
#2922=LINE('',#17777,#3899);
#2923=LINE('',#17782,#3900);
#2924=LINE('',#17786,#3901);
#2925=LINE('',#17788,#3902);
#2926=LINE('',#17790,#3903);
#2927=LINE('',#17792,#3904);
#2928=LINE('',#17794,#3905);
#2929=LINE('',#17796,#3906);
#2930=LINE('',#17798,#3907);
#2931=LINE('',#17800,#3908);
#2932=LINE('',#17802,#3909);
#2933=LINE('',#17803,#3910);
#2934=LINE('',#17804,#3911);
#2935=LINE('',#17806,#3912);
#2936=LINE('',#17808,#3913);
#2937=LINE('',#17810,#3914);
#2938=LINE('',#17812,#3915);
#2939=LINE('',#17814,#3916);
#2940=LINE('',#17816,#3917);
#2941=LINE('',#17817,#3918);
#2942=LINE('',#17822,#3919);
#2943=LINE('',#17867,#3920);
#2944=LINE('',#17875,#3921);
#2945=LINE('',#17879,#3922);
#2946=LINE('',#17886,#3923);
#2947=LINE('',#17895,#3924);
#2948=LINE('',#17904,#3925);
#2949=LINE('',#17934,#3926);
#2950=LINE('',#17943,#3927);
#2951=LINE('',#17981,#3928);
#2952=LINE('',#17990,#3929);
#2953=LINE('',#17999,#3930);
#2954=LINE('',#18009,#3931);
#2955=LINE('',#18017,#3932);
#2956=LINE('',#18022,#3933);
#2957=LINE('',#18026,#3934);
#2958=LINE('',#18031,#3935);
#2959=LINE('',#18035,#3936);
#2960=LINE('',#18039,#3937);
#2961=LINE('',#18044,#3938);
#2962=LINE('',#18048,#3939);
#2963=LINE('',#18053,#3940);
#2964=LINE('',#18057,#3941);
#2965=LINE('',#18061,#3942);
#2966=LINE('',#18065,#3943);
#2967=LINE('',#18067,#3944);
#2968=LINE('',#18069,#3945);
#2969=LINE('',#18071,#3946);
#2970=LINE('',#18073,#3947);
#2971=LINE('',#18075,#3948);
#2972=LINE('',#18077,#3949);
#2973=LINE('',#18078,#3950);
#2974=LINE('',#18080,#3951);
#2975=LINE('',#18082,#3952);
#2976=LINE('',#18084,#3953);
#2977=LINE('',#18086,#3954);
#2978=LINE('',#18088,#3955);
#2979=LINE('',#18089,#3956);
#2980=LINE('',#18091,#3957);
#2981=LINE('',#18093,#3958);
#2982=LINE('',#18095,#3959);
#2983=LINE('',#18097,#3960);
#2984=LINE('',#18098,#3961);
#2985=LINE('',#18103,#3962);
#2986=LINE('',#18107,#3963);
#2987=LINE('',#18109,#3964);
#2988=LINE('',#18111,#3965);
#2989=LINE('',#18113,#3966);
#2990=LINE('',#18115,#3967);
#2991=LINE('',#18117,#3968);
#2992=LINE('',#18119,#3969);
#2993=LINE('',#18121,#3970);
#2994=LINE('',#18123,#3971);
#2995=LINE('',#18124,#3972);
#2996=LINE('',#18125,#3973);
#2997=LINE('',#18127,#3974);
#2998=LINE('',#18129,#3975);
#2999=LINE('',#18131,#3976);
#3000=LINE('',#18133,#3977);
#3001=LINE('',#18135,#3978);
#3002=LINE('',#18137,#3979);
#3003=LINE('',#18138,#3980);
#3004=LINE('',#18143,#3981);
#3005=LINE('',#18188,#3982);
#3006=LINE('',#18196,#3983);
#3007=LINE('',#18200,#3984);
#3008=LINE('',#18207,#3985);
#3009=LINE('',#18216,#3986);
#3010=LINE('',#18225,#3987);
#3011=LINE('',#18255,#3988);
#3012=LINE('',#18264,#3989);
#3013=LINE('',#18302,#3990);
#3014=LINE('',#18311,#3991);
#3015=LINE('',#18320,#3992);
#3016=LINE('',#18330,#3993);
#3017=LINE('',#18338,#3994);
#3018=LINE('',#18343,#3995);
#3019=LINE('',#18347,#3996);
#3020=LINE('',#18352,#3997);
#3021=LINE('',#18356,#3998);
#3022=LINE('',#18360,#3999);
#3023=LINE('',#18365,#4000);
#3024=LINE('',#18369,#4001);
#3025=LINE('',#18374,#4002);
#3026=LINE('',#18378,#4003);
#3027=LINE('',#18382,#4004);
#3028=LINE('',#18386,#4005);
#3029=LINE('',#18388,#4006);
#3030=LINE('',#18390,#4007);
#3031=LINE('',#18392,#4008);
#3032=LINE('',#18394,#4009);
#3033=LINE('',#18396,#4010);
#3034=LINE('',#18398,#4011);
#3035=LINE('',#18399,#4012);
#3036=LINE('',#18401,#4013);
#3037=LINE('',#18403,#4014);
#3038=LINE('',#18405,#4015);
#3039=LINE('',#18407,#4016);
#3040=LINE('',#18409,#4017);
#3041=LINE('',#18410,#4018);
#3042=LINE('',#18412,#4019);
#3043=LINE('',#18414,#4020);
#3044=LINE('',#18416,#4021);
#3045=LINE('',#18418,#4022);
#3046=LINE('',#18419,#4023);
#3047=LINE('',#18424,#4024);
#3048=LINE('',#18428,#4025);
#3049=LINE('',#18430,#4026);
#3050=LINE('',#18432,#4027);
#3051=LINE('',#18434,#4028);
#3052=LINE('',#18436,#4029);
#3053=LINE('',#18438,#4030);
#3054=LINE('',#18440,#4031);
#3055=LINE('',#18442,#4032);
#3056=LINE('',#18444,#4033);
#3057=LINE('',#18445,#4034);
#3058=LINE('',#18446,#4035);
#3059=LINE('',#18448,#4036);
#3060=LINE('',#18450,#4037);
#3061=LINE('',#18452,#4038);
#3062=LINE('',#18454,#4039);
#3063=LINE('',#18456,#4040);
#3064=LINE('',#18458,#4041);
#3065=LINE('',#18459,#4042);
#3066=LINE('',#18464,#4043);
#3067=LINE('',#18509,#4044);
#3068=LINE('',#18517,#4045);
#3069=LINE('',#18521,#4046);
#3070=LINE('',#18528,#4047);
#3071=LINE('',#18537,#4048);
#3072=LINE('',#18546,#4049);
#3073=LINE('',#18576,#4050);
#3074=LINE('',#18585,#4051);
#3075=LINE('',#18623,#4052);
#3076=LINE('',#18632,#4053);
#3077=LINE('',#18641,#4054);
#3078=LINE('',#18651,#4055);
#3079=LINE('',#18659,#4056);
#3080=LINE('',#18664,#4057);
#3081=LINE('',#18668,#4058);
#3082=LINE('',#18673,#4059);
#3083=LINE('',#18677,#4060);
#3084=LINE('',#18681,#4061);
#3085=LINE('',#18686,#4062);
#3086=LINE('',#18690,#4063);
#3087=LINE('',#18695,#4064);
#3088=LINE('',#18699,#4065);
#3089=LINE('',#18703,#4066);
#3090=LINE('',#18707,#4067);
#3091=LINE('',#18709,#4068);
#3092=LINE('',#18711,#4069);
#3093=LINE('',#18713,#4070);
#3094=LINE('',#18715,#4071);
#3095=LINE('',#18717,#4072);
#3096=LINE('',#18719,#4073);
#3097=LINE('',#18720,#4074);
#3098=LINE('',#18722,#4075);
#3099=LINE('',#18724,#4076);
#3100=LINE('',#18726,#4077);
#3101=LINE('',#18728,#4078);
#3102=LINE('',#18730,#4079);
#3103=LINE('',#18731,#4080);
#3104=LINE('',#18733,#4081);
#3105=LINE('',#18735,#4082);
#3106=LINE('',#18737,#4083);
#3107=LINE('',#18739,#4084);
#3108=LINE('',#18740,#4085);
#3109=LINE('',#18745,#4086);
#3110=LINE('',#18749,#4087);
#3111=LINE('',#18751,#4088);
#3112=LINE('',#18753,#4089);
#3113=LINE('',#18755,#4090);
#3114=LINE('',#18757,#4091);
#3115=LINE('',#18759,#4092);
#3116=LINE('',#18761,#4093);
#3117=LINE('',#18763,#4094);
#3118=LINE('',#18765,#4095);
#3119=LINE('',#18766,#4096);
#3120=LINE('',#18767,#4097);
#3121=LINE('',#18769,#4098);
#3122=LINE('',#18771,#4099);
#3123=LINE('',#18773,#4100);
#3124=LINE('',#18775,#4101);
#3125=LINE('',#18777,#4102);
#3126=LINE('',#18779,#4103);
#3127=LINE('',#18780,#4104);
#3128=LINE('',#18785,#4105);
#3129=LINE('',#18830,#4106);
#3130=LINE('',#18838,#4107);
#3131=LINE('',#18844,#4108);
#3132=LINE('',#18853,#4109);
#3133=LINE('',#18859,#4110);
#3134=LINE('',#18868,#4111);
#3135=LINE('',#18874,#4112);
#3136=LINE('',#18883,#4113);
#3137=LINE('',#18889,#4114);
#3138=LINE('',#18898,#4115);
#3139=LINE('',#18904,#4116);
#3140=LINE('',#18923,#4117);
#3141=LINE('',#18925,#4118);
#3142=LINE('',#18927,#4119);
#3143=LINE('',#18933,#4120);
#3144=LINE('',#18935,#4121);
#3145=LINE('',#18936,#4122);
#3146=LINE('',#18939,#4123);
#3147=LINE('',#18941,#4124);
#3148=LINE('',#18942,#4125);
#3149=LINE('',#18945,#4126);
#3150=LINE('',#18946,#4127);
#3151=LINE('',#18949,#4128);
#3152=LINE('',#18950,#4129);
#3153=LINE('',#18953,#4130);
#3154=LINE('',#18956,#4131);
#3155=LINE('',#18957,#4132);
#3156=LINE('',#18961,#4133);
#3157=LINE('',#18962,#4134);
#3158=LINE('',#18965,#4135);
#3159=LINE('',#18966,#4136);
#3160=LINE('',#18969,#4137);
#3161=LINE('',#18970,#4138);
#3162=LINE('',#18972,#4139);
#3163=LINE('',#18980,#4140);
#3164=LINE('',#18986,#4141);
#3165=LINE('',#19005,#4142);
#3166=LINE('',#19007,#4143);
#3167=LINE('',#19009,#4144);
#3168=LINE('',#19015,#4145);
#3169=LINE('',#19017,#4146);
#3170=LINE('',#19018,#4147);
#3171=LINE('',#19021,#4148);
#3172=LINE('',#19023,#4149);
#3173=LINE('',#19024,#4150);
#3174=LINE('',#19027,#4151);
#3175=LINE('',#19028,#4152);
#3176=LINE('',#19031,#4153);
#3177=LINE('',#19032,#4154);
#3178=LINE('',#19035,#4155);
#3179=LINE('',#19038,#4156);
#3180=LINE('',#19039,#4157);
#3181=LINE('',#19043,#4158);
#3182=LINE('',#19044,#4159);
#3183=LINE('',#19047,#4160);
#3184=LINE('',#19048,#4161);
#3185=LINE('',#19051,#4162);
#3186=LINE('',#19052,#4163);
#3187=LINE('',#19054,#4164);
#3188=LINE('',#19062,#4165);
#3189=LINE('',#19068,#4166);
#3190=LINE('',#19087,#4167);
#3191=LINE('',#19089,#4168);
#3192=LINE('',#19091,#4169);
#3193=LINE('',#19097,#4170);
#3194=LINE('',#19099,#4171);
#3195=LINE('',#19100,#4172);
#3196=LINE('',#19103,#4173);
#3197=LINE('',#19105,#4174);
#3198=LINE('',#19106,#4175);
#3199=LINE('',#19109,#4176);
#3200=LINE('',#19110,#4177);
#3201=LINE('',#19113,#4178);
#3202=LINE('',#19114,#4179);
#3203=LINE('',#19117,#4180);
#3204=LINE('',#19120,#4181);
#3205=LINE('',#19121,#4182);
#3206=LINE('',#19125,#4183);
#3207=LINE('',#19126,#4184);
#3208=LINE('',#19129,#4185);
#3209=LINE('',#19130,#4186);
#3210=LINE('',#19133,#4187);
#3211=LINE('',#19134,#4188);
#3212=LINE('',#19136,#4189);
#3213=LINE('',#19144,#4190);
#3214=LINE('',#19150,#4191);
#3215=LINE('',#19169,#4192);
#3216=LINE('',#19171,#4193);
#3217=LINE('',#19173,#4194);
#3218=LINE('',#19179,#4195);
#3219=LINE('',#19181,#4196);
#3220=LINE('',#19182,#4197);
#3221=LINE('',#19185,#4198);
#3222=LINE('',#19187,#4199);
#3223=LINE('',#19188,#4200);
#3224=LINE('',#19191,#4201);
#3225=LINE('',#19192,#4202);
#3226=LINE('',#19195,#4203);
#3227=LINE('',#19196,#4204);
#3228=LINE('',#19199,#4205);
#3229=LINE('',#19202,#4206);
#3230=LINE('',#19203,#4207);
#3231=LINE('',#19207,#4208);
#3232=LINE('',#19208,#4209);
#3233=LINE('',#19211,#4210);
#3234=LINE('',#19212,#4211);
#3235=LINE('',#19215,#4212);
#3236=LINE('',#19216,#4213);
#3237=LINE('',#19218,#4214);
#3238=VECTOR('',#12476,4.49999999999999);
#3239=VECTOR('',#12483,4.49999999999999);
#3240=VECTOR('',#12490,4.49999999999999);
#3241=VECTOR('',#12497,4.49999999999999);
#3242=VECTOR('',#12504,4.49999999999999);
#3243=VECTOR('',#12511,4.49999999999999);
#3244=VECTOR('',#12518,4.49999999999999);
#3245=VECTOR('',#12525,4.49999999999999);
#3246=VECTOR('',#12532,10.);
#3247=VECTOR('',#12539,10.);
#3248=VECTOR('',#12546,10.);
#3249=VECTOR('',#12553,10.);
#3250=VECTOR('',#12560,10.);
#3251=VECTOR('',#12565,10.);
#3252=VECTOR('',#12566,10.);
#3253=VECTOR('',#12567,10.);
#3254=VECTOR('',#12568,10.);
#3255=VECTOR('',#12571,10.);
#3256=VECTOR('',#12572,10.);
#3257=VECTOR('',#12573,10.);
#3258=VECTOR('',#12576,10.);
#3259=VECTOR('',#12577,10.);
#3260=VECTOR('',#12578,10.);
#3261=VECTOR('',#12581,10.);
#3262=VECTOR('',#12584,10.);
#3263=VECTOR('',#12587,10.);
#3264=VECTOR('',#12588,10.);
#3265=VECTOR('',#12589,10.);
#3266=VECTOR('',#12590,10.);
#3267=VECTOR('',#12593,10.);
#3268=VECTOR('',#12594,10.);
#3269=VECTOR('',#12595,10.);
#3270=VECTOR('',#12598,10.);
#3271=VECTOR('',#12599,10.);
#3272=VECTOR('',#12600,10.);
#3273=VECTOR('',#12603,10.);
#3274=VECTOR('',#12606,10.);
#3275=VECTOR('',#12609,10.);
#3276=VECTOR('',#12610,10.);
#3277=VECTOR('',#12611,10.);
#3278=VECTOR('',#12612,10.);
#3279=VECTOR('',#12615,10.);
#3280=VECTOR('',#12616,10.);
#3281=VECTOR('',#12617,10.);
#3282=VECTOR('',#12620,10.);
#3283=VECTOR('',#12621,10.);
#3284=VECTOR('',#12622,10.);
#3285=VECTOR('',#12625,10.);
#3286=VECTOR('',#12628,10.);
#3287=VECTOR('',#12631,10.);
#3288=VECTOR('',#12632,10.);
#3289=VECTOR('',#12633,10.);
#3290=VECTOR('',#12634,10.);
#3291=VECTOR('',#12637,10.);
#3292=VECTOR('',#12638,10.);
#3293=VECTOR('',#12639,10.);
#3294=VECTOR('',#12642,10.);
#3295=VECTOR('',#12643,10.);
#3296=VECTOR('',#12644,10.);
#3297=VECTOR('',#12647,10.);
#3298=VECTOR('',#12650,10.);
#3299=VECTOR('',#12653,10.);
#3300=VECTOR('',#12654,10.);
#3301=VECTOR('',#12655,10.);
#3302=VECTOR('',#12656,10.);
#3303=VECTOR('',#12659,10.);
#3304=VECTOR('',#12660,10.);
#3305=VECTOR('',#12661,10.);
#3306=VECTOR('',#12664,10.);
#3307=VECTOR('',#12665,10.);
#3308=VECTOR('',#12666,10.);
#3309=VECTOR('',#12669,10.);
#3310=VECTOR('',#12672,10.);
#3311=VECTOR('',#12675,10.);
#3312=VECTOR('',#12676,10.);
#3313=VECTOR('',#12677,10.);
#3314=VECTOR('',#12678,10.);
#3315=VECTOR('',#12681,10.);
#3316=VECTOR('',#12682,10.);
#3317=VECTOR('',#12683,10.);
#3318=VECTOR('',#12686,10.);
#3319=VECTOR('',#12687,10.);
#3320=VECTOR('',#12688,10.);
#3321=VECTOR('',#12691,10.);
#3322=VECTOR('',#12692,10.);
#3323=VECTOR('',#12703,9.1);
#3324=VECTOR('',#12710,10.);
#3325=VECTOR('',#12723,9.1);
#3326=VECTOR('',#12730,10.);
#3327=VECTOR('',#12743,9.1);
#3328=VECTOR('',#12750,10.);
#3329=VECTOR('',#12763,9.1);
#3330=VECTOR('',#12770,10.);
#3331=VECTOR('',#12783,9.1);
#3332=VECTOR('',#12790,10.);
#3333=VECTOR('',#12813,17.);
#3334=VECTOR('',#12816,9.);
#3335=VECTOR('',#12827,8.);
#3336=VECTOR('',#12834,10.);
#3337=VECTOR('',#12837,10.);
#3338=VECTOR('',#12838,10.);
#3339=VECTOR('',#12841,10.);
#3340=VECTOR('',#12844,10.);
#3341=VECTOR('',#12845,10.);
#3342=VECTOR('',#12848,10.);
#3343=VECTOR('',#12849,10.);
#3344=VECTOR('',#12856,10.);
#3345=VECTOR('',#12857,10.);
#3346=VECTOR('',#12860,10.);
#3347=VECTOR('',#12863,10.);
#3348=VECTOR('',#12866,10.);
#3349=VECTOR('',#12869,10.);
#3350=VECTOR('',#12874,10.);
#3351=VECTOR('',#12875,10.);
#3352=VECTOR('',#12878,10.);
#3353=VECTOR('',#12879,10.);
#3354=VECTOR('',#12886,10.);
#3355=VECTOR('',#12889,10.);
#3356=VECTOR('',#12890,10.);
#3357=VECTOR('',#12893,10.);
#3358=VECTOR('',#12898,10.);
#3359=VECTOR('',#12899,10.);
#3360=VECTOR('',#12902,10.);
#3361=VECTOR('',#12905,10.);
#3362=VECTOR('',#12908,10.);
#3363=VECTOR('',#12911,10.);
#3364=VECTOR('',#12916,7.);
#3365=VECTOR('',#12921,10.);
#3366=VECTOR('',#12922,10.);
#3367=VECTOR('',#12925,10.);
#3368=VECTOR('',#12926,10.);
#3369=VECTOR('',#12933,10.);
#3370=VECTOR('',#12934,10.);
#3371=VECTOR('',#12937,10.);
#3372=VECTOR('',#12938,10.);
#3373=VECTOR('',#12943,10.);
#3374=VECTOR('',#12944,10.);
#3375=VECTOR('',#12947,10.);
#3376=VECTOR('',#12950,10.);
#3377=VECTOR('',#12953,10.);
#3378=VECTOR('',#12956,10.);
#3379=VECTOR('',#12963,10.);
#3380=VECTOR('',#12964,10.);
#3381=VECTOR('',#12967,10.);
#3382=VECTOR('',#12968,10.);
#3383=VECTOR('',#12975,10.);
#3384=VECTOR('',#12976,10.);
#3385=VECTOR('',#12979,10.);
#3386=VECTOR('',#12980,10.);
#3387=VECTOR('',#12985,10.);
#3388=VECTOR('',#12986,10.);
#3389=VECTOR('',#12989,10.);
#3390=VECTOR('',#12992,10.);
#3391=VECTOR('',#12995,10.);
#3392=VECTOR('',#12998,10.);
#3393=VECTOR('',#13005,10.);
#3394=VECTOR('',#13006,10.);
#3395=VECTOR('',#13009,10.);
#3396=VECTOR('',#13010,10.);
#3397=VECTOR('',#13017,10.);
#3398=VECTOR('',#13018,10.);
#3399=VECTOR('',#13021,10.);
#3400=VECTOR('',#13022,10.);
#3401=VECTOR('',#13027,10.);
#3402=VECTOR('',#13028,10.);
#3403=VECTOR('',#13031,10.);
#3404=VECTOR('',#13034,10.);
#3405=VECTOR('',#13037,10.);
#3406=VECTOR('',#13040,10.);
#3407=VECTOR('',#13047,10.);
#3408=VECTOR('',#13048,10.);
#3409=VECTOR('',#13051,10.);
#3410=VECTOR('',#13052,10.);
#3411=VECTOR('',#13059,10.);
#3412=VECTOR('',#13060,10.);
#3413=VECTOR('',#13063,10.);
#3414=VECTOR('',#13064,10.);
#3415=VECTOR('',#13069,10.);
#3416=VECTOR('',#13070,10.);
#3417=VECTOR('',#13073,10.);
#3418=VECTOR('',#13076,10.);
#3419=VECTOR('',#13079,10.);
#3420=VECTOR('',#13082,10.);
#3421=VECTOR('',#13087,7.);
#3422=VECTOR('',#13090,10.);
#3423=VECTOR('',#13093,10.);
#3424=VECTOR('',#13094,10.);
#3425=VECTOR('',#13097,10.);
#3426=VECTOR('',#13102,10.);
#3427=VECTOR('',#13103,10.);
#3428=VECTOR('',#13106,10.);
#3429=VECTOR('',#13107,10.);
#3430=VECTOR('',#13114,10.);
#3431=VECTOR('',#13115,10.);
#3432=VECTOR('',#13118,10.);
#3433=VECTOR('',#13121,10.);
#3434=VECTOR('',#13124,10.);
#3435=VECTOR('',#13127,10.);
#3436=VECTOR('',#13132,10.);
#3437=VECTOR('',#13135,10.);
#3438=VECTOR('',#13136,10.);
#3439=VECTOR('',#13139,10.);
#3440=VECTOR('',#13144,10.);
#3441=VECTOR('',#13145,10.);
#3442=VECTOR('',#13148,10.);
#3443=VECTOR('',#13149,10.);
#3444=VECTOR('',#13156,10.);
#3445=VECTOR('',#13157,10.);
#3446=VECTOR('',#13160,10.);
#3447=VECTOR('',#13163,10.);
#3448=VECTOR('',#13166,10.);
#3449=VECTOR('',#13169,10.);
#3450=VECTOR('',#13174,9.);
#3451=VECTOR('',#13181,7.);
#3452=VECTOR('',#13184,9.);
#3453=VECTOR('',#13187,9.);
#3454=VECTOR('',#13190,7.);
#3455=VECTOR('',#13193,9.);
#3456=VECTOR('',#13196,9.);
#3457=VECTOR('',#13203,7.);
#3458=VECTOR('',#13210,7.);
#3459=VECTOR('',#13217,7.);
#3460=VECTOR('',#13224,7.);
#3461=VECTOR('',#13231,7.);
#3462=VECTOR('',#13238,7.);
#3463=VECTOR('',#13245,7.);
#3464=VECTOR('',#13252,7.);
#3465=VECTOR('',#13263,39.);
#3466=VECTOR('',#13274,45.);
#3467=VECTOR('',#13281,39.);
#3468=VECTOR('',#13290,9.1);
#3469=VECTOR('',#13297,2.5);
#3470=VECTOR('',#13304,2.5);
#3471=VECTOR('',#13311,2.5);
#3472=VECTOR('',#13318,2.5);
#3473=VECTOR('',#13325,2.5);
#3474=VECTOR('',#13332,2.5);
#3475=VECTOR('',#13345,30.);
#3476=VECTOR('',#13350,27.);
#3477=VECTOR('',#13355,24.);
#3478=VECTOR('',#13360,27.);
#3479=VECTOR('',#13365,30.);
#3480=VECTOR('',#13370,27.);
#3481=VECTOR('',#13375,24.);
#3482=VECTOR('',#13380,27.);
#3483=VECTOR('',#13385,30.);
#3484=VECTOR('',#13392,8.1);
#3485=VECTOR('',#13397,10.);
#3486=VECTOR('',#13398,10.);
#3487=VECTOR('',#13399,10.);
#3488=VECTOR('',#13400,10.);
#3489=VECTOR('',#13401,10.);
#3490=VECTOR('',#13402,10.);
#3491=VECTOR('',#13407,10.);
#3492=VECTOR('',#13408,10.);
#3493=VECTOR('',#13409,10.);
#3494=VECTOR('',#13412,10.);
#3495=VECTOR('',#13413,10.);
#3496=VECTOR('',#13416,10.);
#3497=VECTOR('',#13417,10.);
#3498=VECTOR('',#13420,10.);
#3499=VECTOR('',#13421,10.);
#3500=VECTOR('',#13424,10.);
#3501=VECTOR('',#13425,10.);
#3502=VECTOR('',#13428,10.);
#3503=VECTOR('',#13433,4.3);
#3504=VECTOR('',#13440,10.);
#3505=VECTOR('',#13441,10.);
#3506=VECTOR('',#13442,10.);
#3507=VECTOR('',#13443,10.);
#3508=VECTOR('',#13444,10.);
#3509=VECTOR('',#13445,10.);
#3510=VECTOR('',#13450,10.);
#3511=VECTOR('',#13451,10.);
#3512=VECTOR('',#13452,10.);
#3513=VECTOR('',#13455,10.);
#3514=VECTOR('',#13456,10.);
#3515=VECTOR('',#13459,10.);
#3516=VECTOR('',#13460,10.);
#3517=VECTOR('',#13463,10.);
#3518=VECTOR('',#13464,10.);
#3519=VECTOR('',#13467,10.);
#3520=VECTOR('',#13468,10.);
#3521=VECTOR('',#13471,10.);
#3522=VECTOR('',#13476,4.3);
#3523=VECTOR('',#13483,10.);
#3524=VECTOR('',#13484,10.);
#3525=VECTOR('',#13485,10.);
#3526=VECTOR('',#13486,10.);
#3527=VECTOR('',#13487,10.);
#3528=VECTOR('',#13488,10.);
#3529=VECTOR('',#13493,10.);
#3530=VECTOR('',#13494,10.);
#3531=VECTOR('',#13495,10.);
#3532=VECTOR('',#13498,10.);
#3533=VECTOR('',#13499,10.);
#3534=VECTOR('',#13502,10.);
#3535=VECTOR('',#13503,10.);
#3536=VECTOR('',#13506,10.);
#3537=VECTOR('',#13507,10.);
#3538=VECTOR('',#13510,10.);
#3539=VECTOR('',#13511,10.);
#3540=VECTOR('',#13514,10.);
#3541=VECTOR('',#13519,4.3);
#3542=VECTOR('',#13526,10.);
#3543=VECTOR('',#13527,10.);
#3544=VECTOR('',#13528,10.);
#3545=VECTOR('',#13529,10.);
#3546=VECTOR('',#13530,10.);
#3547=VECTOR('',#13531,10.);
#3548=VECTOR('',#13536,10.);
#3549=VECTOR('',#13537,10.);
#3550=VECTOR('',#13538,10.);
#3551=VECTOR('',#13541,10.);
#3552=VECTOR('',#13542,10.);
#3553=VECTOR('',#13545,10.);
#3554=VECTOR('',#13546,10.);
#3555=VECTOR('',#13549,10.);
#3556=VECTOR('',#13550,10.);
#3557=VECTOR('',#13553,10.);
#3558=VECTOR('',#13554,10.);
#3559=VECTOR('',#13557,10.);
#3560=VECTOR('',#13562,4.3);
#3561=VECTOR('',#13569,10.);
#3562=VECTOR('',#13570,10.);
#3563=VECTOR('',#13571,10.);
#3564=VECTOR('',#13572,10.);
#3565=VECTOR('',#13573,10.);
#3566=VECTOR('',#13574,10.);
#3567=VECTOR('',#13579,10.);
#3568=VECTOR('',#13580,10.);
#3569=VECTOR('',#13581,10.);
#3570=VECTOR('',#13584,10.);
#3571=VECTOR('',#13585,10.);
#3572=VECTOR('',#13588,10.);
#3573=VECTOR('',#13589,10.);
#3574=VECTOR('',#13592,10.);
#3575=VECTOR('',#13593,10.);
#3576=VECTOR('',#13596,10.);
#3577=VECTOR('',#13597,10.);
#3578=VECTOR('',#13600,10.);
#3579=VECTOR('',#13605,4.3);
#3580=VECTOR('',#13612,10.);
#3581=VECTOR('',#13613,10.);
#3582=VECTOR('',#13614,10.);
#3583=VECTOR('',#13615,10.);
#3584=VECTOR('',#13616,10.);
#3585=VECTOR('',#13617,10.);
#3586=VECTOR('',#13622,10.);
#3587=VECTOR('',#13623,10.);
#3588=VECTOR('',#13624,10.);
#3589=VECTOR('',#13627,10.);
#3590=VECTOR('',#13628,10.);
#3591=VECTOR('',#13631,10.);
#3592=VECTOR('',#13632,10.);
#3593=VECTOR('',#13635,10.);
#3594=VECTOR('',#13636,10.);
#3595=VECTOR('',#13639,10.);
#3596=VECTOR('',#13640,10.);
#3597=VECTOR('',#13643,10.);
#3598=VECTOR('',#13648,4.3);
#3599=VECTOR('',#13655,10.);
#3600=VECTOR('',#13656,10.);
#3601=VECTOR('',#13657,10.);
#3602=VECTOR('',#13658,10.);
#3603=VECTOR('',#13659,10.);
#3604=VECTOR('',#13660,10.);
#3605=VECTOR('',#13665,10.);
#3606=VECTOR('',#13666,10.);
#3607=VECTOR('',#13667,10.);
#3608=VECTOR('',#13670,10.);
#3609=VECTOR('',#13671,10.);
#3610=VECTOR('',#13674,10.);
#3611=VECTOR('',#13675,10.);
#3612=VECTOR('',#13678,10.);
#3613=VECTOR('',#13679,10.);
#3614=VECTOR('',#13682,10.);
#3615=VECTOR('',#13683,10.);
#3616=VECTOR('',#13686,10.);
#3617=VECTOR('',#13691,4.3);
#3618=VECTOR('',#13698,10.);
#3619=VECTOR('',#13699,10.);
#3620=VECTOR('',#13700,10.);
#3621=VECTOR('',#13701,10.);
#3622=VECTOR('',#13702,10.);
#3623=VECTOR('',#13703,10.);
#3624=VECTOR('',#13708,10.);
#3625=VECTOR('',#13709,10.);
#3626=VECTOR('',#13710,10.);
#3627=VECTOR('',#13713,10.);
#3628=VECTOR('',#13714,10.);
#3629=VECTOR('',#13717,10.);
#3630=VECTOR('',#13718,10.);
#3631=VECTOR('',#13721,10.);
#3632=VECTOR('',#13722,10.);
#3633=VECTOR('',#13725,10.);
#3634=VECTOR('',#13726,10.);
#3635=VECTOR('',#13729,10.);
#3636=VECTOR('',#13734,4.3);
#3637=VECTOR('',#13745,10.);
#3638=VECTOR('',#13748,10.);
#3639=VECTOR('',#13751,10.);
#3640=VECTOR('',#13752,10.);
#3641=VECTOR('',#13753,10.);
#3642=VECTOR('',#13756,10.);
#3643=VECTOR('',#13759,10.);
#3644=VECTOR('',#13762,10.);
#3645=VECTOR('',#13781,10.);
#3646=VECTOR('',#13782,10.);
#3647=VECTOR('',#13783,10.);
#3648=VECTOR('',#13784,10.);
#3649=VECTOR('',#13791,10.);
#3650=VECTOR('',#13794,10.);
#3651=VECTOR('',#13797,10.);
#3652=VECTOR('',#13798,10.);
#3653=VECTOR('',#13803,10.);
#3654=VECTOR('',#13806,10.);
#3655=VECTOR('',#13813,4.49999999999999);
#3656=VECTOR('',#13820,4.49999999999999);
#3657=VECTOR('',#13827,4.49999999999999);
#3658=VECTOR('',#13834,4.49999999999999);
#3659=VECTOR('',#13841,4.49999999999999);
#3660=VECTOR('',#13848,10.);
#3661=VECTOR('',#13849,4.49999999999999);
#3662=VECTOR('',#13850,10.);
#3663=VECTOR('',#13857,10.);
#3664=VECTOR('',#13858,4.49999999999999);
#3665=VECTOR('',#13859,10.);
#3666=VECTOR('',#13862,10.);
#3667=VECTOR('',#13863,10.);
#3668=VECTOR('',#13870,10.);
#3669=VECTOR('',#13871,4.49999999999999);
#3670=VECTOR('',#13872,10.);
#3671=VECTOR('',#13875,10.);
#3672=VECTOR('',#13876,10.);
#3673=VECTOR('',#13883,10.);
#3674=VECTOR('',#13884,4.49999999999999);
#3675=VECTOR('',#13885,10.);
#3676=VECTOR('',#13888,10.);
#3677=VECTOR('',#13889,10.);
#3678=VECTOR('',#13896,10.);
#3679=VECTOR('',#13897,10.);
#3680=VECTOR('',#13900,4.49999999999999);
#3681=VECTOR('',#13905,10.);
#3682=VECTOR('',#13906,10.);
#3683=VECTOR('',#13907,10.);
#3684=VECTOR('',#13908,10.);
#3685=VECTOR('',#13909,10.);
#3686=VECTOR('',#13910,10.);
#3687=VECTOR('',#13911,10.);
#3688=VECTOR('',#13912,10.);
#3689=VECTOR('',#13913,10.);
#3690=VECTOR('',#13914,10.);
#3691=VECTOR('',#13915,10.);
#3692=VECTOR('',#13918,10.);
#3693=VECTOR('',#13919,10.);
#3694=VECTOR('',#13922,10.);
#3695=VECTOR('',#13923,10.);
#3696=VECTOR('',#13926,10.);
#3697=VECTOR('',#13927,10.);
#3698=VECTOR('',#13928,10.);
#3699=VECTOR('',#13929,10.);
#3700=VECTOR('',#13930,10.);
#3701=VECTOR('',#13931,10.);
#3702=VECTOR('',#13934,10.);
#3703=VECTOR('',#13935,10.);
#3704=VECTOR('',#13936,10.);
#3705=VECTOR('',#13937,10.);
#3706=VECTOR('',#13940,10.);
#3707=VECTOR('',#13941,10.);
#3708=VECTOR('',#13942,10.);
#3709=VECTOR('',#13943,10.);
#3710=VECTOR('',#13946,10.);
#3711=VECTOR('',#13947,10.);
#3712=VECTOR('',#13950,10.);
#3713=VECTOR('',#13955,10.);
#3714=VECTOR('',#13956,10.);
#3715=VECTOR('',#13957,10.);
#3716=VECTOR('',#13958,10.);
#3717=VECTOR('',#13959,10.);
#3718=VECTOR('',#13962,10.);
#3719=VECTOR('',#13963,10.);
#3720=VECTOR('',#13964,10.);
#3721=VECTOR('',#13965,10.);
#3722=VECTOR('',#13966,10.);
#3723=VECTOR('',#13969,10.);
#3724=VECTOR('',#13970,10.);
#3725=VECTOR('',#13971,10.);
#3726=VECTOR('',#13972,10.);
#3727=VECTOR('',#13973,10.);
#3728=VECTOR('',#13976,10.);
#3729=VECTOR('',#13977,10.);
#3730=VECTOR('',#13978,10.);
#3731=VECTOR('',#13979,10.);
#3732=VECTOR('',#13980,10.);
#3733=VECTOR('',#13983,10.);
#3734=VECTOR('',#13984,10.);
#3735=VECTOR('',#13985,10.);
#3736=VECTOR('',#13988,10.);
#3737=VECTOR('',#13989,10.);
#3738=VECTOR('',#13990,10.);
#3739=VECTOR('',#13991,10.);
#3740=VECTOR('',#13994,10.);
#3741=VECTOR('',#13995,10.);
#3742=VECTOR('',#13996,10.);
#3743=VECTOR('',#13999,10.);
#3744=VECTOR('',#14000,10.);
#3745=VECTOR('',#14001,10.);
#3746=VECTOR('',#14002,10.);
#3747=VECTOR('',#14005,10.);
#3748=VECTOR('',#14006,10.);
#3749=VECTOR('',#14013,10.);
#3750=VECTOR('',#14014,10.);
#3751=VECTOR('',#14015,10.);
#3752=VECTOR('',#14018,10.);
#3753=VECTOR('',#14019,10.);
#3754=VECTOR('',#14020,10.);
#3755=VECTOR('',#14021,10.);
#3756=VECTOR('',#14024,10.);
#3757=VECTOR('',#14025,10.);
#3758=VECTOR('',#14026,10.);
#3759=VECTOR('',#14029,10.);
#3760=VECTOR('',#14030,10.);
#3761=VECTOR('',#14031,10.);
#3762=VECTOR('',#14032,10.);
#3763=VECTOR('',#14035,10.);
#3764=VECTOR('',#14036,10.);
#3765=VECTOR('',#14043,10.);
#3766=VECTOR('',#14044,10.);
#3767=VECTOR('',#14045,10.);
#3768=VECTOR('',#14048,10.);
#3769=VECTOR('',#14049,10.);
#3770=VECTOR('',#14050,10.);
#3771=VECTOR('',#14051,10.);
#3772=VECTOR('',#14054,10.);
#3773=VECTOR('',#14055,10.);
#3774=VECTOR('',#14056,10.);
#3775=VECTOR('',#14059,10.);
#3776=VECTOR('',#14060,10.);
#3777=VECTOR('',#14061,10.);
#3778=VECTOR('',#14062,10.);
#3779=VECTOR('',#14065,10.);
#3780=VECTOR('',#14066,10.);
#3781=VECTOR('',#14073,10.);
#3782=VECTOR('',#14074,10.);
#3783=VECTOR('',#14075,10.);
#3784=VECTOR('',#14078,10.);
#3785=VECTOR('',#14079,10.);
#3786=VECTOR('',#14080,10.);
#3787=VECTOR('',#14081,10.);
#3788=VECTOR('',#14084,10.);
#3789=VECTOR('',#14085,10.);
#3790=VECTOR('',#14086,10.);
#3791=VECTOR('',#14089,10.);
#3792=VECTOR('',#14090,10.);
#3793=VECTOR('',#14091,10.);
#3794=VECTOR('',#14092,10.);
#3795=VECTOR('',#14095,10.);
#3796=VECTOR('',#14096,10.);
#3797=VECTOR('',#14103,10.);
#3798=VECTOR('',#14104,10.);
#3799=VECTOR('',#14105,10.);
#3800=VECTOR('',#14106,10.);
#3801=VECTOR('',#14107,10.);
#3802=VECTOR('',#14108,10.);
#3803=VECTOR('',#14109,10.);
#3804=VECTOR('',#14110,10.);
#3805=VECTOR('',#14113,10.);
#3806=VECTOR('',#14114,10.);
#3807=VECTOR('',#14115,10.);
#3808=VECTOR('',#14118,10.);
#3809=VECTOR('',#14119,10.);
#3810=VECTOR('',#14120,10.);
#3811=VECTOR('',#14123,10.);
#3812=VECTOR('',#14124,10.);
#3813=VECTOR('',#14129,10.);
#3814=VECTOR('',#14132,10.);
#3815=VECTOR('',#14141,10.);
#3816=VECTOR('',#14144,10.);
#3817=VECTOR('',#14147,10.);
#3818=VECTOR('',#14148,10.);
#3819=VECTOR('',#14149,10.);
#3820=VECTOR('',#14152,10.);
#3821=VECTOR('',#14153,10.);
#3822=VECTOR('',#14154,10.);
#3823=VECTOR('',#14171,24.);
#3824=VECTOR('',#14176,20.);
#3825=VECTOR('',#14181,22.);
#3826=VECTOR('',#14194,10.);
#3827=VECTOR('',#14197,10.);
#3828=VECTOR('',#14200,10.);
#3829=VECTOR('',#14201,10.);
#3830=VECTOR('',#14202,10.);
#3831=VECTOR('',#14205,10.);
#3832=VECTOR('',#14206,10.);
#3833=VECTOR('',#14207,10.);
#3834=VECTOR('',#14224,24.);
#3835=VECTOR('',#14229,20.);
#3836=VECTOR('',#14234,22.);
#3837=VECTOR('',#14247,10.);
#3838=VECTOR('',#14250,10.);
#3839=VECTOR('',#14253,10.);
#3840=VECTOR('',#14254,10.);
#3841=VECTOR('',#14255,10.);
#3842=VECTOR('',#14258,10.);
#3843=VECTOR('',#14259,10.);
#3844=VECTOR('',#14260,10.);
#3845=VECTOR('',#14277,24.);
#3846=VECTOR('',#14282,20.);
#3847=VECTOR('',#14287,22.);
#3848=VECTOR('',#14300,10.);
#3849=VECTOR('',#14303,10.);
#3850=VECTOR('',#14306,10.);
#3851=VECTOR('',#14307,10.);
#3852=VECTOR('',#14308,10.);
#3853=VECTOR('',#14311,10.);
#3854=VECTOR('',#14312,10.);
#3855=VECTOR('',#14313,10.);
#3856=VECTOR('',#14330,24.);
#3857=VECTOR('',#14335,20.);
#3858=VECTOR('',#14340,22.);
#3859=VECTOR('',#14353,14.25);
#3860=VECTOR('',#14358,15.);
#3861=VECTOR('',#14367,5.1);
#3862=VECTOR('',#14368,10.);
#3863=VECTOR('',#14369,10.);
#3864=VECTOR('',#14370,10.);
#3865=VECTOR('',#14371,10.);
#3866=VECTOR('',#14374,10.);
#3867=VECTOR('',#14375,10.);
#3868=VECTOR('',#14376,5.1);
#3869=VECTOR('',#14379,10.);
#3870=VECTOR('',#14380,10.);
#3871=VECTOR('',#14385,10.);
#3872=VECTOR('',#14388,10.);
#3873=VECTOR('',#14395,10.);
#3874=VECTOR('',#14400,10.);
#3875=VECTOR('',#14405,10.);
#3876=VECTOR('',#14410,10.);
#3877=VECTOR('',#14413,10.);
#3878=VECTOR('',#14420,10.);
#3879=VECTOR('',#14425,10.);
#3880=VECTOR('',#14430,10.);
#3881=VECTOR('',#14433,10.);
#3882=VECTOR('',#14434,10.);
#3883=VECTOR('',#14435,10.);
#3884=VECTOR('',#14436,10.);
#3885=VECTOR('',#14437,10.);
#3886=VECTOR('',#14438,10.);
#3887=VECTOR('',#14439,10.);
#3888=VECTOR('',#14440,10.);
#3889=VECTOR('',#14441,10.);
#3890=VECTOR('',#14442,10.);
#3891=VECTOR('',#14443,10.);
#3892=VECTOR('',#14444,10.);
#3893=VECTOR('',#14445,10.);
#3894=VECTOR('',#14446,10.);
#3895=VECTOR('',#14447,10.);
#3896=VECTOR('',#14448,10.);
#3897=VECTOR('',#14449,10.);
#3898=VECTOR('',#14450,10.);
#3899=VECTOR('',#14451,10.);
#3900=VECTOR('',#14456,10.);
#3901=VECTOR('',#14461,10.);
#3902=VECTOR('',#14462,10.);
#3903=VECTOR('',#14463,10.);
#3904=VECTOR('',#14464,10.);
#3905=VECTOR('',#14465,10.);
#3906=VECTOR('',#14466,10.);
#3907=VECTOR('',#14467,10.);
#3908=VECTOR('',#14468,10.);
#3909=VECTOR('',#14469,10.);
#3910=VECTOR('',#14470,10.);
#3911=VECTOR('',#14471,10.);
#3912=VECTOR('',#14472,10.);
#3913=VECTOR('',#14473,10.);
#3914=VECTOR('',#14474,10.);
#3915=VECTOR('',#14475,10.);
#3916=VECTOR('',#14476,10.);
#3917=VECTOR('',#14477,10.);
#3918=VECTOR('',#14478,10.);
#3919=VECTOR('',#14483,17.7);
#3920=VECTOR('',#14568,19.7);
#3921=VECTOR('',#14579,14.25);
#3922=VECTOR('',#14584,15.);
#3923=VECTOR('',#14593,5.1);
#3924=VECTOR('',#14594,10.);
#3925=VECTOR('',#14595,10.);
#3926=VECTOR('',#14596,10.);
#3927=VECTOR('',#14597,10.);
#3928=VECTOR('',#14600,10.);
#3929=VECTOR('',#14601,10.);
#3930=VECTOR('',#14602,5.1);
#3931=VECTOR('',#14605,10.);
#3932=VECTOR('',#14606,10.);
#3933=VECTOR('',#14611,10.);
#3934=VECTOR('',#14614,10.);
#3935=VECTOR('',#14621,10.);
#3936=VECTOR('',#14626,10.);
#3937=VECTOR('',#14631,10.);
#3938=VECTOR('',#14636,10.);
#3939=VECTOR('',#14639,10.);
#3940=VECTOR('',#14646,10.);
#3941=VECTOR('',#14651,10.);
#3942=VECTOR('',#14656,10.);
#3943=VECTOR('',#14659,10.);
#3944=VECTOR('',#14660,10.);
#3945=VECTOR('',#14661,10.);
#3946=VECTOR('',#14662,10.);
#3947=VECTOR('',#14663,10.);
#3948=VECTOR('',#14664,10.);
#3949=VECTOR('',#14665,10.);
#3950=VECTOR('',#14666,10.);
#3951=VECTOR('',#14667,10.);
#3952=VECTOR('',#14668,10.);
#3953=VECTOR('',#14669,10.);
#3954=VECTOR('',#14670,10.);
#3955=VECTOR('',#14671,10.);
#3956=VECTOR('',#14672,10.);
#3957=VECTOR('',#14673,10.);
#3958=VECTOR('',#14674,10.);
#3959=VECTOR('',#14675,10.);
#3960=VECTOR('',#14676,10.);
#3961=VECTOR('',#14677,10.);
#3962=VECTOR('',#14682,10.);
#3963=VECTOR('',#14687,10.);
#3964=VECTOR('',#14688,10.);
#3965=VECTOR('',#14689,10.);
#3966=VECTOR('',#14690,10.);
#3967=VECTOR('',#14691,10.);
#3968=VECTOR('',#14692,10.);
#3969=VECTOR('',#14693,10.);
#3970=VECTOR('',#14694,10.);
#3971=VECTOR('',#14695,10.);
#3972=VECTOR('',#14696,10.);
#3973=VECTOR('',#14697,10.);
#3974=VECTOR('',#14698,10.);
#3975=VECTOR('',#14699,10.);
#3976=VECTOR('',#14700,10.);
#3977=VECTOR('',#14701,10.);
#3978=VECTOR('',#14702,10.);
#3979=VECTOR('',#14703,10.);
#3980=VECTOR('',#14704,10.);
#3981=VECTOR('',#14709,17.7);
#3982=VECTOR('',#14794,19.7);
#3983=VECTOR('',#14805,14.25);
#3984=VECTOR('',#14810,15.);
#3985=VECTOR('',#14819,5.1);
#3986=VECTOR('',#14820,10.);
#3987=VECTOR('',#14821,10.);
#3988=VECTOR('',#14822,10.);
#3989=VECTOR('',#14823,10.);
#3990=VECTOR('',#14826,10.);
#3991=VECTOR('',#14827,10.);
#3992=VECTOR('',#14828,5.1);
#3993=VECTOR('',#14831,10.);
#3994=VECTOR('',#14832,10.);
#3995=VECTOR('',#14837,10.);
#3996=VECTOR('',#14840,10.);
#3997=VECTOR('',#14847,10.);
#3998=VECTOR('',#14852,10.);
#3999=VECTOR('',#14857,10.);
#4000=VECTOR('',#14862,10.);
#4001=VECTOR('',#14865,10.);
#4002=VECTOR('',#14872,10.);
#4003=VECTOR('',#14877,10.);
#4004=VECTOR('',#14882,10.);
#4005=VECTOR('',#14885,10.);
#4006=VECTOR('',#14886,10.);
#4007=VECTOR('',#14887,10.);
#4008=VECTOR('',#14888,10.);
#4009=VECTOR('',#14889,10.);
#4010=VECTOR('',#14890,10.);
#4011=VECTOR('',#14891,10.);
#4012=VECTOR('',#14892,10.);
#4013=VECTOR('',#14893,10.);
#4014=VECTOR('',#14894,10.);
#4015=VECTOR('',#14895,10.);
#4016=VECTOR('',#14896,10.);
#4017=VECTOR('',#14897,10.);
#4018=VECTOR('',#14898,10.);
#4019=VECTOR('',#14899,10.);
#4020=VECTOR('',#14900,10.);
#4021=VECTOR('',#14901,10.);
#4022=VECTOR('',#14902,10.);
#4023=VECTOR('',#14903,10.);
#4024=VECTOR('',#14908,10.);
#4025=VECTOR('',#14913,10.);
#4026=VECTOR('',#14914,10.);
#4027=VECTOR('',#14915,10.);
#4028=VECTOR('',#14916,10.);
#4029=VECTOR('',#14917,10.);
#4030=VECTOR('',#14918,10.);
#4031=VECTOR('',#14919,10.);
#4032=VECTOR('',#14920,10.);
#4033=VECTOR('',#14921,10.);
#4034=VECTOR('',#14922,10.);
#4035=VECTOR('',#14923,10.);
#4036=VECTOR('',#14924,10.);
#4037=VECTOR('',#14925,10.);
#4038=VECTOR('',#14926,10.);
#4039=VECTOR('',#14927,10.);
#4040=VECTOR('',#14928,10.);
#4041=VECTOR('',#14929,10.);
#4042=VECTOR('',#14930,10.);
#4043=VECTOR('',#14935,17.7);
#4044=VECTOR('',#15020,19.7);
#4045=VECTOR('',#15031,14.25);
#4046=VECTOR('',#15036,15.);
#4047=VECTOR('',#15045,5.1);
#4048=VECTOR('',#15046,10.);
#4049=VECTOR('',#15047,10.);
#4050=VECTOR('',#15048,10.);
#4051=VECTOR('',#15049,10.);
#4052=VECTOR('',#15052,10.);
#4053=VECTOR('',#15053,10.);
#4054=VECTOR('',#15054,5.1);
#4055=VECTOR('',#15057,10.);
#4056=VECTOR('',#15058,10.);
#4057=VECTOR('',#15063,10.);
#4058=VECTOR('',#15066,10.);
#4059=VECTOR('',#15073,10.);
#4060=VECTOR('',#15078,10.);
#4061=VECTOR('',#15083,10.);
#4062=VECTOR('',#15088,10.);
#4063=VECTOR('',#15091,10.);
#4064=VECTOR('',#15098,10.);
#4065=VECTOR('',#15103,10.);
#4066=VECTOR('',#15108,10.);
#4067=VECTOR('',#15111,10.);
#4068=VECTOR('',#15112,10.);
#4069=VECTOR('',#15113,10.);
#4070=VECTOR('',#15114,10.);
#4071=VECTOR('',#15115,10.);
#4072=VECTOR('',#15116,10.);
#4073=VECTOR('',#15117,10.);
#4074=VECTOR('',#15118,10.);
#4075=VECTOR('',#15119,10.);
#4076=VECTOR('',#15120,10.);
#4077=VECTOR('',#15121,10.);
#4078=VECTOR('',#15122,10.);
#4079=VECTOR('',#15123,10.);
#4080=VECTOR('',#15124,10.);
#4081=VECTOR('',#15125,10.);
#4082=VECTOR('',#15126,10.);
#4083=VECTOR('',#15127,10.);
#4084=VECTOR('',#15128,10.);
#4085=VECTOR('',#15129,10.);
#4086=VECTOR('',#15134,10.);
#4087=VECTOR('',#15139,10.);
#4088=VECTOR('',#15140,10.);
#4089=VECTOR('',#15141,10.);
#4090=VECTOR('',#15142,10.);
#4091=VECTOR('',#15143,10.);
#4092=VECTOR('',#15144,10.);
#4093=VECTOR('',#15145,10.);
#4094=VECTOR('',#15146,10.);
#4095=VECTOR('',#15147,10.);
#4096=VECTOR('',#15148,10.);
#4097=VECTOR('',#15149,10.);
#4098=VECTOR('',#15150,10.);
#4099=VECTOR('',#15151,10.);
#4100=VECTOR('',#15152,10.);
#4101=VECTOR('',#15153,10.);
#4102=VECTOR('',#15154,10.);
#4103=VECTOR('',#15155,10.);
#4104=VECTOR('',#15156,10.);
#4105=VECTOR('',#15161,17.7);
#4106=VECTOR('',#15246,19.7);
#4107=VECTOR('',#15257,3.00000000000001);
#4108=VECTOR('',#15264,5.);
#4109=VECTOR('',#15277,3.);
#4110=VECTOR('',#15284,5.);
#4111=VECTOR('',#15297,3.);
#4112=VECTOR('',#15304,5.);
#4113=VECTOR('',#15317,3.00000000000001);
#4114=VECTOR('',#15324,5.);
#4115=VECTOR('',#15337,7.05);
#4116=VECTOR('',#15344,5.05000000000001);
#4117=VECTOR('',#15367,10.);
#4118=VECTOR('',#15368,10.);
#4119=VECTOR('',#15369,10.);
#4120=VECTOR('',#15374,10.);
#4121=VECTOR('',#15375,10.);
#4122=VECTOR('',#15376,10.);
#4123=VECTOR('',#15379,10.);
#4124=VECTOR('',#15380,10.);
#4125=VECTOR('',#15381,10.);
#4126=VECTOR('',#15384,10.);
#4127=VECTOR('',#15385,10.);
#4128=VECTOR('',#15388,10.);
#4129=VECTOR('',#15389,10.);
#4130=VECTOR('',#15392,13.);
#4131=VECTOR('',#15395,10.);
#4132=VECTOR('',#15396,13.);
#4133=VECTOR('',#15401,10.);
#4134=VECTOR('',#15402,10.);
#4135=VECTOR('',#15405,10.);
#4136=VECTOR('',#15406,10.);
#4137=VECTOR('',#15409,10.);
#4138=VECTOR('',#15410,10.);
#4139=VECTOR('',#15413,9.);
#4140=VECTOR('',#15424,7.05);
#4141=VECTOR('',#15431,5.05);
#4142=VECTOR('',#15454,10.);
#4143=VECTOR('',#15455,10.);
#4144=VECTOR('',#15456,10.);
#4145=VECTOR('',#15461,10.);
#4146=VECTOR('',#15462,10.);
#4147=VECTOR('',#15463,10.);
#4148=VECTOR('',#15466,10.);
#4149=VECTOR('',#15467,10.);
#4150=VECTOR('',#15468,10.);
#4151=VECTOR('',#15471,10.);
#4152=VECTOR('',#15472,10.);
#4153=VECTOR('',#15475,10.);
#4154=VECTOR('',#15476,10.);
#4155=VECTOR('',#15479,13.);
#4156=VECTOR('',#15482,10.);
#4157=VECTOR('',#15483,13.);
#4158=VECTOR('',#15488,10.);
#4159=VECTOR('',#15489,10.);
#4160=VECTOR('',#15492,10.);
#4161=VECTOR('',#15493,10.);
#4162=VECTOR('',#15496,10.);
#4163=VECTOR('',#15497,10.);
#4164=VECTOR('',#15500,9.);
#4165=VECTOR('',#15511,7.05);
#4166=VECTOR('',#15518,5.05);
#4167=VECTOR('',#15541,10.);
#4168=VECTOR('',#15542,10.);
#4169=VECTOR('',#15543,10.);
#4170=VECTOR('',#15548,10.);
#4171=VECTOR('',#15549,10.);
#4172=VECTOR('',#15550,10.);
#4173=VECTOR('',#15553,10.);
#4174=VECTOR('',#15554,10.);
#4175=VECTOR('',#15555,10.);
#4176=VECTOR('',#15558,10.);
#4177=VECTOR('',#15559,10.);
#4178=VECTOR('',#15562,10.);
#4179=VECTOR('',#15563,10.);
#4180=VECTOR('',#15566,13.);
#4181=VECTOR('',#15569,10.);
#4182=VECTOR('',#15570,13.);
#4183=VECTOR('',#15575,10.);
#4184=VECTOR('',#15576,10.);
#4185=VECTOR('',#15579,10.);
#4186=VECTOR('',#15580,10.);
#4187=VECTOR('',#15583,10.);
#4188=VECTOR('',#15584,10.);
#4189=VECTOR('',#15587,9.);
#4190=VECTOR('',#15598,7.05);
#4191=VECTOR('',#15605,5.05000000000001);
#4192=VECTOR('',#15628,10.);
#4193=VECTOR('',#15629,10.);
#4194=VECTOR('',#15630,10.);
#4195=VECTOR('',#15635,10.);
#4196=VECTOR('',#15636,10.);
#4197=VECTOR('',#15637,10.);
#4198=VECTOR('',#15640,10.);
#4199=VECTOR('',#15641,10.);
#4200=VECTOR('',#15642,10.);
#4201=VECTOR('',#15645,10.);
#4202=VECTOR('',#15646,10.);
#4203=VECTOR('',#15649,10.);
#4204=VECTOR('',#15650,10.);
#4205=VECTOR('',#15653,13.);
#4206=VECTOR('',#15656,10.);
#4207=VECTOR('',#15657,13.);
#4208=VECTOR('',#15662,10.);
#4209=VECTOR('',#15663,10.);
#4210=VECTOR('',#15666,10.);
#4211=VECTOR('',#15667,10.);
#4212=VECTOR('',#15670,10.);
#4213=VECTOR('',#15671,10.);
#4214=VECTOR('',#15674,9.);
#4215=CIRCLE('',#11327,4.49999999999999);
#4216=CIRCLE('',#11328,4.49999999999999);
#4217=CIRCLE('',#11330,4.49999999999999);
#4218=CIRCLE('',#11331,4.49999999999999);
#4219=CIRCLE('',#11333,4.49999999999999);
#4220=CIRCLE('',#11334,4.49999999999999);
#4221=CIRCLE('',#11336,4.49999999999999);
#4222=CIRCLE('',#11337,4.49999999999999);
#4223=CIRCLE('',#11339,4.49999999999999);
#4224=CIRCLE('',#11340,4.49999999999999);
#4225=CIRCLE('',#11342,4.49999999999999);
#4226=CIRCLE('',#11343,4.49999999999999);
#4227=CIRCLE('',#11345,4.49999999999999);
#4228=CIRCLE('',#11346,4.49999999999999);
#4229=CIRCLE('',#11348,4.49999999999999);
#4230=CIRCLE('',#11349,4.49999999999999);
#4231=CIRCLE('',#11351,10.);
#4232=CIRCLE('',#11352,10.);
#4233=CIRCLE('',#11354,10.);
#4234=CIRCLE('',#11355,10.);
#4235=CIRCLE('',#11357,10.);
#4236=CIRCLE('',#11358,10.);
#4237=CIRCLE('',#11360,10.);
#4238=CIRCLE('',#11361,10.);
#4239=CIRCLE('',#11363,10.);
#4240=CIRCLE('',#11364,10.);
#4241=CIRCLE('',#11398,9.1);
#4242=CIRCLE('',#11399,9.1);
#4243=CIRCLE('',#11401,10.);
#4244=CIRCLE('',#11402,10.);
#4245=CIRCLE('',#11407,9.1);
#4246=CIRCLE('',#11408,9.1);
#4247=CIRCLE('',#11410,10.);
#4248=CIRCLE('',#11411,10.);
#4249=CIRCLE('',#11416,9.1);
#4250=CIRCLE('',#11417,9.1);
#4251=CIRCLE('',#11419,10.);
#4252=CIRCLE('',#11420,10.);
#4253=CIRCLE('',#11425,9.1);
#4254=CIRCLE('',#11426,9.1);
#4255=CIRCLE('',#11428,10.);
#4256=CIRCLE('',#11429,10.);
#4257=CIRCLE('',#11434,9.1);
#4258=CIRCLE('',#11435,9.1);
#4259=CIRCLE('',#11437,10.);
#4260=CIRCLE('',#11438,10.);
#4261=CIRCLE('',#11443,17.);
#4262=CIRCLE('',#11444,9.);
#4263=CIRCLE('',#11446,17.);
#4264=CIRCLE('',#11447,9.);
#4265=CIRCLE('',#11450,9.);
#4266=CIRCLE('',#11452,9.);
#4267=CIRCLE('',#11454,8.);
#4268=CIRCLE('',#11455,8.);
#4269=CIRCLE('',#11458,26.);
#4270=CIRCLE('',#11459,11.5);
#4271=CIRCLE('',#11461,11.5);
#4272=CIRCLE('',#11462,26.);
#4273=CIRCLE('',#11463,7.);
#4274=CIRCLE('',#11471,11.5);
#4275=CIRCLE('',#11472,26.);
#4276=CIRCLE('',#11473,9.);
#4277=CIRCLE('',#11475,26.);
#4278=CIRCLE('',#11476,11.5);
#4279=CIRCLE('',#11477,7.);
#4280=CIRCLE('',#11486,11.5);
#4281=CIRCLE('',#11487,26.);
#4282=CIRCLE('',#11488,9.);
#4283=CIRCLE('',#11490,11.5);
#4284=CIRCLE('',#11491,26.);
#4285=CIRCLE('',#11492,7.);
#4286=CIRCLE('',#11500,11.5);
#4287=CIRCLE('',#11501,26.);
#4288=CIRCLE('',#11502,7.);
#4289=CIRCLE('',#11504,11.5);
#4290=CIRCLE('',#11505,26.);
#4291=CIRCLE('',#11506,9.);
#4292=CIRCLE('',#11514,11.5);
#4293=CIRCLE('',#11515,26.);
#4294=CIRCLE('',#11516,9.);
#4295=CIRCLE('',#11518,11.5);
#4296=CIRCLE('',#11519,26.);
#4297=CIRCLE('',#11520,7.);
#4298=CIRCLE('',#11528,11.5);
#4299=CIRCLE('',#11529,26.);
#4300=CIRCLE('',#11530,9.);
#4301=CIRCLE('',#11532,11.5);
#4302=CIRCLE('',#11533,26.);
#4303=CIRCLE('',#11534,7.);
#4304=CIRCLE('',#11543,26.);
#4305=CIRCLE('',#11544,11.5);
#4306=CIRCLE('',#11545,9.);
#4307=CIRCLE('',#11547,11.5);
#4308=CIRCLE('',#11548,26.);
#4309=CIRCLE('',#11549,7.);
#4310=CIRCLE('',#11557,26.);
#4311=CIRCLE('',#11558,11.5);
#4312=CIRCLE('',#11559,7.);
#4313=CIRCLE('',#11561,11.5);
#4314=CIRCLE('',#11562,26.);
#4315=CIRCLE('',#11563,9.);
#4316=CIRCLE('',#11571,9.);
#4317=CIRCLE('',#11581,7.);
#4318=CIRCLE('',#11582,7.);
#4319=CIRCLE('',#11584,7.);
#4320=CIRCLE('',#11585,7.);
#4321=CIRCLE('',#11587,7.);
#4322=CIRCLE('',#11588,7.);
#4323=CIRCLE('',#11590,7.);
#4324=CIRCLE('',#11591,7.);
#4325=CIRCLE('',#11593,7.);
#4326=CIRCLE('',#11594,7.);
#4327=CIRCLE('',#11596,7.);
#4328=CIRCLE('',#11597,7.);
#4329=CIRCLE('',#11599,7.);
#4330=CIRCLE('',#11600,7.);
#4331=CIRCLE('',#11602,7.);
#4332=CIRCLE('',#11603,7.);
#4333=CIRCLE('',#11605,39.);
#4334=CIRCLE('',#11606,9.1);
#4335=CIRCLE('',#11608,39.);
#4336=CIRCLE('',#11610,45.);
#4337=CIRCLE('',#11612,45.);
#4338=CIRCLE('',#11614,39.);
#4339=CIRCLE('',#11616,39.);
#4340=CIRCLE('',#11618,9.1);
#4341=CIRCLE('',#11622,2.5);
#4342=CIRCLE('',#11623,2.5);
#4343=CIRCLE('',#11625,2.5);
#4344=CIRCLE('',#11626,2.5);
#4345=CIRCLE('',#11628,2.5);
#4346=CIRCLE('',#11629,2.5);
#4347=CIRCLE('',#11631,2.5);
#4348=CIRCLE('',#11632,2.5);
#4349=CIRCLE('',#11634,2.5);
#4350=CIRCLE('',#11635,2.5);
#4351=CIRCLE('',#11637,2.5);
#4352=CIRCLE('',#11638,2.5);
#4353=CIRCLE('',#11640,30.);
#4354=CIRCLE('',#11641,8.1);
#4355=CIRCLE('',#11643,30.);
#4356=CIRCLE('',#11645,24.);
#4357=CIRCLE('',#11647,24.);
#4358=CIRCLE('',#11649,30.);
#4359=CIRCLE('',#11651,30.);
#4360=CIRCLE('',#11653,24.);
#4361=CIRCLE('',#11655,24.);
#4362=CIRCLE('',#11657,30.);
#4363=CIRCLE('',#11659,30.);
#4364=CIRCLE('',#11661,8.1);
#4365=CIRCLE('',#11665,4.3);
#4366=CIRCLE('',#11674,4.3);
#4367=CIRCLE('',#11677,4.3);
#4368=CIRCLE('',#11686,4.3);
#4369=CIRCLE('',#11689,4.3);
#4370=CIRCLE('',#11698,4.3);
#4371=CIRCLE('',#11701,4.3);
#4372=CIRCLE('',#11710,4.3);
#4373=CIRCLE('',#11713,4.3);
#4374=CIRCLE('',#11722,4.3);
#4375=CIRCLE('',#11725,4.3);
#4376=CIRCLE('',#11734,4.3);
#4377=CIRCLE('',#11737,4.3);
#4378=CIRCLE('',#11746,4.3);
#4379=CIRCLE('',#11749,4.3);
#4380=CIRCLE('',#11758,4.3);
#4381=CIRCLE('',#11762,8.);
#4382=CIRCLE('',#11763,8.);
#4383=CIRCLE('',#11766,8.);
#4384=CIRCLE('',#11767,8.);
#4385=CIRCLE('',#11768,8.);
#4386=CIRCLE('',#11769,4.49999999999999);
#4387=CIRCLE('',#11770,4.49999999999999);
#4388=CIRCLE('',#11771,4.49999999999999);
#4389=CIRCLE('',#11772,4.49999999999999);
#4390=CIRCLE('',#11773,4.49999999999999);
#4391=CIRCLE('',#11774,4.49999999999999);
#4392=CIRCLE('',#11775,4.49999999999999);
#4393=CIRCLE('',#11776,4.49999999999999);
#4394=CIRCLE('',#11777,4.49999999999999);
#4395=CIRCLE('',#11778,4.49999999999999);
#4396=CIRCLE('',#11780,8.);
#4397=CIRCLE('',#11783,8.);
#4398=CIRCLE('',#11785,8.);
#4399=CIRCLE('',#11787,4.49999999999999);
#4400=CIRCLE('',#11790,4.49999999999999);
#4401=CIRCLE('',#11793,4.49999999999999);
#4402=CIRCLE('',#11796,4.49999999999999);
#4403=CIRCLE('',#11799,4.49999999999999);
#4404=CIRCLE('',#11802,4.49999999999999);
#4405=CIRCLE('',#11805,4.49999999999999);
#4406=CIRCLE('',#11806,4.49999999999999);
#4407=CIRCLE('',#11809,4.49999999999999);
#4408=CIRCLE('',#11810,4.49999999999999);
#4409=CIRCLE('',#11813,4.49999999999999);
#4410=CIRCLE('',#11814,4.49999999999999);
#4411=CIRCLE('',#11817,4.49999999999999);
#4412=CIRCLE('',#11818,4.49999999999999);
#4413=CIRCLE('',#11823,22.);
#4414=CIRCLE('',#11824,22.);
#4415=CIRCLE('',#11825,22.);
#4416=CIRCLE('',#11826,22.);
#4417=CIRCLE('',#11839,22.);
#4418=CIRCLE('',#11846,22.);
#4419=CIRCLE('',#11853,22.);
#4420=CIRCLE('',#11860,22.);
#4421=CIRCLE('',#11871,20.);
#4422=CIRCLE('',#11872,22.);
#4423=CIRCLE('',#11876,20.);
#4424=CIRCLE('',#11877,22.);
#4425=CIRCLE('',#11879,24.);
#4426=CIRCLE('',#11880,22.);
#4427=CIRCLE('',#11882,24.);
#4428=CIRCLE('',#11884,20.);
#4429=CIRCLE('',#11885,20.);
#4430=CIRCLE('',#11887,22.);
#4431=CIRCLE('',#11892,20.);
#4432=CIRCLE('',#11893,22.);
#4433=CIRCLE('',#11897,20.);
#4434=CIRCLE('',#11898,22.);
#4435=CIRCLE('',#11900,24.);
#4436=CIRCLE('',#11901,22.);
#4437=CIRCLE('',#11903,24.);
#4438=CIRCLE('',#11905,20.);
#4439=CIRCLE('',#11906,20.);
#4440=CIRCLE('',#11908,22.);
#4441=CIRCLE('',#11913,20.);
#4442=CIRCLE('',#11914,22.);
#4443=CIRCLE('',#11918,20.);
#4444=CIRCLE('',#11919,22.);
#4445=CIRCLE('',#11921,24.);
#4446=CIRCLE('',#11922,22.);
#4447=CIRCLE('',#11924,24.);
#4448=CIRCLE('',#11926,20.);
#4449=CIRCLE('',#11927,20.);
#4450=CIRCLE('',#11929,22.);
#4451=CIRCLE('',#11934,20.);
#4452=CIRCLE('',#11935,22.);
#4453=CIRCLE('',#11939,20.);
#4454=CIRCLE('',#11940,22.);
#4455=CIRCLE('',#11942,24.);
#4456=CIRCLE('',#11943,22.);
#4457=CIRCLE('',#11945,24.);
#4458=CIRCLE('',#11947,20.);
#4459=CIRCLE('',#11948,20.);
#4460=CIRCLE('',#11950,22.);
#4461=CIRCLE('',#11955,13.5);
#4462=CIRCLE('',#11956,15.);
#4463=CIRCLE('',#11958,15.);
#4464=CIRCLE('',#11961,5.1);
#4465=CIRCLE('',#11963,5.1);
#4466=CIRCLE('',#11965,19.7);
#4467=CIRCLE('',#11966,19.7);
#4468=CIRCLE('',#11967,19.7);
#4469=CIRCLE('',#11969,17.7);
#4470=CIRCLE('',#11971,17.7);
#4471=CIRCLE('',#11973,19.7);
#4472=CIRCLE('',#11975,19.7);
#4473=CIRCLE('',#11976,19.7);
#4474=CIRCLE('',#11977,19.7);
#4475=CIRCLE('',#11979,17.7);
#4476=CIRCLE('',#11981,17.7);
#4477=CIRCLE('',#11983,19.7);
#4478=CIRCLE('',#11986,17.7);
#4479=CIRCLE('',#11987,17.7);
#4480=CIRCLE('',#11990,17.7);
#4481=CIRCLE('',#11991,17.7);
#4482=CIRCLE('',#11992,17.7);
#4483=CIRCLE('',#11993,17.7);
#4484=CIRCLE('',#11995,19.7);
#4485=CIRCLE('',#11997,19.7);
#4486=CIRCLE('',#11999,19.7);
#4487=CIRCLE('',#12001,19.7);
#4488=CIRCLE('',#12003,17.7);
#4489=CIRCLE('',#12005,17.7);
#4490=CIRCLE('',#12007,17.7);
#4491=CIRCLE('',#12009,17.7);
#4492=CIRCLE('',#12012,19.7);
#4493=CIRCLE('',#12014,19.7);
#4494=CIRCLE('',#12016,19.7);
#4495=CIRCLE('',#12018,19.7);
#4496=CIRCLE('',#12020,17.7);
#4497=CIRCLE('',#12022,17.7);
#4498=CIRCLE('',#12024,17.7);
#4499=CIRCLE('',#12027,17.7);
#4500=CIRCLE('',#12029,19.7);
#4501=CIRCLE('',#12032,19.7);
#4502=CIRCLE('',#12037,13.5);
#4503=CIRCLE('',#12038,15.);
#4504=CIRCLE('',#12040,15.);
#4505=CIRCLE('',#12043,5.1);
#4506=CIRCLE('',#12045,5.1);
#4507=CIRCLE('',#12047,19.7);
#4508=CIRCLE('',#12048,19.7);
#4509=CIRCLE('',#12049,19.7);
#4510=CIRCLE('',#12051,17.7);
#4511=CIRCLE('',#12053,17.7);
#4512=CIRCLE('',#12055,19.7);
#4513=CIRCLE('',#12057,19.7);
#4514=CIRCLE('',#12058,19.7);
#4515=CIRCLE('',#12059,19.7);
#4516=CIRCLE('',#12061,17.7);
#4517=CIRCLE('',#12063,17.7);
#4518=CIRCLE('',#12065,19.7);
#4519=CIRCLE('',#12068,17.7);
#4520=CIRCLE('',#12069,17.7);
#4521=CIRCLE('',#12072,17.7);
#4522=CIRCLE('',#12073,17.7);
#4523=CIRCLE('',#12074,17.7);
#4524=CIRCLE('',#12075,17.7);
#4525=CIRCLE('',#12077,19.7);
#4526=CIRCLE('',#12079,19.7);
#4527=CIRCLE('',#12081,19.7);
#4528=CIRCLE('',#12083,19.7);
#4529=CIRCLE('',#12085,17.7);
#4530=CIRCLE('',#12087,17.7);
#4531=CIRCLE('',#12089,17.7);
#4532=CIRCLE('',#12091,17.7);
#4533=CIRCLE('',#12094,19.7);
#4534=CIRCLE('',#12096,19.7);
#4535=CIRCLE('',#12098,19.7);
#4536=CIRCLE('',#12100,19.7);
#4537=CIRCLE('',#12102,17.7);
#4538=CIRCLE('',#12104,17.7);
#4539=CIRCLE('',#12106,17.7);
#4540=CIRCLE('',#12109,17.7);
#4541=CIRCLE('',#12111,19.7);
#4542=CIRCLE('',#12114,19.7);
#4543=CIRCLE('',#12119,13.5);
#4544=CIRCLE('',#12120,15.);
#4545=CIRCLE('',#12122,15.);
#4546=CIRCLE('',#12125,5.1);
#4547=CIRCLE('',#12127,5.1);
#4548=CIRCLE('',#12129,19.7);
#4549=CIRCLE('',#12130,19.7);
#4550=CIRCLE('',#12131,19.7);
#4551=CIRCLE('',#12133,17.7);
#4552=CIRCLE('',#12135,17.7);
#4553=CIRCLE('',#12137,19.7);
#4554=CIRCLE('',#12139,19.7);
#4555=CIRCLE('',#12140,19.7);
#4556=CIRCLE('',#12141,19.7);
#4557=CIRCLE('',#12143,17.7);
#4558=CIRCLE('',#12145,17.7);
#4559=CIRCLE('',#12147,19.7);
#4560=CIRCLE('',#12150,17.7);
#4561=CIRCLE('',#12151,17.7);
#4562=CIRCLE('',#12154,17.7);
#4563=CIRCLE('',#12155,17.7);
#4564=CIRCLE('',#12156,17.7);
#4565=CIRCLE('',#12157,17.7);
#4566=CIRCLE('',#12159,19.7);
#4567=CIRCLE('',#12161,19.7);
#4568=CIRCLE('',#12163,19.7);
#4569=CIRCLE('',#12165,19.7);
#4570=CIRCLE('',#12167,17.7);
#4571=CIRCLE('',#12169,17.7);
#4572=CIRCLE('',#12171,17.7);
#4573=CIRCLE('',#12173,17.7);
#4574=CIRCLE('',#12176,19.7);
#4575=CIRCLE('',#12178,19.7);
#4576=CIRCLE('',#12180,19.7);
#4577=CIRCLE('',#12182,19.7);
#4578=CIRCLE('',#12184,17.7);
#4579=CIRCLE('',#12186,17.7);
#4580=CIRCLE('',#12188,17.7);
#4581=CIRCLE('',#12191,17.7);
#4582=CIRCLE('',#12193,19.7);
#4583=CIRCLE('',#12196,19.7);
#4584=CIRCLE('',#12201,13.5);
#4585=CIRCLE('',#12202,15.);
#4586=CIRCLE('',#12204,15.);
#4587=CIRCLE('',#12207,5.1);
#4588=CIRCLE('',#12209,5.1);
#4589=CIRCLE('',#12211,19.7);
#4590=CIRCLE('',#12212,19.7);
#4591=CIRCLE('',#12213,19.7);
#4592=CIRCLE('',#12215,17.7);
#4593=CIRCLE('',#12217,17.7);
#4594=CIRCLE('',#12219,19.7);
#4595=CIRCLE('',#12221,19.7);
#4596=CIRCLE('',#12222,19.7);
#4597=CIRCLE('',#12223,19.7);
#4598=CIRCLE('',#12225,17.7);
#4599=CIRCLE('',#12227,17.7);
#4600=CIRCLE('',#12229,19.7);
#4601=CIRCLE('',#12232,17.7);
#4602=CIRCLE('',#12233,17.7);
#4603=CIRCLE('',#12236,17.7);
#4604=CIRCLE('',#12237,17.7);
#4605=CIRCLE('',#12238,17.7);
#4606=CIRCLE('',#12239,17.7);
#4607=CIRCLE('',#12241,19.7);
#4608=CIRCLE('',#12243,19.7);
#4609=CIRCLE('',#12245,19.7);
#4610=CIRCLE('',#12247,19.7);
#4611=CIRCLE('',#12249,17.7);
#4612=CIRCLE('',#12251,17.7);
#4613=CIRCLE('',#12253,17.7);
#4614=CIRCLE('',#12255,17.7);
#4615=CIRCLE('',#12258,19.7);
#4616=CIRCLE('',#12260,19.7);
#4617=CIRCLE('',#12262,19.7);
#4618=CIRCLE('',#12264,19.7);
#4619=CIRCLE('',#12266,17.7);
#4620=CIRCLE('',#12268,17.7);
#4621=CIRCLE('',#12270,17.7);
#4622=CIRCLE('',#12273,17.7);
#4623=CIRCLE('',#12275,19.7);
#4624=CIRCLE('',#12278,19.7);
#4625=CIRCLE('',#12283,3.00000000000001);
#4626=CIRCLE('',#12284,3.00000000000001);
#4627=CIRCLE('',#12286,5.);
#4628=CIRCLE('',#12287,5.);
#4629=CIRCLE('',#12292,3.);
#4630=CIRCLE('',#12293,3.);
#4631=CIRCLE('',#12295,5.);
#4632=CIRCLE('',#12296,5.);
#4633=CIRCLE('',#12301,3.);
#4634=CIRCLE('',#12302,3.);
#4635=CIRCLE('',#12304,5.);
#4636=CIRCLE('',#12305,5.);
#4637=CIRCLE('',#12310,3.00000000000001);
#4638=CIRCLE('',#12311,3.00000000000001);
#4639=CIRCLE('',#12313,5.);
#4640=CIRCLE('',#12314,5.);
#4641=CIRCLE('',#12319,7.05);
#4642=CIRCLE('',#12320,7.05);
#4643=CIRCLE('',#12322,5.05000000000001);
#4644=CIRCLE('',#12323,5.05000000000001);
#4645=CIRCLE('',#12325,9.);
#4646=CIRCLE('',#12327,9.);
#4647=CIRCLE('',#12329,13.);
#4648=CIRCLE('',#12331,13.);
#4649=CIRCLE('',#12333,9.);
#4650=CIRCLE('',#12334,13.);
#4651=CIRCLE('',#12335,13.);
#4652=CIRCLE('',#12340,13.);
#4653=CIRCLE('',#12341,13.);
#4654=CIRCLE('',#12346,9.);
#4655=CIRCLE('',#12350,7.05);
#4656=CIRCLE('',#12351,7.05);
#4657=CIRCLE('',#12353,5.05);
#4658=CIRCLE('',#12354,5.05);
#4659=CIRCLE('',#12356,9.);
#4660=CIRCLE('',#12358,9.);
#4661=CIRCLE('',#12360,13.);
#4662=CIRCLE('',#12362,13.);
#4663=CIRCLE('',#12364,9.);
#4664=CIRCLE('',#12365,13.);
#4665=CIRCLE('',#12366,13.);
#4666=CIRCLE('',#12371,13.);
#4667=CIRCLE('',#12372,13.);
#4668=CIRCLE('',#12377,9.);
#4669=CIRCLE('',#12381,7.05);
#4670=CIRCLE('',#12382,7.05);
#4671=CIRCLE('',#12384,5.05);
#4672=CIRCLE('',#12385,5.05);
#4673=CIRCLE('',#12387,9.);
#4674=CIRCLE('',#12389,9.);
#4675=CIRCLE('',#12391,13.);
#4676=CIRCLE('',#12393,13.);
#4677=CIRCLE('',#12395,9.);
#4678=CIRCLE('',#12396,13.);
#4679=CIRCLE('',#12397,13.);
#4680=CIRCLE('',#12402,13.);
#4681=CIRCLE('',#12403,13.);
#4682=CIRCLE('',#12408,9.);
#4683=CIRCLE('',#12412,7.05);
#4684=CIRCLE('',#12413,7.05);
#4685=CIRCLE('',#12415,5.05000000000001);
#4686=CIRCLE('',#12416,5.05000000000001);
#4687=CIRCLE('',#12418,9.);
#4688=CIRCLE('',#12420,9.);
#4689=CIRCLE('',#12422,13.);
#4690=CIRCLE('',#12424,13.);
#4691=CIRCLE('',#12426,9.);
#4692=CIRCLE('',#12427,13.);
#4693=CIRCLE('',#12428,13.);
#4694=CIRCLE('',#12433,13.);
#4695=CIRCLE('',#12434,13.);
#4696=CIRCLE('',#12439,9.);
#4697=VERTEX_POINT('',#15736);
#4698=VERTEX_POINT('',#15738);
#4699=VERTEX_POINT('',#15742);
#4700=VERTEX_POINT('',#15744);
#4701=VERTEX_POINT('',#15748);
#4702=VERTEX_POINT('',#15750);
#4703=VERTEX_POINT('',#15754);
#4704=VERTEX_POINT('',#15756);
#4705=VERTEX_POINT('',#15760);
#4706=VERTEX_POINT('',#15762);
#4707=VERTEX_POINT('',#15766);
#4708=VERTEX_POINT('',#15768);
#4709=VERTEX_POINT('',#15772);
#4710=VERTEX_POINT('',#15774);
#4711=VERTEX_POINT('',#15778);
#4712=VERTEX_POINT('',#15780);
#4713=VERTEX_POINT('',#15784);
#4714=VERTEX_POINT('',#15786);
#4715=VERTEX_POINT('',#15790);
#4716=VERTEX_POINT('',#15792);
#4717=VERTEX_POINT('',#15796);
#4718=VERTEX_POINT('',#15798);
#4719=VERTEX_POINT('',#15802);
#4720=VERTEX_POINT('',#15804);
#4721=VERTEX_POINT('',#15808);
#4722=VERTEX_POINT('',#15810);
#4723=VERTEX_POINT('',#15814);
#4724=VERTEX_POINT('',#15815);
#4725=VERTEX_POINT('',#15817);
#4726=VERTEX_POINT('',#15819);
#4727=VERTEX_POINT('',#15823);
#4728=VERTEX_POINT('',#15825);
#4729=VERTEX_POINT('',#15829);
#4730=VERTEX_POINT('',#15831);
#4731=VERTEX_POINT('',#15839);
#4732=VERTEX_POINT('',#15840);
#4733=VERTEX_POINT('',#15842);
#4734=VERTEX_POINT('',#15844);
#4735=VERTEX_POINT('',#15848);
#4736=VERTEX_POINT('',#15850);
#4737=VERTEX_POINT('',#15854);
#4738=VERTEX_POINT('',#15856);
#4739=VERTEX_POINT('',#15864);
#4740=VERTEX_POINT('',#15865);
#4741=VERTEX_POINT('',#15867);
#4742=VERTEX_POINT('',#15869);
#4743=VERTEX_POINT('',#15873);
#4744=VERTEX_POINT('',#15875);
#4745=VERTEX_POINT('',#15879);
#4746=VERTEX_POINT('',#15881);
#4747=VERTEX_POINT('',#15889);
#4748=VERTEX_POINT('',#15890);
#4749=VERTEX_POINT('',#15892);
#4750=VERTEX_POINT('',#15894);
#4751=VERTEX_POINT('',#15898);
#4752=VERTEX_POINT('',#15900);
#4753=VERTEX_POINT('',#15904);
#4754=VERTEX_POINT('',#15906);
#4755=VERTEX_POINT('',#15914);
#4756=VERTEX_POINT('',#15915);
#4757=VERTEX_POINT('',#15917);
#4758=VERTEX_POINT('',#15919);
#4759=VERTEX_POINT('',#15923);
#4760=VERTEX_POINT('',#15925);
#4761=VERTEX_POINT('',#15929);
#4762=VERTEX_POINT('',#15931);
#4763=VERTEX_POINT('',#15939);
#4764=VERTEX_POINT('',#15940);
#4765=VERTEX_POINT('',#15942);
#4766=VERTEX_POINT('',#15944);
#4767=VERTEX_POINT('',#15948);
#4768=VERTEX_POINT('',#15950);
#4769=VERTEX_POINT('',#15954);
#4770=VERTEX_POINT('',#15956);
#4771=VERTEX_POINT('',#15966);
#4772=VERTEX_POINT('',#15968);
#4773=VERTEX_POINT('',#15972);
#4774=VERTEX_POINT('',#15974);
#4775=VERTEX_POINT('',#15981);
#4776=VERTEX_POINT('',#15983);
#4777=VERTEX_POINT('',#15987);
#4778=VERTEX_POINT('',#15989);
#4779=VERTEX_POINT('',#15996);
#4780=VERTEX_POINT('',#15998);
#4781=VERTEX_POINT('',#16002);
#4782=VERTEX_POINT('',#16004);
#4783=VERTEX_POINT('',#16011);
#4784=VERTEX_POINT('',#16013);
#4785=VERTEX_POINT('',#16017);
#4786=VERTEX_POINT('',#16019);
#4787=VERTEX_POINT('',#16026);
#4788=VERTEX_POINT('',#16028);
#4789=VERTEX_POINT('',#16032);
#4790=VERTEX_POINT('',#16034);
#4791=VERTEX_POINT('',#16041);
#4792=VERTEX_POINT('',#16043);
#4793=VERTEX_POINT('',#16046);
#4794=VERTEX_POINT('',#16048);
#4795=VERTEX_POINT('',#16053);
#4796=VERTEX_POINT('',#16057);
#4797=VERTEX_POINT('',#16060);
#4798=VERTEX_POINT('',#16062);
#4799=VERTEX_POINT('',#16067);
#4800=VERTEX_POINT('',#16068);
#4801=VERTEX_POINT('',#16070);
#4802=VERTEX_POINT('',#16072);
#4803=VERTEX_POINT('',#16074);
#4804=VERTEX_POINT('',#16076);
#4805=VERTEX_POINT('',#16080);
#4806=VERTEX_POINT('',#16081);
#4807=VERTEX_POINT('',#16083);
#4808=VERTEX_POINT('',#16085);
#4809=VERTEX_POINT('',#16087);
#4810=VERTEX_POINT('',#16089);
#4811=VERTEX_POINT('',#16092);
#4812=VERTEX_POINT('',#16107);
#4813=VERTEX_POINT('',#16108);
#4814=VERTEX_POINT('',#16110);
#4815=VERTEX_POINT('',#16112);
#4816=VERTEX_POINT('',#16114);
#4817=VERTEX_POINT('',#16116);
#4818=VERTEX_POINT('',#16119);
#4819=VERTEX_POINT('',#16122);
#4820=VERTEX_POINT('',#16123);
#4821=VERTEX_POINT('',#16125);
#4822=VERTEX_POINT('',#16127);
#4823=VERTEX_POINT('',#16129);
#4824=VERTEX_POINT('',#16131);
#4825=VERTEX_POINT('',#16134);
#4826=VERTEX_POINT('',#16151);
#4827=VERTEX_POINT('',#16152);
#4828=VERTEX_POINT('',#16154);
#4829=VERTEX_POINT('',#16156);
#4830=VERTEX_POINT('',#16158);
#4831=VERTEX_POINT('',#16160);
#4832=VERTEX_POINT('',#16163);
#4833=VERTEX_POINT('',#16166);
#4834=VERTEX_POINT('',#16167);
#4835=VERTEX_POINT('',#16169);
#4836=VERTEX_POINT('',#16171);
#4837=VERTEX_POINT('',#16173);
#4838=VERTEX_POINT('',#16175);
#4839=VERTEX_POINT('',#16178);
#4840=VERTEX_POINT('',#16193);
#4841=VERTEX_POINT('',#16194);
#4842=VERTEX_POINT('',#16196);
#4843=VERTEX_POINT('',#16198);
#4844=VERTEX_POINT('',#16200);
#4845=VERTEX_POINT('',#16202);
#4846=VERTEX_POINT('',#16205);
#4847=VERTEX_POINT('',#16208);
#4848=VERTEX_POINT('',#16209);
#4849=VERTEX_POINT('',#16211);
#4850=VERTEX_POINT('',#16213);
#4851=VERTEX_POINT('',#16215);
#4852=VERTEX_POINT('',#16217);
#4853=VERTEX_POINT('',#16220);
#4854=VERTEX_POINT('',#16235);
#4855=VERTEX_POINT('',#16236);
#4856=VERTEX_POINT('',#16238);
#4857=VERTEX_POINT('',#16240);
#4858=VERTEX_POINT('',#16242);
#4859=VERTEX_POINT('',#16244);
#4860=VERTEX_POINT('',#16247);
#4861=VERTEX_POINT('',#16250);
#4862=VERTEX_POINT('',#16251);
#4863=VERTEX_POINT('',#16253);
#4864=VERTEX_POINT('',#16255);
#4865=VERTEX_POINT('',#16257);
#4866=VERTEX_POINT('',#16259);
#4867=VERTEX_POINT('',#16262);
#4868=VERTEX_POINT('',#16277);
#4869=VERTEX_POINT('',#16278);
#4870=VERTEX_POINT('',#16280);
#4871=VERTEX_POINT('',#16282);
#4872=VERTEX_POINT('',#16284);
#4873=VERTEX_POINT('',#16286);
#4874=VERTEX_POINT('',#16289);
#4875=VERTEX_POINT('',#16292);
#4876=VERTEX_POINT('',#16293);
#4877=VERTEX_POINT('',#16295);
#4878=VERTEX_POINT('',#16297);
#4879=VERTEX_POINT('',#16299);
#4880=VERTEX_POINT('',#16301);
#4881=VERTEX_POINT('',#16304);
#4882=VERTEX_POINT('',#16321);
#4883=VERTEX_POINT('',#16322);
#4884=VERTEX_POINT('',#16324);
#4885=VERTEX_POINT('',#16326);
#4886=VERTEX_POINT('',#16328);
#4887=VERTEX_POINT('',#16330);
#4888=VERTEX_POINT('',#16333);
#4889=VERTEX_POINT('',#16336);
#4890=VERTEX_POINT('',#16337);
#4891=VERTEX_POINT('',#16339);
#4892=VERTEX_POINT('',#16341);
#4893=VERTEX_POINT('',#16343);
#4894=VERTEX_POINT('',#16345);
#4895=VERTEX_POINT('',#16348);
#4896=VERTEX_POINT('',#16363);
#4897=VERTEX_POINT('',#16364);
#4898=VERTEX_POINT('',#16366);
#4899=VERTEX_POINT('',#16368);
#4900=VERTEX_POINT('',#16370);
#4901=VERTEX_POINT('',#16372);
#4902=VERTEX_POINT('',#16375);
#4903=VERTEX_POINT('',#16378);
#4904=VERTEX_POINT('',#16379);
#4905=VERTEX_POINT('',#16381);
#4906=VERTEX_POINT('',#16383);
#4907=VERTEX_POINT('',#16385);
#4908=VERTEX_POINT('',#16387);
#4909=VERTEX_POINT('',#16390);
#4910=VERTEX_POINT('',#16405);
#4911=VERTEX_POINT('',#16423);
#4912=VERTEX_POINT('',#16425);
#4913=VERTEX_POINT('',#16429);
#4914=VERTEX_POINT('',#16431);
#4915=VERTEX_POINT('',#16435);
#4916=VERTEX_POINT('',#16437);
#4917=VERTEX_POINT('',#16441);
#4918=VERTEX_POINT('',#16443);
#4919=VERTEX_POINT('',#16447);
#4920=VERTEX_POINT('',#16449);
#4921=VERTEX_POINT('',#16453);
#4922=VERTEX_POINT('',#16455);
#4923=VERTEX_POINT('',#16459);
#4924=VERTEX_POINT('',#16461);
#4925=VERTEX_POINT('',#16465);
#4926=VERTEX_POINT('',#16467);
#4927=VERTEX_POINT('',#16471);
#4928=VERTEX_POINT('',#16473);
#4929=VERTEX_POINT('',#16476);
#4930=VERTEX_POINT('',#16480);
#4931=VERTEX_POINT('',#16483);
#4932=VERTEX_POINT('',#16487);
#4933=VERTEX_POINT('',#16490);
#4934=VERTEX_POINT('',#16494);
#4935=VERTEX_POINT('',#16500);
#4936=VERTEX_POINT('',#16502);
#4937=VERTEX_POINT('',#16506);
#4938=VERTEX_POINT('',#16508);
#4939=VERTEX_POINT('',#16512);
#4940=VERTEX_POINT('',#16514);
#4941=VERTEX_POINT('',#16518);
#4942=VERTEX_POINT('',#16520);
#4943=VERTEX_POINT('',#16524);
#4944=VERTEX_POINT('',#16526);
#4945=VERTEX_POINT('',#16530);
#4946=VERTEX_POINT('',#16532);
#4947=VERTEX_POINT('',#16536);
#4948=VERTEX_POINT('',#16538);
#4949=VERTEX_POINT('',#16541);
#4950=VERTEX_POINT('',#16545);
#4951=VERTEX_POINT('',#16549);
#4952=VERTEX_POINT('',#16553);
#4953=VERTEX_POINT('',#16557);
#4954=VERTEX_POINT('',#16561);
#4955=VERTEX_POINT('',#16565);
#4956=VERTEX_POINT('',#16569);
#4957=VERTEX_POINT('',#16573);
#4958=VERTEX_POINT('',#16577);
#4959=VERTEX_POINT('',#16583);
#4960=VERTEX_POINT('',#16584);
#4961=VERTEX_POINT('',#16586);
#4962=VERTEX_POINT('',#16588);
#4963=VERTEX_POINT('',#16590);
#4964=VERTEX_POINT('',#16592);
#4965=VERTEX_POINT('',#16595);
#4966=VERTEX_POINT('',#16598);
#4967=VERTEX_POINT('',#16600);
#4968=VERTEX_POINT('',#16604);
#4969=VERTEX_POINT('',#16608);
#4970=VERTEX_POINT('',#16612);
#4971=VERTEX_POINT('',#16616);
#4972=VERTEX_POINT('',#16623);
#4973=VERTEX_POINT('',#16628);
#4974=VERTEX_POINT('',#16629);
#4975=VERTEX_POINT('',#16631);
#4976=VERTEX_POINT('',#16633);
#4977=VERTEX_POINT('',#16635);
#4978=VERTEX_POINT('',#16637);
#4979=VERTEX_POINT('',#16640);
#4980=VERTEX_POINT('',#16643);
#4981=VERTEX_POINT('',#16645);
#4982=VERTEX_POINT('',#16649);
#4983=VERTEX_POINT('',#16653);
#4984=VERTEX_POINT('',#16657);
#4985=VERTEX_POINT('',#16661);
#4986=VERTEX_POINT('',#16668);
#4987=VERTEX_POINT('',#16673);
#4988=VERTEX_POINT('',#16674);
#4989=VERTEX_POINT('',#16676);
#4990=VERTEX_POINT('',#16678);
#4991=VERTEX_POINT('',#16680);
#4992=VERTEX_POINT('',#16682);
#4993=VERTEX_POINT('',#16685);
#4994=VERTEX_POINT('',#16688);
#4995=VERTEX_POINT('',#16690);
#4996=VERTEX_POINT('',#16694);
#4997=VERTEX_POINT('',#16698);
#4998=VERTEX_POINT('',#16702);
#4999=VERTEX_POINT('',#16706);
#5000=VERTEX_POINT('',#16713);
#5001=VERTEX_POINT('',#16718);
#5002=VERTEX_POINT('',#16719);
#5003=VERTEX_POINT('',#16721);
#5004=VERTEX_POINT('',#16723);
#5005=VERTEX_POINT('',#16725);
#5006=VERTEX_POINT('',#16727);
#5007=VERTEX_POINT('',#16730);
#5008=VERTEX_POINT('',#16733);
#5009=VERTEX_POINT('',#16735);
#5010=VERTEX_POINT('',#16739);
#5011=VERTEX_POINT('',#16743);
#5012=VERTEX_POINT('',#16747);
#5013=VERTEX_POINT('',#16751);
#5014=VERTEX_POINT('',#16758);
#5015=VERTEX_POINT('',#16763);
#5016=VERTEX_POINT('',#16764);
#5017=VERTEX_POINT('',#16766);
#5018=VERTEX_POINT('',#16768);
#5019=VERTEX_POINT('',#16770);
#5020=VERTEX_POINT('',#16772);
#5021=VERTEX_POINT('',#16775);
#5022=VERTEX_POINT('',#16778);
#5023=VERTEX_POINT('',#16780);
#5024=VERTEX_POINT('',#16784);
#5025=VERTEX_POINT('',#16788);
#5026=VERTEX_POINT('',#16792);
#5027=VERTEX_POINT('',#16796);
#5028=VERTEX_POINT('',#16803);
#5029=VERTEX_POINT('',#16808);
#5030=VERTEX_POINT('',#16809);
#5031=VERTEX_POINT('',#16811);
#5032=VERTEX_POINT('',#16813);
#5033=VERTEX_POINT('',#16815);
#5034=VERTEX_POINT('',#16817);
#5035=VERTEX_POINT('',#16820);
#5036=VERTEX_POINT('',#16823);
#5037=VERTEX_POINT('',#16825);
#5038=VERTEX_POINT('',#16829);
#5039=VERTEX_POINT('',#16833);
#5040=VERTEX_POINT('',#16837);
#5041=VERTEX_POINT('',#16841);
#5042=VERTEX_POINT('',#16848);
#5043=VERTEX_POINT('',#16853);
#5044=VERTEX_POINT('',#16854);
#5045=VERTEX_POINT('',#16856);
#5046=VERTEX_POINT('',#16858);
#5047=VERTEX_POINT('',#16860);
#5048=VERTEX_POINT('',#16862);
#5049=VERTEX_POINT('',#16865);
#5050=VERTEX_POINT('',#16868);
#5051=VERTEX_POINT('',#16870);
#5052=VERTEX_POINT('',#16874);
#5053=VERTEX_POINT('',#16878);
#5054=VERTEX_POINT('',#16882);
#5055=VERTEX_POINT('',#16886);
#5056=VERTEX_POINT('',#16893);
#5057=VERTEX_POINT('',#16898);
#5058=VERTEX_POINT('',#16899);
#5059=VERTEX_POINT('',#16901);
#5060=VERTEX_POINT('',#16903);
#5061=VERTEX_POINT('',#16905);
#5062=VERTEX_POINT('',#16907);
#5063=VERTEX_POINT('',#16910);
#5064=VERTEX_POINT('',#16913);
#5065=VERTEX_POINT('',#16915);
#5066=VERTEX_POINT('',#16919);
#5067=VERTEX_POINT('',#16923);
#5068=VERTEX_POINT('',#16927);
#5069=VERTEX_POINT('',#16931);
#5070=VERTEX_POINT('',#16938);
#5071=VERTEX_POINT('',#16944);
#5072=VERTEX_POINT('',#16945);
#5073=VERTEX_POINT('',#16947);
#5074=VERTEX_POINT('',#16949);
#5075=VERTEX_POINT('',#16953);
#5076=VERTEX_POINT('',#16955);
#5077=VERTEX_POINT('',#16959);
#5078=VERTEX_POINT('',#16961);
#5079=VERTEX_POINT('',#16963);
#5080=VERTEX_POINT('',#16965);
#5081=VERTEX_POINT('',#16967);
#5082=VERTEX_POINT('',#16970);
#5083=VERTEX_POINT('',#16972);
#5084=VERTEX_POINT('',#16974);
#5085=VERTEX_POINT('',#16976);
#5086=VERTEX_POINT('',#16978);
#5087=VERTEX_POINT('',#16980);
#5088=VERTEX_POINT('',#16982);
#5089=VERTEX_POINT('',#16984);
#5090=VERTEX_POINT('',#16986);
#5091=VERTEX_POINT('',#16987);
#5092=VERTEX_POINT('',#16989);
#5093=VERTEX_POINT('',#16991);
#5094=VERTEX_POINT('',#16994);
#5095=VERTEX_POINT('',#16996);
#5096=VERTEX_POINT('',#16999);
#5097=VERTEX_POINT('',#17001);
#5098=VERTEX_POINT('',#17005);
#5099=VERTEX_POINT('',#17009);
#5100=VERTEX_POINT('',#17013);
#5101=VERTEX_POINT('',#17017);
#5102=VERTEX_POINT('',#17022);
#5103=VERTEX_POINT('',#17027);
#5104=VERTEX_POINT('',#17032);
#5105=VERTEX_POINT('',#17037);
#5106=VERTEX_POINT('',#17042);
#5107=VERTEX_POINT('',#17044);
#5108=VERTEX_POINT('',#17050);
#5109=VERTEX_POINT('',#17051);
#5110=VERTEX_POINT('',#17053);
#5111=VERTEX_POINT('',#17058);
#5112=VERTEX_POINT('',#17063);
#5113=VERTEX_POINT('',#17064);
#5114=VERTEX_POINT('',#17066);
#5115=VERTEX_POINT('',#17071);
#5116=VERTEX_POINT('',#17076);
#5117=VERTEX_POINT('',#17077);
#5118=VERTEX_POINT('',#17079);
#5119=VERTEX_POINT('',#17084);
#5120=VERTEX_POINT('',#17089);
#5121=VERTEX_POINT('',#17090);
#5122=VERTEX_POINT('',#17092);
#5123=VERTEX_POINT('',#17099);
#5124=VERTEX_POINT('',#17101);
#5125=VERTEX_POINT('',#17103);
#5126=VERTEX_POINT('',#17105);
#5127=VERTEX_POINT('',#17107);
#5128=VERTEX_POINT('',#17109);
#5129=VERTEX_POINT('',#17111);
#5130=VERTEX_POINT('',#17113);
#5131=VERTEX_POINT('',#17115);
#5132=VERTEX_POINT('',#17117);
#5133=VERTEX_POINT('',#17121);
#5134=VERTEX_POINT('',#17125);
#5135=VERTEX_POINT('',#17127);
#5136=VERTEX_POINT('',#17129);
#5137=VERTEX_POINT('',#17131);
#5138=VERTEX_POINT('',#17134);
#5139=VERTEX_POINT('',#17137);
#5140=VERTEX_POINT('',#17139);
#5141=VERTEX_POINT('',#17141);
#5142=VERTEX_POINT('',#17143);
#5143=VERTEX_POINT('',#17146);
#5144=VERTEX_POINT('',#17148);
#5145=VERTEX_POINT('',#17150);
#5146=VERTEX_POINT('',#17152);
#5147=VERTEX_POINT('',#17155);
#5148=VERTEX_POINT('',#17157);
#5149=VERTEX_POINT('',#17159);
#5150=VERTEX_POINT('',#17161);
#5151=VERTEX_POINT('',#17169);
#5152=VERTEX_POINT('',#17171);
#5153=VERTEX_POINT('',#17177);
#5154=VERTEX_POINT('',#17179);
#5155=VERTEX_POINT('',#17185);
#5156=VERTEX_POINT('',#17187);
#5157=VERTEX_POINT('',#17193);
#5158=VERTEX_POINT('',#17195);
#5159=VERTEX_POINT('',#17200);
#5160=VERTEX_POINT('',#17202);
#5161=VERTEX_POINT('',#17206);
#5162=VERTEX_POINT('',#17208);
#5163=VERTEX_POINT('',#17210);
#5164=VERTEX_POINT('',#17214);
#5165=VERTEX_POINT('',#17216);
#5166=VERTEX_POINT('',#17220);
#5167=VERTEX_POINT('',#17222);
#5168=VERTEX_POINT('',#17224);
#5169=VERTEX_POINT('',#17233);
#5170=VERTEX_POINT('',#17235);
#5171=VERTEX_POINT('',#17239);
#5172=VERTEX_POINT('',#17241);
#5173=VERTEX_POINT('',#17243);
#5174=VERTEX_POINT('',#17247);
#5175=VERTEX_POINT('',#17249);
#5176=VERTEX_POINT('',#17253);
#5177=VERTEX_POINT('',#17255);
#5178=VERTEX_POINT('',#17257);
#5179=VERTEX_POINT('',#17266);
#5180=VERTEX_POINT('',#17268);
#5181=VERTEX_POINT('',#17272);
#5182=VERTEX_POINT('',#17274);
#5183=VERTEX_POINT('',#17276);
#5184=VERTEX_POINT('',#17280);
#5185=VERTEX_POINT('',#17282);
#5186=VERTEX_POINT('',#17286);
#5187=VERTEX_POINT('',#17288);
#5188=VERTEX_POINT('',#17290);
#5189=VERTEX_POINT('',#17299);
#5190=VERTEX_POINT('',#17301);
#5191=VERTEX_POINT('',#17305);
#5192=VERTEX_POINT('',#17307);
#5193=VERTEX_POINT('',#17309);
#5194=VERTEX_POINT('',#17313);
#5195=VERTEX_POINT('',#17315);
#5196=VERTEX_POINT('',#17319);
#5197=VERTEX_POINT('',#17321);
#5198=VERTEX_POINT('',#17323);
#5199=VERTEX_POINT('',#17332);
#5200=VERTEX_POINT('',#17334);
#5201=VERTEX_POINT('',#17336);
#5202=VERTEX_POINT('',#17338);
#5203=VERTEX_POINT('',#17345);
#5204=VERTEX_POINT('',#17347);
#5205=VERTEX_POINT('',#17351);
#5206=VERTEX_POINT('',#17353);
#5207=VERTEX_POINT('',#17367);
#5208=VERTEX_POINT('',#17368);
#5209=VERTEX_POINT('',#17370);
#5210=VERTEX_POINT('',#17372);
#5211=VERTEX_POINT('',#17376);
#5212=VERTEX_POINT('',#17378);
#5213=VERTEX_POINT('',#17382);
#5214=VERTEX_POINT('',#17384);
#5215=VERTEX_POINT('',#17391);
#5216=VERTEX_POINT('',#17393);
#5217=VERTEX_POINT('',#17396);
#5218=VERTEX_POINT('',#17400);
#5219=VERTEX_POINT('',#17402);
#5220=VERTEX_POINT('',#17406);
#5221=VERTEX_POINT('',#17413);
#5222=VERTEX_POINT('',#17414);
#5223=VERTEX_POINT('',#17416);
#5224=VERTEX_POINT('',#17418);
#5225=VERTEX_POINT('',#17422);
#5226=VERTEX_POINT('',#17424);
#5227=VERTEX_POINT('',#17428);
#5228=VERTEX_POINT('',#17430);
#5229=VERTEX_POINT('',#17437);
#5230=VERTEX_POINT('',#17439);
#5231=VERTEX_POINT('',#17442);
#5232=VERTEX_POINT('',#17446);
#5233=VERTEX_POINT('',#17448);
#5234=VERTEX_POINT('',#17452);
#5235=VERTEX_POINT('',#17459);
#5236=VERTEX_POINT('',#17460);
#5237=VERTEX_POINT('',#17462);
#5238=VERTEX_POINT('',#17464);
#5239=VERTEX_POINT('',#17468);
#5240=VERTEX_POINT('',#17470);
#5241=VERTEX_POINT('',#17474);
#5242=VERTEX_POINT('',#17476);
#5243=VERTEX_POINT('',#17483);
#5244=VERTEX_POINT('',#17485);
#5245=VERTEX_POINT('',#17488);
#5246=VERTEX_POINT('',#17492);
#5247=VERTEX_POINT('',#17494);
#5248=VERTEX_POINT('',#17498);
#5249=VERTEX_POINT('',#17505);
#5250=VERTEX_POINT('',#17506);
#5251=VERTEX_POINT('',#17508);
#5252=VERTEX_POINT('',#17510);
#5253=VERTEX_POINT('',#17514);
#5254=VERTEX_POINT('',#17516);
#5255=VERTEX_POINT('',#17520);
#5256=VERTEX_POINT('',#17522);
#5257=VERTEX_POINT('',#17529);
#5258=VERTEX_POINT('',#17531);
#5259=VERTEX_POINT('',#17534);
#5260=VERTEX_POINT('',#17538);
#5261=VERTEX_POINT('',#17540);
#5262=VERTEX_POINT('',#17544);
#5263=VERTEX_POINT('',#17551);
#5264=VERTEX_POINT('',#17553);
#5265=VERTEX_POINT('',#17557);
#5266=VERTEX_POINT('',#17562);
#5267=VERTEX_POINT('',#17564);
#5268=VERTEX_POINT('',#17566);
#5269=VERTEX_POINT('',#17573);
#5270=VERTEX_POINT('',#17575);
#5271=VERTEX_POINT('',#17582);
#5272=VERTEX_POINT('',#17584);
#5273=VERTEX_POINT('',#17612);
#5274=VERTEX_POINT('',#17614);
#5275=VERTEX_POINT('',#17621);
#5276=VERTEX_POINT('',#17630);
#5277=VERTEX_POINT('',#17631);
#5278=VERTEX_POINT('',#17659);
#5279=VERTEX_POINT('',#17661);
#5280=VERTEX_POINT('',#17668);
#5281=VERTEX_POINT('',#17670);
#5282=VERTEX_POINT('',#17677);
#5283=VERTEX_POINT('',#17680);
#5284=VERTEX_POINT('',#17687);
#5285=VERTEX_POINT('',#17689);
#5286=VERTEX_POINT('',#17698);
#5287=VERTEX_POINT('',#17700);
#5288=VERTEX_POINT('',#17702);
#5289=VERTEX_POINT('',#17704);
#5290=VERTEX_POINT('',#17708);
#5291=VERTEX_POINT('',#17712);
#5292=VERTEX_POINT('',#17716);
#5293=VERTEX_POINT('',#17720);
#5294=VERTEX_POINT('',#17722);
#5295=VERTEX_POINT('',#17724);
#5296=VERTEX_POINT('',#17726);
#5297=VERTEX_POINT('',#17730);
#5298=VERTEX_POINT('',#17734);
#5299=VERTEX_POINT('',#17738);
#5300=VERTEX_POINT('',#17742);
#5301=VERTEX_POINT('',#17743);
#5302=VERTEX_POINT('',#17745);
#5303=VERTEX_POINT('',#17747);
#5304=VERTEX_POINT('',#17749);
#5305=VERTEX_POINT('',#17751);
#5306=VERTEX_POINT('',#17753);
#5307=VERTEX_POINT('',#17755);
#5308=VERTEX_POINT('',#17758);
#5309=VERTEX_POINT('',#17760);
#5310=VERTEX_POINT('',#17762);
#5311=VERTEX_POINT('',#17764);
#5312=VERTEX_POINT('',#17766);
#5313=VERTEX_POINT('',#17769);
#5314=VERTEX_POINT('',#17771);
#5315=VERTEX_POINT('',#17773);
#5316=VERTEX_POINT('',#17775);
#5317=VERTEX_POINT('',#17779);
#5318=VERTEX_POINT('',#17781);
#5319=VERTEX_POINT('',#17785);
#5320=VERTEX_POINT('',#17787);
#5321=VERTEX_POINT('',#17789);
#5322=VERTEX_POINT('',#17791);
#5323=VERTEX_POINT('',#17793);
#5324=VERTEX_POINT('',#17795);
#5325=VERTEX_POINT('',#17797);
#5326=VERTEX_POINT('',#17799);
#5327=VERTEX_POINT('',#17801);
#5328=VERTEX_POINT('',#17805);
#5329=VERTEX_POINT('',#17807);
#5330=VERTEX_POINT('',#17809);
#5331=VERTEX_POINT('',#17811);
#5332=VERTEX_POINT('',#17813);
#5333=VERTEX_POINT('',#17815);
#5334=VERTEX_POINT('',#17819);
#5335=VERTEX_POINT('',#17821);
#5336=VERTEX_POINT('',#17861);
#5337=VERTEX_POINT('',#17865);
#5338=VERTEX_POINT('',#17872);
#5339=VERTEX_POINT('',#17874);
#5340=VERTEX_POINT('',#17878);
#5341=VERTEX_POINT('',#17883);
#5342=VERTEX_POINT('',#17885);
#5343=VERTEX_POINT('',#17887);
#5344=VERTEX_POINT('',#17894);
#5345=VERTEX_POINT('',#17896);
#5346=VERTEX_POINT('',#17903);
#5347=VERTEX_POINT('',#17905);
#5348=VERTEX_POINT('',#17933);
#5349=VERTEX_POINT('',#17935);
#5350=VERTEX_POINT('',#17942);
#5351=VERTEX_POINT('',#17951);
#5352=VERTEX_POINT('',#17952);
#5353=VERTEX_POINT('',#17980);
#5354=VERTEX_POINT('',#17982);
#5355=VERTEX_POINT('',#17989);
#5356=VERTEX_POINT('',#17991);
#5357=VERTEX_POINT('',#17998);
#5358=VERTEX_POINT('',#18001);
#5359=VERTEX_POINT('',#18008);
#5360=VERTEX_POINT('',#18010);
#5361=VERTEX_POINT('',#18019);
#5362=VERTEX_POINT('',#18021);
#5363=VERTEX_POINT('',#18023);
#5364=VERTEX_POINT('',#18025);
#5365=VERTEX_POINT('',#18029);
#5366=VERTEX_POINT('',#18033);
#5367=VERTEX_POINT('',#18037);
#5368=VERTEX_POINT('',#18041);
#5369=VERTEX_POINT('',#18043);
#5370=VERTEX_POINT('',#18045);
#5371=VERTEX_POINT('',#18047);
#5372=VERTEX_POINT('',#18051);
#5373=VERTEX_POINT('',#18055);
#5374=VERTEX_POINT('',#18059);
#5375=VERTEX_POINT('',#18063);
#5376=VERTEX_POINT('',#18064);
#5377=VERTEX_POINT('',#18066);
#5378=VERTEX_POINT('',#18068);
#5379=VERTEX_POINT('',#18070);
#5380=VERTEX_POINT('',#18072);
#5381=VERTEX_POINT('',#18074);
#5382=VERTEX_POINT('',#18076);
#5383=VERTEX_POINT('',#18079);
#5384=VERTEX_POINT('',#18081);
#5385=VERTEX_POINT('',#18083);
#5386=VERTEX_POINT('',#18085);
#5387=VERTEX_POINT('',#18087);
#5388=VERTEX_POINT('',#18090);
#5389=VERTEX_POINT('',#18092);
#5390=VERTEX_POINT('',#18094);
#5391=VERTEX_POINT('',#18096);
#5392=VERTEX_POINT('',#18100);
#5393=VERTEX_POINT('',#18102);
#5394=VERTEX_POINT('',#18106);
#5395=VERTEX_POINT('',#18108);
#5396=VERTEX_POINT('',#18110);
#5397=VERTEX_POINT('',#18112);
#5398=VERTEX_POINT('',#18114);
#5399=VERTEX_POINT('',#18116);
#5400=VERTEX_POINT('',#18118);
#5401=VERTEX_POINT('',#18120);
#5402=VERTEX_POINT('',#18122);
#5403=VERTEX_POINT('',#18126);
#5404=VERTEX_POINT('',#18128);
#5405=VERTEX_POINT('',#18130);
#5406=VERTEX_POINT('',#18132);
#5407=VERTEX_POINT('',#18134);
#5408=VERTEX_POINT('',#18136);
#5409=VERTEX_POINT('',#18140);
#5410=VERTEX_POINT('',#18142);
#5411=VERTEX_POINT('',#18182);
#5412=VERTEX_POINT('',#18186);
#5413=VERTEX_POINT('',#18193);
#5414=VERTEX_POINT('',#18195);
#5415=VERTEX_POINT('',#18199);
#5416=VERTEX_POINT('',#18204);
#5417=VERTEX_POINT('',#18206);
#5418=VERTEX_POINT('',#18208);
#5419=VERTEX_POINT('',#18215);
#5420=VERTEX_POINT('',#18217);
#5421=VERTEX_POINT('',#18224);
#5422=VERTEX_POINT('',#18226);
#5423=VERTEX_POINT('',#18254);
#5424=VERTEX_POINT('',#18256);
#5425=VERTEX_POINT('',#18263);
#5426=VERTEX_POINT('',#18272);
#5427=VERTEX_POINT('',#18273);
#5428=VERTEX_POINT('',#18301);
#5429=VERTEX_POINT('',#18303);
#5430=VERTEX_POINT('',#18310);
#5431=VERTEX_POINT('',#18312);
#5432=VERTEX_POINT('',#18319);
#5433=VERTEX_POINT('',#18322);
#5434=VERTEX_POINT('',#18329);
#5435=VERTEX_POINT('',#18331);
#5436=VERTEX_POINT('',#18340);
#5437=VERTEX_POINT('',#18342);
#5438=VERTEX_POINT('',#18344);
#5439=VERTEX_POINT('',#18346);
#5440=VERTEX_POINT('',#18350);
#5441=VERTEX_POINT('',#18354);
#5442=VERTEX_POINT('',#18358);
#5443=VERTEX_POINT('',#18362);
#5444=VERTEX_POINT('',#18364);
#5445=VERTEX_POINT('',#18366);
#5446=VERTEX_POINT('',#18368);
#5447=VERTEX_POINT('',#18372);
#5448=VERTEX_POINT('',#18376);
#5449=VERTEX_POINT('',#18380);
#5450=VERTEX_POINT('',#18384);
#5451=VERTEX_POINT('',#18385);
#5452=VERTEX_POINT('',#18387);
#5453=VERTEX_POINT('',#18389);
#5454=VERTEX_POINT('',#18391);
#5455=VERTEX_POINT('',#18393);
#5456=VERTEX_POINT('',#18395);
#5457=VERTEX_POINT('',#18397);
#5458=VERTEX_POINT('',#18400);
#5459=VERTEX_POINT('',#18402);
#5460=VERTEX_POINT('',#18404);
#5461=VERTEX_POINT('',#18406);
#5462=VERTEX_POINT('',#18408);
#5463=VERTEX_POINT('',#18411);
#5464=VERTEX_POINT('',#18413);
#5465=VERTEX_POINT('',#18415);
#5466=VERTEX_POINT('',#18417);
#5467=VERTEX_POINT('',#18421);
#5468=VERTEX_POINT('',#18423);
#5469=VERTEX_POINT('',#18427);
#5470=VERTEX_POINT('',#18429);
#5471=VERTEX_POINT('',#18431);
#5472=VERTEX_POINT('',#18433);
#5473=VERTEX_POINT('',#18435);
#5474=VERTEX_POINT('',#18437);
#5475=VERTEX_POINT('',#18439);
#5476=VERTEX_POINT('',#18441);
#5477=VERTEX_POINT('',#18443);
#5478=VERTEX_POINT('',#18447);
#5479=VERTEX_POINT('',#18449);
#5480=VERTEX_POINT('',#18451);
#5481=VERTEX_POINT('',#18453);
#5482=VERTEX_POINT('',#18455);
#5483=VERTEX_POINT('',#18457);
#5484=VERTEX_POINT('',#18461);
#5485=VERTEX_POINT('',#18463);
#5486=VERTEX_POINT('',#18503);
#5487=VERTEX_POINT('',#18507);
#5488=VERTEX_POINT('',#18514);
#5489=VERTEX_POINT('',#18516);
#5490=VERTEX_POINT('',#18520);
#5491=VERTEX_POINT('',#18525);
#5492=VERTEX_POINT('',#18527);
#5493=VERTEX_POINT('',#18529);
#5494=VERTEX_POINT('',#18536);
#5495=VERTEX_POINT('',#18538);
#5496=VERTEX_POINT('',#18545);
#5497=VERTEX_POINT('',#18547);
#5498=VERTEX_POINT('',#18575);
#5499=VERTEX_POINT('',#18577);
#5500=VERTEX_POINT('',#18584);
#5501=VERTEX_POINT('',#18593);
#5502=VERTEX_POINT('',#18594);
#5503=VERTEX_POINT('',#18622);
#5504=VERTEX_POINT('',#18624);
#5505=VERTEX_POINT('',#18631);
#5506=VERTEX_POINT('',#18633);
#5507=VERTEX_POINT('',#18640);
#5508=VERTEX_POINT('',#18643);
#5509=VERTEX_POINT('',#18650);
#5510=VERTEX_POINT('',#18652);
#5511=VERTEX_POINT('',#18661);
#5512=VERTEX_POINT('',#18663);
#5513=VERTEX_POINT('',#18665);
#5514=VERTEX_POINT('',#18667);
#5515=VERTEX_POINT('',#18671);
#5516=VERTEX_POINT('',#18675);
#5517=VERTEX_POINT('',#18679);
#5518=VERTEX_POINT('',#18683);
#5519=VERTEX_POINT('',#18685);
#5520=VERTEX_POINT('',#18687);
#5521=VERTEX_POINT('',#18689);
#5522=VERTEX_POINT('',#18693);
#5523=VERTEX_POINT('',#18697);
#5524=VERTEX_POINT('',#18701);
#5525=VERTEX_POINT('',#18705);
#5526=VERTEX_POINT('',#18706);
#5527=VERTEX_POINT('',#18708);
#5528=VERTEX_POINT('',#18710);
#5529=VERTEX_POINT('',#18712);
#5530=VERTEX_POINT('',#18714);
#5531=VERTEX_POINT('',#18716);
#5532=VERTEX_POINT('',#18718);
#5533=VERTEX_POINT('',#18721);
#5534=VERTEX_POINT('',#18723);
#5535=VERTEX_POINT('',#18725);
#5536=VERTEX_POINT('',#18727);
#5537=VERTEX_POINT('',#18729);
#5538=VERTEX_POINT('',#18732);
#5539=VERTEX_POINT('',#18734);
#5540=VERTEX_POINT('',#18736);
#5541=VERTEX_POINT('',#18738);
#5542=VERTEX_POINT('',#18742);
#5543=VERTEX_POINT('',#18744);
#5544=VERTEX_POINT('',#18748);
#5545=VERTEX_POINT('',#18750);
#5546=VERTEX_POINT('',#18752);
#5547=VERTEX_POINT('',#18754);
#5548=VERTEX_POINT('',#18756);
#5549=VERTEX_POINT('',#18758);
#5550=VERTEX_POINT('',#18760);
#5551=VERTEX_POINT('',#18762);
#5552=VERTEX_POINT('',#18764);
#5553=VERTEX_POINT('',#18768);
#5554=VERTEX_POINT('',#18770);
#5555=VERTEX_POINT('',#18772);
#5556=VERTEX_POINT('',#18774);
#5557=VERTEX_POINT('',#18776);
#5558=VERTEX_POINT('',#18778);
#5559=VERTEX_POINT('',#18782);
#5560=VERTEX_POINT('',#18784);
#5561=VERTEX_POINT('',#18824);
#5562=VERTEX_POINT('',#18828);
#5563=VERTEX_POINT('',#18835);
#5564=VERTEX_POINT('',#18837);
#5565=VERTEX_POINT('',#18841);
#5566=VERTEX_POINT('',#18843);
#5567=VERTEX_POINT('',#18850);
#5568=VERTEX_POINT('',#18852);
#5569=VERTEX_POINT('',#18856);
#5570=VERTEX_POINT('',#18858);
#5571=VERTEX_POINT('',#18865);
#5572=VERTEX_POINT('',#18867);
#5573=VERTEX_POINT('',#18871);
#5574=VERTEX_POINT('',#18873);
#5575=VERTEX_POINT('',#18880);
#5576=VERTEX_POINT('',#18882);
#5577=VERTEX_POINT('',#18886);
#5578=VERTEX_POINT('',#18888);
#5579=VERTEX_POINT('',#18895);
#5580=VERTEX_POINT('',#18897);
#5581=VERTEX_POINT('',#18901);
#5582=VERTEX_POINT('',#18903);
#5583=VERTEX_POINT('',#18907);
#5584=VERTEX_POINT('',#18910);
#5585=VERTEX_POINT('',#18913);
#5586=VERTEX_POINT('',#18916);
#5587=VERTEX_POINT('',#18919);
#5588=VERTEX_POINT('',#18920);
#5589=VERTEX_POINT('',#18922);
#5590=VERTEX_POINT('',#18924);
#5591=VERTEX_POINT('',#18926);
#5592=VERTEX_POINT('',#18928);
#5593=VERTEX_POINT('',#18930);
#5594=VERTEX_POINT('',#18932);
#5595=VERTEX_POINT('',#18934);
#5596=VERTEX_POINT('',#18938);
#5597=VERTEX_POINT('',#18940);
#5598=VERTEX_POINT('',#18944);
#5599=VERTEX_POINT('',#18948);
#5600=VERTEX_POINT('',#18952);
#5601=VERTEX_POINT('',#18954);
#5602=VERTEX_POINT('',#18960);
#5603=VERTEX_POINT('',#18964);
#5604=VERTEX_POINT('',#18968);
#5605=VERTEX_POINT('',#18977);
#5606=VERTEX_POINT('',#18979);
#5607=VERTEX_POINT('',#18983);
#5608=VERTEX_POINT('',#18985);
#5609=VERTEX_POINT('',#18989);
#5610=VERTEX_POINT('',#18992);
#5611=VERTEX_POINT('',#18995);
#5612=VERTEX_POINT('',#18998);
#5613=VERTEX_POINT('',#19001);
#5614=VERTEX_POINT('',#19002);
#5615=VERTEX_POINT('',#19004);
#5616=VERTEX_POINT('',#19006);
#5617=VERTEX_POINT('',#19008);
#5618=VERTEX_POINT('',#19010);
#5619=VERTEX_POINT('',#19012);
#5620=VERTEX_POINT('',#19014);
#5621=VERTEX_POINT('',#19016);
#5622=VERTEX_POINT('',#19020);
#5623=VERTEX_POINT('',#19022);
#5624=VERTEX_POINT('',#19026);
#5625=VERTEX_POINT('',#19030);
#5626=VERTEX_POINT('',#19034);
#5627=VERTEX_POINT('',#19036);
#5628=VERTEX_POINT('',#19042);
#5629=VERTEX_POINT('',#19046);
#5630=VERTEX_POINT('',#19050);
#5631=VERTEX_POINT('',#19059);
#5632=VERTEX_POINT('',#19061);
#5633=VERTEX_POINT('',#19065);
#5634=VERTEX_POINT('',#19067);
#5635=VERTEX_POINT('',#19071);
#5636=VERTEX_POINT('',#19074);
#5637=VERTEX_POINT('',#19077);
#5638=VERTEX_POINT('',#19080);
#5639=VERTEX_POINT('',#19083);
#5640=VERTEX_POINT('',#19084);
#5641=VERTEX_POINT('',#19086);
#5642=VERTEX_POINT('',#19088);
#5643=VERTEX_POINT('',#19090);
#5644=VERTEX_POINT('',#19092);
#5645=VERTEX_POINT('',#19094);
#5646=VERTEX_POINT('',#19096);
#5647=VERTEX_POINT('',#19098);
#5648=VERTEX_POINT('',#19102);
#5649=VERTEX_POINT('',#19104);
#5650=VERTEX_POINT('',#19108);
#5651=VERTEX_POINT('',#19112);
#5652=VERTEX_POINT('',#19116);
#5653=VERTEX_POINT('',#19118);
#5654=VERTEX_POINT('',#19124);
#5655=VERTEX_POINT('',#19128);
#5656=VERTEX_POINT('',#19132);
#5657=VERTEX_POINT('',#19141);
#5658=VERTEX_POINT('',#19143);
#5659=VERTEX_POINT('',#19147);
#5660=VERTEX_POINT('',#19149);
#5661=VERTEX_POINT('',#19153);
#5662=VERTEX_POINT('',#19156);
#5663=VERTEX_POINT('',#19159);
#5664=VERTEX_POINT('',#19162);
#5665=VERTEX_POINT('',#19165);
#5666=VERTEX_POINT('',#19166);
#5667=VERTEX_POINT('',#19168);
#5668=VERTEX_POINT('',#19170);
#5669=VERTEX_POINT('',#19172);
#5670=VERTEX_POINT('',#19174);
#5671=VERTEX_POINT('',#19176);
#5672=VERTEX_POINT('',#19178);
#5673=VERTEX_POINT('',#19180);
#5674=VERTEX_POINT('',#19184);
#5675=VERTEX_POINT('',#19186);
#5676=VERTEX_POINT('',#19190);
#5677=VERTEX_POINT('',#19194);
#5678=VERTEX_POINT('',#19198);
#5679=VERTEX_POINT('',#19200);
#5680=VERTEX_POINT('',#19206);
#5681=VERTEX_POINT('',#19210);
#5682=VERTEX_POINT('',#19214);
#5683=EDGE_CURVE('',#4697,#4697,#4215,.T.);
#5684=EDGE_CURVE('',#4697,#4698,#2261,.T.);
#5685=EDGE_CURVE('',#4698,#4698,#4216,.T.);
#5686=EDGE_CURVE('',#4699,#4699,#4217,.T.);
#5687=EDGE_CURVE('',#4699,#4700,#2262,.T.);
#5688=EDGE_CURVE('',#4700,#4700,#4218,.T.);
#5689=EDGE_CURVE('',#4701,#4701,#4219,.T.);
#5690=EDGE_CURVE('',#4701,#4702,#2263,.T.);
#5691=EDGE_CURVE('',#4702,#4702,#4220,.T.);
#5692=EDGE_CURVE('',#4703,#4703,#4221,.T.);
#5693=EDGE_CURVE('',#4703,#4704,#2264,.T.);
#5694=EDGE_CURVE('',#4704,#4704,#4222,.T.);
#5695=EDGE_CURVE('',#4705,#4705,#4223,.T.);
#5696=EDGE_CURVE('',#4705,#4706,#2265,.T.);
#5697=EDGE_CURVE('',#4706,#4706,#4224,.T.);
#5698=EDGE_CURVE('',#4707,#4707,#4225,.T.);
#5699=EDGE_CURVE('',#4707,#4708,#2266,.T.);
#5700=EDGE_CURVE('',#4708,#4708,#4226,.T.);
#5701=EDGE_CURVE('',#4709,#4709,#4227,.T.);
#5702=EDGE_CURVE('',#4709,#4710,#2267,.T.);
#5703=EDGE_CURVE('',#4710,#4710,#4228,.T.);
#5704=EDGE_CURVE('',#4711,#4711,#4229,.T.);
#5705=EDGE_CURVE('',#4711,#4712,#2268,.T.);
#5706=EDGE_CURVE('',#4712,#4712,#4230,.T.);
#5707=EDGE_CURVE('',#4713,#4713,#4231,.T.);
#5708=EDGE_CURVE('',#4713,#4714,#2269,.T.);
#5709=EDGE_CURVE('',#4714,#4714,#4232,.T.);
#5710=EDGE_CURVE('',#4715,#4715,#4233,.T.);
#5711=EDGE_CURVE('',#4715,#4716,#2270,.T.);
#5712=EDGE_CURVE('',#4716,#4716,#4234,.T.);
#5713=EDGE_CURVE('',#4717,#4717,#4235,.T.);
#5714=EDGE_CURVE('',#4717,#4718,#2271,.T.);
#5715=EDGE_CURVE('',#4718,#4718,#4236,.T.);
#5716=EDGE_CURVE('',#4719,#4719,#4237,.T.);
#5717=EDGE_CURVE('',#4719,#4720,#2272,.T.);
#5718=EDGE_CURVE('',#4720,#4720,#4238,.T.);
#5719=EDGE_CURVE('',#4721,#4721,#4239,.T.);
#5720=EDGE_CURVE('',#4721,#4722,#2273,.T.);
#5721=EDGE_CURVE('',#4722,#4722,#4240,.T.);
#5722=EDGE_CURVE('',#4723,#4724,#2274,.T.);
#5723=EDGE_CURVE('',#4725,#4723,#2275,.T.);
#5724=EDGE_CURVE('',#4726,#4725,#2276,.T.);
#5725=EDGE_CURVE('',#4724,#4726,#2277,.T.);
#5726=EDGE_CURVE('',#4727,#4723,#2278,.T.);
#5727=EDGE_CURVE('',#4727,#4728,#2279,.T.);
#5728=EDGE_CURVE('',#4728,#4725,#2280,.T.);
#5729=EDGE_CURVE('',#4729,#4727,#2281,.T.);
#5730=EDGE_CURVE('',#4730,#4729,#2282,.T.);
#5731=EDGE_CURVE('',#4728,#4730,#2283,.T.);
#5732=EDGE_CURVE('',#4726,#4730,#2284,.T.);
#5733=EDGE_CURVE('',#4724,#4729,#2285,.T.);
#5734=EDGE_CURVE('',#4731,#4732,#2286,.T.);
#5735=EDGE_CURVE('',#4733,#4731,#2287,.T.);
#5736=EDGE_CURVE('',#4734,#4733,#2288,.T.);
#5737=EDGE_CURVE('',#4732,#4734,#2289,.T.);
#5738=EDGE_CURVE('',#4735,#4731,#2290,.T.);
#5739=EDGE_CURVE('',#4735,#4736,#2291,.T.);
#5740=EDGE_CURVE('',#4736,#4733,#2292,.T.);
#5741=EDGE_CURVE('',#4737,#4735,#2293,.T.);
#5742=EDGE_CURVE('',#4738,#4737,#2294,.T.);
#5743=EDGE_CURVE('',#4736,#4738,#2295,.T.);
#5744=EDGE_CURVE('',#4734,#4738,#2296,.T.);
#5745=EDGE_CURVE('',#4732,#4737,#2297,.T.);
#5746=EDGE_CURVE('',#4739,#4740,#2298,.T.);
#5747=EDGE_CURVE('',#4741,#4739,#2299,.T.);
#5748=EDGE_CURVE('',#4742,#4741,#2300,.T.);
#5749=EDGE_CURVE('',#4740,#4742,#2301,.T.);
#5750=EDGE_CURVE('',#4743,#4739,#2302,.T.);
#5751=EDGE_CURVE('',#4743,#4744,#2303,.T.);
#5752=EDGE_CURVE('',#4744,#4741,#2304,.T.);
#5753=EDGE_CURVE('',#4745,#4743,#2305,.T.);
#5754=EDGE_CURVE('',#4746,#4745,#2306,.T.);
#5755=EDGE_CURVE('',#4744,#4746,#2307,.T.);
#5756=EDGE_CURVE('',#4742,#4746,#2308,.T.);
#5757=EDGE_CURVE('',#4740,#4745,#2309,.T.);
#5758=EDGE_CURVE('',#4747,#4748,#2310,.T.);
#5759=EDGE_CURVE('',#4749,#4747,#2311,.T.);
#5760=EDGE_CURVE('',#4750,#4749,#2312,.T.);
#5761=EDGE_CURVE('',#4748,#4750,#2313,.T.);
#5762=EDGE_CURVE('',#4751,#4747,#2314,.T.);
#5763=EDGE_CURVE('',#4751,#4752,#2315,.T.);
#5764=EDGE_CURVE('',#4752,#4749,#2316,.T.);
#5765=EDGE_CURVE('',#4753,#4751,#2317,.T.);
#5766=EDGE_CURVE('',#4754,#4753,#2318,.T.);
#5767=EDGE_CURVE('',#4752,#4754,#2319,.T.);
#5768=EDGE_CURVE('',#4750,#4754,#2320,.T.);
#5769=EDGE_CURVE('',#4748,#4753,#2321,.T.);
#5770=EDGE_CURVE('',#4755,#4756,#2322,.T.);
#5771=EDGE_CURVE('',#4757,#4755,#2323,.T.);
#5772=EDGE_CURVE('',#4758,#4757,#2324,.T.);
#5773=EDGE_CURVE('',#4756,#4758,#2325,.T.);
#5774=EDGE_CURVE('',#4759,#4755,#2326,.T.);
#5775=EDGE_CURVE('',#4759,#4760,#2327,.T.);
#5776=EDGE_CURVE('',#4760,#4757,#2328,.T.);
#5777=EDGE_CURVE('',#4761,#4759,#2329,.T.);
#5778=EDGE_CURVE('',#4762,#4761,#2330,.T.);
#5779=EDGE_CURVE('',#4760,#4762,#2331,.T.);
#5780=EDGE_CURVE('',#4758,#4762,#2332,.T.);
#5781=EDGE_CURVE('',#4756,#4761,#2333,.T.);
#5782=EDGE_CURVE('',#4763,#4764,#2334,.T.);
#5783=EDGE_CURVE('',#4764,#4765,#2335,.T.);
#5784=EDGE_CURVE('',#4766,#4765,#2336,.T.);
#5785=EDGE_CURVE('',#4763,#4766,#2337,.T.);
#5786=EDGE_CURVE('',#4767,#4763,#2338,.T.);
#5787=EDGE_CURVE('',#4768,#4766,#2339,.T.);
#5788=EDGE_CURVE('',#4767,#4768,#2340,.T.);
#5789=EDGE_CURVE('',#4769,#4767,#2341,.T.);
#5790=EDGE_CURVE('',#4770,#4768,#2342,.T.);
#5791=EDGE_CURVE('',#4769,#4770,#2343,.T.);
#5792=EDGE_CURVE('',#4764,#4769,#2344,.T.);
#5793=EDGE_CURVE('',#4765,#4770,#2345,.T.);
#5794=EDGE_CURVE('',#4771,#4771,#4241,.T.);
#5795=EDGE_CURVE('',#4771,#4772,#2346,.T.);
#5796=EDGE_CURVE('',#4772,#4772,#4242,.T.);
#5797=EDGE_CURVE('',#4773,#4773,#4243,.T.);
#5798=EDGE_CURVE('',#4773,#4774,#2347,.T.);
#5799=EDGE_CURVE('',#4774,#4774,#4244,.T.);
#5800=EDGE_CURVE('',#4775,#4775,#4245,.T.);
#5801=EDGE_CURVE('',#4775,#4776,#2348,.T.);
#5802=EDGE_CURVE('',#4776,#4776,#4246,.T.);
#5803=EDGE_CURVE('',#4777,#4777,#4247,.T.);
#5804=EDGE_CURVE('',#4777,#4778,#2349,.T.);
#5805=EDGE_CURVE('',#4778,#4778,#4248,.T.);
#5806=EDGE_CURVE('',#4779,#4779,#4249,.T.);
#5807=EDGE_CURVE('',#4779,#4780,#2350,.T.);
#5808=EDGE_CURVE('',#4780,#4780,#4250,.T.);
#5809=EDGE_CURVE('',#4781,#4781,#4251,.T.);
#5810=EDGE_CURVE('',#4781,#4782,#2351,.T.);
#5811=EDGE_CURVE('',#4782,#4782,#4252,.T.);
#5812=EDGE_CURVE('',#4783,#4783,#4253,.T.);
#5813=EDGE_CURVE('',#4783,#4784,#2352,.T.);
#5814=EDGE_CURVE('',#4784,#4784,#4254,.T.);
#5815=EDGE_CURVE('',#4785,#4785,#4255,.T.);
#5816=EDGE_CURVE('',#4785,#4786,#2353,.T.);
#5817=EDGE_CURVE('',#4786,#4786,#4256,.T.);
#5818=EDGE_CURVE('',#4787,#4787,#4257,.T.);
#5819=EDGE_CURVE('',#4787,#4788,#2354,.T.);
#5820=EDGE_CURVE('',#4788,#4788,#4258,.T.);
#5821=EDGE_CURVE('',#4789,#4789,#4259,.T.);
#5822=EDGE_CURVE('',#4789,#4790,#2355,.T.);
#5823=EDGE_CURVE('',#4790,#4790,#4260,.T.);
#5824=EDGE_CURVE('',#4791,#4791,#4261,.T.);
#5825=EDGE_CURVE('',#4792,#4792,#4262,.T.);
#5826=EDGE_CURVE('',#4793,#4793,#4263,.T.);
#5827=EDGE_CURVE('',#4794,#4794,#4264,.T.);
#5828=EDGE_CURVE('',#4791,#4793,#2356,.T.);
#5829=EDGE_CURVE('',#4794,#4795,#2357,.T.);
#5830=EDGE_CURVE('',#4795,#4795,#4265,.T.);
#5831=EDGE_CURVE('',#4796,#4796,#4266,.T.);
#5832=EDGE_CURVE('',#4797,#4797,#4267,.T.);
#5833=EDGE_CURVE('',#4797,#4798,#2358,.T.);
#5834=EDGE_CURVE('',#4798,#4798,#4268,.T.);
#5835=EDGE_CURVE('',#4799,#4800,#2359,.T.);
#5836=EDGE_CURVE('',#4800,#4801,#4269,.T.);
#5837=EDGE_CURVE('',#4801,#4802,#2360,.T.);
#5838=EDGE_CURVE('',#4802,#4803,#2361,.T.);
#5839=EDGE_CURVE('',#4803,#4804,#4270,.T.);
#5840=EDGE_CURVE('',#4804,#4799,#2362,.T.);
#5841=EDGE_CURVE('',#4805,#4806,#2363,.T.);
#5842=EDGE_CURVE('',#4805,#4807,#2364,.T.);
#5843=EDGE_CURVE('',#4808,#4807,#4271,.T.);
#5844=EDGE_CURVE('',#4808,#4809,#2365,.T.);
#5845=EDGE_CURVE('',#4810,#4809,#2366,.T.);
#5846=EDGE_CURVE('',#4806,#4810,#4272,.T.);
#5847=EDGE_CURVE('',#4811,#4811,#4273,.T.);
#5848=EDGE_CURVE('',#4805,#4799,#2367,.T.);
#5849=EDGE_CURVE('',#4807,#4804,#2368,.T.);
#5850=EDGE_CURVE('',#4808,#4803,#2369,.T.);
#5851=EDGE_CURVE('',#4809,#4802,#2370,.T.);
#5852=EDGE_CURVE('',#4810,#4801,#2371,.T.);
#5853=EDGE_CURVE('',#4806,#4800,#2372,.T.);
#5854=EDGE_CURVE('',#4812,#4813,#2373,.T.);
#5855=EDGE_CURVE('',#4812,#4814,#2374,.T.);
#5856=EDGE_CURVE('',#4815,#4814,#4274,.T.);
#5857=EDGE_CURVE('',#4815,#4816,#2375,.T.);
#5858=EDGE_CURVE('',#4817,#4816,#2376,.T.);
#5859=EDGE_CURVE('',#4813,#4817,#4275,.T.);
#5860=EDGE_CURVE('',#4818,#4818,#4276,.T.);
#5861=EDGE_CURVE('',#4819,#4820,#2377,.T.);
#5862=EDGE_CURVE('',#4820,#4821,#4277,.T.);
#5863=EDGE_CURVE('',#4821,#4822,#2378,.T.);
#5864=EDGE_CURVE('',#4822,#4823,#2379,.T.);
#5865=EDGE_CURVE('',#4823,#4824,#4278,.T.);
#5866=EDGE_CURVE('',#4824,#4819,#2380,.T.);
#5867=EDGE_CURVE('',#4825,#4825,#4279,.T.);
#5868=EDGE_CURVE('',#4812,#4819,#2381,.T.);
#5869=EDGE_CURVE('',#4814,#4824,#2382,.T.);
#5870=EDGE_CURVE('',#4815,#4823,#2383,.T.);
#5871=EDGE_CURVE('',#4816,#4822,#2384,.T.);
#5872=EDGE_CURVE('',#4817,#4821,#2385,.T.);
#5873=EDGE_CURVE('',#4813,#4820,#2386,.T.);
#5874=EDGE_CURVE('',#4811,#4825,#2387,.T.);
#5875=EDGE_CURVE('',#4826,#4827,#4280,.T.);
#5876=EDGE_CURVE('',#4827,#4828,#2388,.T.);
#5877=EDGE_CURVE('',#4828,#4829,#2389,.T.);
#5878=EDGE_CURVE('',#4829,#4830,#4281,.T.);
#5879=EDGE_CURVE('',#4830,#4831,#2390,.T.);
#5880=EDGE_CURVE('',#4831,#4826,#2391,.T.);
#5881=EDGE_CURVE('',#4832,#4832,#4282,.T.);
#5882=EDGE_CURVE('',#4833,#4834,#4283,.T.);
#5883=EDGE_CURVE('',#4835,#4833,#2392,.T.);
#5884=EDGE_CURVE('',#4836,#4835,#2393,.T.);
#5885=EDGE_CURVE('',#4837,#4836,#4284,.T.);
#5886=EDGE_CURVE('',#4838,#4837,#2394,.T.);
#5887=EDGE_CURVE('',#4834,#4838,#2395,.T.);
#5888=EDGE_CURVE('',#4839,#4839,#4285,.T.);
#5889=EDGE_CURVE('',#4833,#4826,#2396,.T.);
#5890=EDGE_CURVE('',#4835,#4831,#2397,.T.);
#5891=EDGE_CURVE('',#4836,#4830,#2398,.T.);
#5892=EDGE_CURVE('',#4837,#4829,#2399,.T.);
#5893=EDGE_CURVE('',#4838,#4828,#2400,.T.);
#5894=EDGE_CURVE('',#4834,#4827,#2401,.T.);
#5895=EDGE_CURVE('',#4840,#4841,#4286,.T.);
#5896=EDGE_CURVE('',#4841,#4842,#2402,.T.);
#5897=EDGE_CURVE('',#4842,#4843,#2403,.T.);
#5898=EDGE_CURVE('',#4843,#4844,#4287,.T.);
#5899=EDGE_CURVE('',#4844,#4845,#2404,.T.);
#5900=EDGE_CURVE('',#4845,#4840,#2405,.T.);
#5901=EDGE_CURVE('',#4846,#4846,#4288,.T.);
#5902=EDGE_CURVE('',#4847,#4848,#4289,.T.);
#5903=EDGE_CURVE('',#4849,#4847,#2406,.T.);
#5904=EDGE_CURVE('',#4850,#4849,#2407,.T.);
#5905=EDGE_CURVE('',#4851,#4850,#4290,.T.);
#5906=EDGE_CURVE('',#4852,#4851,#2408,.T.);
#5907=EDGE_CURVE('',#4848,#4852,#2409,.T.);
#5908=EDGE_CURVE('',#4853,#4853,#4291,.T.);
#5909=EDGE_CURVE('',#4847,#4840,#2410,.T.);
#5910=EDGE_CURVE('',#4849,#4845,#2411,.T.);
#5911=EDGE_CURVE('',#4850,#4844,#2412,.T.);
#5912=EDGE_CURVE('',#4851,#4843,#2413,.T.);
#5913=EDGE_CURVE('',#4852,#4842,#2414,.T.);
#5914=EDGE_CURVE('',#4848,#4841,#2415,.T.);
#5915=EDGE_CURVE('',#4854,#4855,#4292,.T.);
#5916=EDGE_CURVE('',#4855,#4856,#2416,.T.);
#5917=EDGE_CURVE('',#4856,#4857,#2417,.T.);
#5918=EDGE_CURVE('',#4857,#4858,#4293,.T.);
#5919=EDGE_CURVE('',#4858,#4859,#2418,.T.);
#5920=EDGE_CURVE('',#4859,#4854,#2419,.T.);
#5921=EDGE_CURVE('',#4860,#4860,#4294,.T.);
#5922=EDGE_CURVE('',#4861,#4862,#4295,.T.);
#5923=EDGE_CURVE('',#4863,#4861,#2420,.T.);
#5924=EDGE_CURVE('',#4864,#4863,#2421,.T.);
#5925=EDGE_CURVE('',#4865,#4864,#4296,.T.);
#5926=EDGE_CURVE('',#4866,#4865,#2422,.T.);
#5927=EDGE_CURVE('',#4862,#4866,#2423,.T.);
#5928=EDGE_CURVE('',#4867,#4867,#4297,.T.);
#5929=EDGE_CURVE('',#4861,#4854,#2424,.T.);
#5930=EDGE_CURVE('',#4863,#4859,#2425,.T.);
#5931=EDGE_CURVE('',#4864,#4858,#2426,.T.);
#5932=EDGE_CURVE('',#4865,#4857,#2427,.T.);
#5933=EDGE_CURVE('',#4866,#4856,#2428,.T.);
#5934=EDGE_CURVE('',#4862,#4855,#2429,.T.);
#5935=EDGE_CURVE('',#4868,#4869,#4298,.T.);
#5936=EDGE_CURVE('',#4870,#4868,#2430,.T.);
#5937=EDGE_CURVE('',#4871,#4870,#2431,.T.);
#5938=EDGE_CURVE('',#4872,#4871,#4299,.T.);
#5939=EDGE_CURVE('',#4873,#4872,#2432,.T.);
#5940=EDGE_CURVE('',#4869,#4873,#2433,.T.);
#5941=EDGE_CURVE('',#4874,#4874,#4300,.T.);
#5942=EDGE_CURVE('',#4875,#4876,#4301,.T.);
#5943=EDGE_CURVE('',#4876,#4877,#2434,.T.);
#5944=EDGE_CURVE('',#4877,#4878,#2435,.T.);
#5945=EDGE_CURVE('',#4878,#4879,#4302,.T.);
#5946=EDGE_CURVE('',#4879,#4880,#2436,.T.);
#5947=EDGE_CURVE('',#4880,#4875,#2437,.T.);
#5948=EDGE_CURVE('',#4881,#4881,#4303,.T.);
#5949=EDGE_CURVE('',#4868,#4875,#2438,.T.);
#5950=EDGE_CURVE('',#4870,#4880,#2439,.T.);
#5951=EDGE_CURVE('',#4871,#4879,#2440,.T.);
#5952=EDGE_CURVE('',#4872,#4878,#2441,.T.);
#5953=EDGE_CURVE('',#4873,#4877,#2442,.T.);
#5954=EDGE_CURVE('',#4869,#4876,#2443,.T.);
#5955=EDGE_CURVE('',#4867,#4881,#2444,.T.);
#5956=EDGE_CURVE('',#4882,#4883,#2445,.T.);
#5957=EDGE_CURVE('',#4883,#4884,#4304,.T.);
#5958=EDGE_CURVE('',#4884,#4885,#2446,.T.);
#5959=EDGE_CURVE('',#4885,#4886,#2447,.T.);
#5960=EDGE_CURVE('',#4886,#4887,#4305,.T.);
#5961=EDGE_CURVE('',#4887,#4882,#2448,.T.);
#5962=EDGE_CURVE('',#4888,#4888,#4306,.T.);
#5963=EDGE_CURVE('',#4889,#4890,#2449,.T.);
#5964=EDGE_CURVE('',#4889,#4891,#2450,.T.);
#5965=EDGE_CURVE('',#4892,#4891,#4307,.T.);
#5966=EDGE_CURVE('',#4892,#4893,#2451,.T.);
#5967=EDGE_CURVE('',#4894,#4893,#2452,.T.);
#5968=EDGE_CURVE('',#4890,#4894,#4308,.T.);
#5969=EDGE_CURVE('',#4895,#4895,#4309,.T.);
#5970=EDGE_CURVE('',#4889,#4882,#2453,.T.);
#5971=EDGE_CURVE('',#4891,#4887,#2454,.T.);
#5972=EDGE_CURVE('',#4892,#4886,#2455,.T.);
#5973=EDGE_CURVE('',#4893,#4885,#2456,.T.);
#5974=EDGE_CURVE('',#4894,#4884,#2457,.T.);
#5975=EDGE_CURVE('',#4890,#4883,#2458,.T.);
#5976=EDGE_CURVE('',#4896,#4897,#2459,.T.);
#5977=EDGE_CURVE('',#4897,#4898,#4310,.T.);
#5978=EDGE_CURVE('',#4898,#4899,#2460,.T.);
#5979=EDGE_CURVE('',#4899,#4900,#2461,.T.);
#5980=EDGE_CURVE('',#4900,#4901,#4311,.T.);
#5981=EDGE_CURVE('',#4901,#4896,#2462,.T.);
#5982=EDGE_CURVE('',#4902,#4902,#4312,.T.);
#5983=EDGE_CURVE('',#4903,#4904,#2463,.T.);
#5984=EDGE_CURVE('',#4903,#4905,#2464,.T.);
#5985=EDGE_CURVE('',#4906,#4905,#4313,.T.);
#5986=EDGE_CURVE('',#4906,#4907,#2465,.T.);
#5987=EDGE_CURVE('',#4908,#4907,#2466,.T.);
#5988=EDGE_CURVE('',#4904,#4908,#4314,.T.);
#5989=EDGE_CURVE('',#4909,#4909,#4315,.T.);
#5990=EDGE_CURVE('',#4903,#4896,#2467,.T.);
#5991=EDGE_CURVE('',#4905,#4901,#2468,.T.);
#5992=EDGE_CURVE('',#4906,#4900,#2469,.T.);
#5993=EDGE_CURVE('',#4907,#4899,#2470,.T.);
#5994=EDGE_CURVE('',#4908,#4898,#2471,.T.);
#5995=EDGE_CURVE('',#4904,#4897,#2472,.T.);
#5996=EDGE_CURVE('',#4909,#4910,#2473,.T.);
#5997=EDGE_CURVE('',#4910,#4910,#4316,.T.);
#5998=EDGE_CURVE('',#4895,#4902,#2474,.T.);
#5999=EDGE_CURVE('',#4874,#4888,#2475,.T.);
#6000=EDGE_CURVE('',#4853,#4860,#2476,.T.);
#6001=EDGE_CURVE('',#4839,#4846,#2477,.T.);
#6002=EDGE_CURVE('',#4818,#4832,#2478,.T.);
#6003=EDGE_CURVE('',#4796,#4792,#2479,.T.);
#6004=EDGE_CURVE('',#4911,#4911,#4317,.T.);
#6005=EDGE_CURVE('',#4911,#4912,#2480,.T.);
#6006=EDGE_CURVE('',#4912,#4912,#4318,.T.);
#6007=EDGE_CURVE('',#4913,#4913,#4319,.T.);
#6008=EDGE_CURVE('',#4913,#4914,#2481,.T.);
#6009=EDGE_CURVE('',#4914,#4914,#4320,.T.);
#6010=EDGE_CURVE('',#4915,#4915,#4321,.T.);
#6011=EDGE_CURVE('',#4915,#4916,#2482,.T.);
#6012=EDGE_CURVE('',#4916,#4916,#4322,.T.);
#6013=EDGE_CURVE('',#4917,#4917,#4323,.T.);
#6014=EDGE_CURVE('',#4917,#4918,#2483,.T.);
#6015=EDGE_CURVE('',#4918,#4918,#4324,.T.);
#6016=EDGE_CURVE('',#4919,#4919,#4325,.T.);
#6017=EDGE_CURVE('',#4919,#4920,#2484,.T.);
#6018=EDGE_CURVE('',#4920,#4920,#4326,.T.);
#6019=EDGE_CURVE('',#4921,#4921,#4327,.T.);
#6020=EDGE_CURVE('',#4921,#4922,#2485,.T.);
#6021=EDGE_CURVE('',#4922,#4922,#4328,.T.);
#6022=EDGE_CURVE('',#4923,#4923,#4329,.T.);
#6023=EDGE_CURVE('',#4923,#4924,#2486,.T.);
#6024=EDGE_CURVE('',#4924,#4924,#4330,.T.);
#6025=EDGE_CURVE('',#4925,#4925,#4331,.T.);
#6026=EDGE_CURVE('',#4925,#4926,#2487,.T.);
#6027=EDGE_CURVE('',#4926,#4926,#4332,.T.);
#6028=EDGE_CURVE('',#4927,#4927,#4333,.T.);
#6029=EDGE_CURVE('',#4928,#4928,#4334,.T.);
#6030=EDGE_CURVE('',#4927,#4929,#2488,.T.);
#6031=EDGE_CURVE('',#4929,#4929,#4335,.T.);
#6032=EDGE_CURVE('',#4930,#4930,#4336,.T.);
#6033=EDGE_CURVE('',#4931,#4931,#4337,.T.);
#6034=EDGE_CURVE('',#4931,#4930,#2489,.T.);
#6035=EDGE_CURVE('',#4932,#4932,#4338,.T.);
#6036=EDGE_CURVE('',#4932,#4933,#2490,.T.);
#6037=EDGE_CURVE('',#4933,#4933,#4339,.T.);
#6038=EDGE_CURVE('',#4934,#4934,#4340,.T.);
#6039=EDGE_CURVE('',#4934,#4928,#2491,.T.);
#6040=EDGE_CURVE('',#4935,#4935,#4341,.T.);
#6041=EDGE_CURVE('',#4935,#4936,#2492,.T.);
#6042=EDGE_CURVE('',#4936,#4936,#4342,.T.);
#6043=EDGE_CURVE('',#4937,#4937,#4343,.T.);
#6044=EDGE_CURVE('',#4937,#4938,#2493,.T.);
#6045=EDGE_CURVE('',#4938,#4938,#4344,.T.);
#6046=EDGE_CURVE('',#4939,#4939,#4345,.T.);
#6047=EDGE_CURVE('',#4939,#4940,#2494,.T.);
#6048=EDGE_CURVE('',#4940,#4940,#4346,.T.);
#6049=EDGE_CURVE('',#4941,#4941,#4347,.T.);
#6050=EDGE_CURVE('',#4941,#4942,#2495,.T.);
#6051=EDGE_CURVE('',#4942,#4942,#4348,.T.);
#6052=EDGE_CURVE('',#4943,#4943,#4349,.T.);
#6053=EDGE_CURVE('',#4943,#4944,#2496,.T.);
#6054=EDGE_CURVE('',#4944,#4944,#4350,.T.);
#6055=EDGE_CURVE('',#4945,#4945,#4351,.T.);
#6056=EDGE_CURVE('',#4945,#4946,#2497,.T.);
#6057=EDGE_CURVE('',#4946,#4946,#4352,.T.);
#6058=EDGE_CURVE('',#4947,#4947,#4353,.T.);
#6059=EDGE_CURVE('',#4948,#4948,#4354,.T.);
#6060=EDGE_CURVE('',#4949,#4949,#4355,.T.);
#6061=EDGE_CURVE('',#4949,#4947,#2498,.T.);
#6062=EDGE_CURVE('',#4950,#4950,#4356,.T.);
#6063=EDGE_CURVE('',#4950,#4949,#2499,.T.);
#6064=EDGE_CURVE('',#4951,#4951,#4357,.T.);
#6065=EDGE_CURVE('',#4951,#4950,#2500,.T.);
#6066=EDGE_CURVE('',#4952,#4952,#4358,.T.);
#6067=EDGE_CURVE('',#4952,#4951,#2501,.T.);
#6068=EDGE_CURVE('',#4953,#4953,#4359,.T.);
#6069=EDGE_CURVE('',#4953,#4952,#2502,.T.);
#6070=EDGE_CURVE('',#4954,#4954,#4360,.T.);
#6071=EDGE_CURVE('',#4954,#4953,#2503,.T.);
#6072=EDGE_CURVE('',#4955,#4955,#4361,.T.);
#6073=EDGE_CURVE('',#4955,#4954,#2504,.T.);
#6074=EDGE_CURVE('',#4956,#4956,#4362,.T.);
#6075=EDGE_CURVE('',#4956,#4955,#2505,.T.);
#6076=EDGE_CURVE('',#4957,#4957,#4363,.T.);
#6077=EDGE_CURVE('',#4957,#4956,#2506,.T.);
#6078=EDGE_CURVE('',#4958,#4958,#4364,.T.);
#6079=EDGE_CURVE('',#4958,#4948,#2507,.T.);
#6080=EDGE_CURVE('',#4959,#4960,#2508,.T.);
#6081=EDGE_CURVE('',#4961,#4959,#2509,.T.);
#6082=EDGE_CURVE('',#4962,#4961,#2510,.T.);
#6083=EDGE_CURVE('',#4963,#4962,#2511,.T.);
#6084=EDGE_CURVE('',#4964,#4963,#2512,.T.);
#6085=EDGE_CURVE('',#4960,#4964,#2513,.T.);
#6086=EDGE_CURVE('',#4965,#4965,#4365,.T.);
#6087=EDGE_CURVE('',#4959,#4966,#2514,.T.);
#6088=EDGE_CURVE('',#4967,#4966,#2515,.T.);
#6089=EDGE_CURVE('',#4961,#4967,#2516,.T.);
#6090=EDGE_CURVE('',#4968,#4967,#2517,.T.);
#6091=EDGE_CURVE('',#4962,#4968,#2518,.T.);
#6092=EDGE_CURVE('',#4969,#4968,#2519,.T.);
#6093=EDGE_CURVE('',#4963,#4969,#2520,.T.);
#6094=EDGE_CURVE('',#4970,#4969,#2521,.T.);
#6095=EDGE_CURVE('',#4964,#4970,#2522,.T.);
#6096=EDGE_CURVE('',#4971,#4970,#2523,.T.);
#6097=EDGE_CURVE('',#4960,#4971,#2524,.T.);
#6098=EDGE_CURVE('',#4966,#4971,#2525,.T.);
#6099=EDGE_CURVE('',#4965,#4972,#2526,.T.);
#6100=EDGE_CURVE('',#4972,#4972,#4366,.T.);
#6101=EDGE_CURVE('',#4973,#4974,#2527,.T.);
#6102=EDGE_CURVE('',#4975,#4973,#2528,.T.);
#6103=EDGE_CURVE('',#4976,#4975,#2529,.T.);
#6104=EDGE_CURVE('',#4977,#4976,#2530,.T.);
#6105=EDGE_CURVE('',#4978,#4977,#2531,.T.);
#6106=EDGE_CURVE('',#4974,#4978,#2532,.T.);
#6107=EDGE_CURVE('',#4979,#4979,#4367,.T.);
#6108=EDGE_CURVE('',#4973,#4980,#2533,.T.);
#6109=EDGE_CURVE('',#4981,#4980,#2534,.T.);
#6110=EDGE_CURVE('',#4975,#4981,#2535,.T.);
#6111=EDGE_CURVE('',#4982,#4981,#2536,.T.);
#6112=EDGE_CURVE('',#4976,#4982,#2537,.T.);
#6113=EDGE_CURVE('',#4983,#4982,#2538,.T.);
#6114=EDGE_CURVE('',#4977,#4983,#2539,.T.);
#6115=EDGE_CURVE('',#4984,#4983,#2540,.T.);
#6116=EDGE_CURVE('',#4978,#4984,#2541,.T.);
#6117=EDGE_CURVE('',#4985,#4984,#2542,.T.);
#6118=EDGE_CURVE('',#4974,#4985,#2543,.T.);
#6119=EDGE_CURVE('',#4980,#4985,#2544,.T.);
#6120=EDGE_CURVE('',#4979,#4986,#2545,.T.);
#6121=EDGE_CURVE('',#4986,#4986,#4368,.T.);
#6122=EDGE_CURVE('',#4987,#4988,#2546,.T.);
#6123=EDGE_CURVE('',#4989,#4987,#2547,.T.);
#6124=EDGE_CURVE('',#4990,#4989,#2548,.T.);
#6125=EDGE_CURVE('',#4991,#4990,#2549,.T.);
#6126=EDGE_CURVE('',#4992,#4991,#2550,.T.);
#6127=EDGE_CURVE('',#4988,#4992,#2551,.T.);
#6128=EDGE_CURVE('',#4993,#4993,#4369,.T.);
#6129=EDGE_CURVE('',#4987,#4994,#2552,.T.);
#6130=EDGE_CURVE('',#4995,#4994,#2553,.T.);
#6131=EDGE_CURVE('',#4989,#4995,#2554,.T.);
#6132=EDGE_CURVE('',#4996,#4995,#2555,.T.);
#6133=EDGE_CURVE('',#4990,#4996,#2556,.T.);
#6134=EDGE_CURVE('',#4997,#4996,#2557,.T.);
#6135=EDGE_CURVE('',#4991,#4997,#2558,.T.);
#6136=EDGE_CURVE('',#4998,#4997,#2559,.T.);
#6137=EDGE_CURVE('',#4992,#4998,#2560,.T.);
#6138=EDGE_CURVE('',#4999,#4998,#2561,.T.);
#6139=EDGE_CURVE('',#4988,#4999,#2562,.T.);
#6140=EDGE_CURVE('',#4994,#4999,#2563,.T.);
#6141=EDGE_CURVE('',#4993,#5000,#2564,.T.);
#6142=EDGE_CURVE('',#5000,#5000,#4370,.T.);
#6143=EDGE_CURVE('',#5001,#5002,#2565,.T.);
#6144=EDGE_CURVE('',#5003,#5001,#2566,.T.);
#6145=EDGE_CURVE('',#5004,#5003,#2567,.T.);
#6146=EDGE_CURVE('',#5005,#5004,#2568,.T.);
#6147=EDGE_CURVE('',#5006,#5005,#2569,.T.);
#6148=EDGE_CURVE('',#5002,#5006,#2570,.T.);
#6149=EDGE_CURVE('',#5007,#5007,#4371,.T.);
#6150=EDGE_CURVE('',#5001,#5008,#2571,.T.);
#6151=EDGE_CURVE('',#5009,#5008,#2572,.T.);
#6152=EDGE_CURVE('',#5003,#5009,#2573,.T.);
#6153=EDGE_CURVE('',#5010,#5009,#2574,.T.);
#6154=EDGE_CURVE('',#5004,#5010,#2575,.T.);
#6155=EDGE_CURVE('',#5011,#5010,#2576,.T.);
#6156=EDGE_CURVE('',#5005,#5011,#2577,.T.);
#6157=EDGE_CURVE('',#5012,#5011,#2578,.T.);
#6158=EDGE_CURVE('',#5006,#5012,#2579,.T.);
#6159=EDGE_CURVE('',#5013,#5012,#2580,.T.);
#6160=EDGE_CURVE('',#5002,#5013,#2581,.T.);
#6161=EDGE_CURVE('',#5008,#5013,#2582,.T.);
#6162=EDGE_CURVE('',#5007,#5014,#2583,.T.);
#6163=EDGE_CURVE('',#5014,#5014,#4372,.T.);
#6164=EDGE_CURVE('',#5015,#5016,#2584,.T.);
#6165=EDGE_CURVE('',#5017,#5015,#2585,.T.);
#6166=EDGE_CURVE('',#5018,#5017,#2586,.T.);
#6167=EDGE_CURVE('',#5019,#5018,#2587,.T.);
#6168=EDGE_CURVE('',#5020,#5019,#2588,.T.);
#6169=EDGE_CURVE('',#5016,#5020,#2589,.T.);
#6170=EDGE_CURVE('',#5021,#5021,#4373,.T.);
#6171=EDGE_CURVE('',#5015,#5022,#2590,.T.);
#6172=EDGE_CURVE('',#5023,#5022,#2591,.T.);
#6173=EDGE_CURVE('',#5017,#5023,#2592,.T.);
#6174=EDGE_CURVE('',#5024,#5023,#2593,.T.);
#6175=EDGE_CURVE('',#5018,#5024,#2594,.T.);
#6176=EDGE_CURVE('',#5025,#5024,#2595,.T.);
#6177=EDGE_CURVE('',#5019,#5025,#2596,.T.);
#6178=EDGE_CURVE('',#5026,#5025,#2597,.T.);
#6179=EDGE_CURVE('',#5020,#5026,#2598,.T.);
#6180=EDGE_CURVE('',#5027,#5026,#2599,.T.);
#6181=EDGE_CURVE('',#5016,#5027,#2600,.T.);
#6182=EDGE_CURVE('',#5022,#5027,#2601,.T.);
#6183=EDGE_CURVE('',#5021,#5028,#2602,.T.);
#6184=EDGE_CURVE('',#5028,#5028,#4374,.T.);
#6185=EDGE_CURVE('',#5029,#5030,#2603,.T.);
#6186=EDGE_CURVE('',#5031,#5029,#2604,.T.);
#6187=EDGE_CURVE('',#5032,#5031,#2605,.T.);
#6188=EDGE_CURVE('',#5033,#5032,#2606,.T.);
#6189=EDGE_CURVE('',#5034,#5033,#2607,.T.);
#6190=EDGE_CURVE('',#5030,#5034,#2608,.T.);
#6191=EDGE_CURVE('',#5035,#5035,#4375,.T.);
#6192=EDGE_CURVE('',#5029,#5036,#2609,.T.);
#6193=EDGE_CURVE('',#5037,#5036,#2610,.T.);
#6194=EDGE_CURVE('',#5031,#5037,#2611,.T.);
#6195=EDGE_CURVE('',#5038,#5037,#2612,.T.);
#6196=EDGE_CURVE('',#5032,#5038,#2613,.T.);
#6197=EDGE_CURVE('',#5039,#5038,#2614,.T.);
#6198=EDGE_CURVE('',#5033,#5039,#2615,.T.);
#6199=EDGE_CURVE('',#5040,#5039,#2616,.T.);
#6200=EDGE_CURVE('',#5034,#5040,#2617,.T.);
#6201=EDGE_CURVE('',#5041,#5040,#2618,.T.);
#6202=EDGE_CURVE('',#5030,#5041,#2619,.T.);
#6203=EDGE_CURVE('',#5036,#5041,#2620,.T.);
#6204=EDGE_CURVE('',#5035,#5042,#2621,.T.);
#6205=EDGE_CURVE('',#5042,#5042,#4376,.T.);
#6206=EDGE_CURVE('',#5043,#5044,#2622,.T.);
#6207=EDGE_CURVE('',#5045,#5043,#2623,.T.);
#6208=EDGE_CURVE('',#5046,#5045,#2624,.T.);
#6209=EDGE_CURVE('',#5047,#5046,#2625,.T.);
#6210=EDGE_CURVE('',#5048,#5047,#2626,.T.);
#6211=EDGE_CURVE('',#5044,#5048,#2627,.T.);
#6212=EDGE_CURVE('',#5049,#5049,#4377,.T.);
#6213=EDGE_CURVE('',#5043,#5050,#2628,.T.);
#6214=EDGE_CURVE('',#5051,#5050,#2629,.T.);
#6215=EDGE_CURVE('',#5045,#5051,#2630,.T.);
#6216=EDGE_CURVE('',#5052,#5051,#2631,.T.);
#6217=EDGE_CURVE('',#5046,#5052,#2632,.T.);
#6218=EDGE_CURVE('',#5053,#5052,#2633,.T.);
#6219=EDGE_CURVE('',#5047,#5053,#2634,.T.);
#6220=EDGE_CURVE('',#5054,#5053,#2635,.T.);
#6221=EDGE_CURVE('',#5048,#5054,#2636,.T.);
#6222=EDGE_CURVE('',#5055,#5054,#2637,.T.);
#6223=EDGE_CURVE('',#5044,#5055,#2638,.T.);
#6224=EDGE_CURVE('',#5050,#5055,#2639,.T.);
#6225=EDGE_CURVE('',#5049,#5056,#2640,.T.);
#6226=EDGE_CURVE('',#5056,#5056,#4378,.T.);
#6227=EDGE_CURVE('',#5057,#5058,#2641,.T.);
#6228=EDGE_CURVE('',#5059,#5057,#2642,.T.);
#6229=EDGE_CURVE('',#5060,#5059,#2643,.T.);
#6230=EDGE_CURVE('',#5061,#5060,#2644,.T.);
#6231=EDGE_CURVE('',#5062,#5061,#2645,.T.);
#6232=EDGE_CURVE('',#5058,#5062,#2646,.T.);
#6233=EDGE_CURVE('',#5063,#5063,#4379,.T.);
#6234=EDGE_CURVE('',#5057,#5064,#2647,.T.);
#6235=EDGE_CURVE('',#5065,#5064,#2648,.T.);
#6236=EDGE_CURVE('',#5059,#5065,#2649,.T.);
#6237=EDGE_CURVE('',#5066,#5065,#2650,.T.);
#6238=EDGE_CURVE('',#5060,#5066,#2651,.T.);
#6239=EDGE_CURVE('',#5067,#5066,#2652,.T.);
#6240=EDGE_CURVE('',#5061,#5067,#2653,.T.);
#6241=EDGE_CURVE('',#5068,#5067,#2654,.T.);
#6242=EDGE_CURVE('',#5062,#5068,#2655,.T.);
#6243=EDGE_CURVE('',#5069,#5068,#2656,.T.);
#6244=EDGE_CURVE('',#5058,#5069,#2657,.T.);
#6245=EDGE_CURVE('',#5064,#5069,#2658,.T.);
#6246=EDGE_CURVE('',#5063,#5070,#2659,.T.);
#6247=EDGE_CURVE('',#5070,#5070,#4380,.T.);
#6248=EDGE_CURVE('',#5071,#5072,#4381,.T.);
#6249=EDGE_CURVE('',#5072,#5073,#2660,.T.);
#6250=EDGE_CURVE('',#5073,#5074,#4382,.T.);
#6251=EDGE_CURVE('',#5074,#5071,#2661,.T.);
#6252=EDGE_CURVE('',#5075,#5072,#2662,.T.);
#6253=EDGE_CURVE('',#5076,#5075,#2663,.T.);
#6254=EDGE_CURVE('',#5076,#5073,#2664,.T.);
#6255=EDGE_CURVE('',#5071,#5077,#2665,.T.);
#6256=EDGE_CURVE('',#5078,#5077,#4383,.T.);
#6257=EDGE_CURVE('',#5078,#5079,#2666,.T.);
#6258=EDGE_CURVE('',#5080,#5079,#4384,.T.);
#6259=EDGE_CURVE('',#5080,#5081,#2667,.T.);
#6260=EDGE_CURVE('',#5075,#5081,#4385,.T.);
#6261=EDGE_CURVE('',#5082,#5082,#4386,.T.);
#6262=EDGE_CURVE('',#5083,#5083,#4387,.T.);
#6263=EDGE_CURVE('',#5084,#5084,#4388,.T.);
#6264=EDGE_CURVE('',#5085,#5085,#4389,.T.);
#6265=EDGE_CURVE('',#5086,#5086,#4390,.T.);
#6266=EDGE_CURVE('',#5087,#5087,#4391,.T.);
#6267=EDGE_CURVE('',#5088,#5088,#4392,.T.);
#6268=EDGE_CURVE('',#5089,#5089,#4393,.T.);
#6269=EDGE_CURVE('',#5090,#5091,#2668,.T.);
#6270=EDGE_CURVE('',#5091,#5092,#2669,.T.);
#6271=EDGE_CURVE('',#5092,#5093,#2670,.T.);
#6272=EDGE_CURVE('',#5093,#5090,#2671,.T.);
#6273=EDGE_CURVE('',#5094,#5094,#4394,.T.);
#6274=EDGE_CURVE('',#5095,#5095,#4395,.T.);
#6275=EDGE_CURVE('',#5077,#5096,#2672,.T.);
#6276=EDGE_CURVE('',#5096,#5097,#4396,.T.);
#6277=EDGE_CURVE('',#5097,#5078,#2673,.T.);
#6278=EDGE_CURVE('',#5097,#5098,#2674,.T.);
#6279=EDGE_CURVE('',#5079,#5098,#2675,.T.);
#6280=EDGE_CURVE('',#5098,#5099,#4397,.T.);
#6281=EDGE_CURVE('',#5099,#5080,#2676,.T.);
#6282=EDGE_CURVE('',#5081,#5100,#2677,.T.);
#6283=EDGE_CURVE('',#5100,#5076,#4398,.T.);
#6284=EDGE_CURVE('',#5101,#5101,#4399,.T.);
#6285=EDGE_CURVE('',#5101,#5095,#2678,.T.);
#6286=EDGE_CURVE('',#5102,#5102,#4400,.T.);
#6287=EDGE_CURVE('',#5102,#5082,#2679,.T.);
#6288=EDGE_CURVE('',#5103,#5103,#4401,.T.);
#6289=EDGE_CURVE('',#5103,#5094,#2680,.T.);
#6290=EDGE_CURVE('',#5104,#5104,#4402,.T.);
#6291=EDGE_CURVE('',#5104,#5083,#2681,.T.);
#6292=EDGE_CURVE('',#5105,#5105,#4403,.T.);
#6293=EDGE_CURVE('',#5105,#5084,#2682,.T.);
#6294=EDGE_CURVE('',#5106,#5106,#4404,.T.);
#6295=EDGE_CURVE('',#5106,#5107,#2683,.T.);
#6296=EDGE_CURVE('',#5107,#5085,#2684,.T.);
#6297=EDGE_CURVE('',#5106,#5107,#2685,.T.);
#6298=EDGE_CURVE('',#5108,#5109,#4405,.T.);
#6299=EDGE_CURVE('',#5108,#5110,#2686,.T.);
#6300=EDGE_CURVE('',#5110,#5086,#2687,.T.);
#6301=EDGE_CURVE('',#5108,#5110,#2688,.T.);
#6302=EDGE_CURVE('',#5109,#5108,#4406,.T.);
#6303=EDGE_CURVE('',#5109,#5111,#2689,.T.);
#6304=EDGE_CURVE('',#5109,#5111,#2690,.T.);
#6305=EDGE_CURVE('',#5112,#5113,#4407,.T.);
#6306=EDGE_CURVE('',#5112,#5114,#2691,.T.);
#6307=EDGE_CURVE('',#5114,#5087,#2692,.T.);
#6308=EDGE_CURVE('',#5112,#5114,#2693,.T.);
#6309=EDGE_CURVE('',#5113,#5112,#4408,.T.);
#6310=EDGE_CURVE('',#5113,#5115,#2694,.T.);
#6311=EDGE_CURVE('',#5113,#5115,#2695,.T.);
#6312=EDGE_CURVE('',#5116,#5117,#4409,.T.);
#6313=EDGE_CURVE('',#5116,#5118,#2696,.T.);
#6314=EDGE_CURVE('',#5118,#5088,#2697,.T.);
#6315=EDGE_CURVE('',#5116,#5118,#2698,.T.);
#6316=EDGE_CURVE('',#5117,#5116,#4410,.T.);
#6317=EDGE_CURVE('',#5117,#5119,#2699,.T.);
#6318=EDGE_CURVE('',#5117,#5119,#2700,.T.);
#6319=EDGE_CURVE('',#5120,#5121,#4411,.T.);
#6320=EDGE_CURVE('',#5120,#5122,#2701,.T.);
#6321=EDGE_CURVE('',#5120,#5122,#2702,.T.);
#6322=EDGE_CURVE('',#5121,#5120,#4412,.T.);
#6323=EDGE_CURVE('',#5121,#5089,#2703,.T.);
#6324=EDGE_CURVE('',#5123,#5092,#2704,.T.);
#6325=EDGE_CURVE('',#5124,#5123,#2705,.T.);
#6326=EDGE_CURVE('',#5125,#5124,#2706,.T.);
#6327=EDGE_CURVE('',#5126,#5125,#2707,.T.);
#6328=EDGE_CURVE('',#5127,#5126,#2708,.T.);
#6329=EDGE_CURVE('',#5128,#5127,#2709,.T.);
#6330=EDGE_CURVE('',#5129,#5128,#2710,.T.);
#6331=EDGE_CURVE('',#5130,#5129,#2711,.T.);
#6332=EDGE_CURVE('',#5131,#5130,#2712,.T.);
#6333=EDGE_CURVE('',#5132,#5131,#2713,.T.);
#6334=EDGE_CURVE('',#5132,#5093,#2714,.T.);
#6335=EDGE_CURVE('',#5133,#5132,#2715,.T.);
#6336=EDGE_CURVE('',#5133,#5090,#2716,.T.);
#6337=EDGE_CURVE('',#5134,#5125,#2717,.T.);
#6338=EDGE_CURVE('',#5135,#5134,#2718,.T.);
#6339=EDGE_CURVE('',#5136,#5135,#4413,.T.);
#6340=EDGE_CURVE('',#5137,#5136,#2719,.T.);
#6341=EDGE_CURVE('',#5124,#5137,#2720,.T.);
#6342=EDGE_CURVE('',#5123,#5138,#2721,.T.);
#6343=EDGE_CURVE('',#5138,#5133,#2722,.T.);
#6344=EDGE_CURVE('',#5139,#5131,#2723,.T.);
#6345=EDGE_CURVE('',#5140,#5139,#2724,.T.);
#6346=EDGE_CURVE('',#5141,#5140,#4414,.T.);
#6347=EDGE_CURVE('',#5142,#5141,#2725,.T.);
#6348=EDGE_CURVE('',#5130,#5142,#2726,.T.);
#6349=EDGE_CURVE('',#5143,#5129,#2727,.T.);
#6350=EDGE_CURVE('',#5144,#5143,#2728,.T.);
#6351=EDGE_CURVE('',#5145,#5144,#4415,.T.);
#6352=EDGE_CURVE('',#5146,#5145,#2729,.T.);
#6353=EDGE_CURVE('',#5128,#5146,#2730,.T.);
#6354=EDGE_CURVE('',#5147,#5127,#2731,.T.);
#6355=EDGE_CURVE('',#5148,#5147,#2732,.T.);
#6356=EDGE_CURVE('',#5149,#5148,#4416,.T.);
#6357=EDGE_CURVE('',#5150,#5149,#2733,.T.);
#6358=EDGE_CURVE('',#5126,#5150,#2734,.T.);
#6359=EDGE_CURVE('',#5138,#5091,#2735,.T.);
#6360=EDGE_CURVE('',#5107,#5124,#2736,.T.);
#6361=EDGE_CURVE('',#5151,#5107,#2737,.T.);
#6362=EDGE_CURVE('',#5152,#5151,#2738,.T.);
#6363=EDGE_CURVE('',#5111,#5152,#2739,.T.);
#6364=EDGE_CURVE('',#5125,#5111,#2740,.T.);
#6365=EDGE_CURVE('',#5110,#5126,#2741,.T.);
#6366=EDGE_CURVE('',#5153,#5110,#2742,.T.);
#6367=EDGE_CURVE('',#5154,#5153,#2743,.T.);
#6368=EDGE_CURVE('',#5115,#5154,#2744,.T.);
#6369=EDGE_CURVE('',#5127,#5115,#2745,.T.);
#6370=EDGE_CURVE('',#5114,#5128,#2746,.T.);
#6371=EDGE_CURVE('',#5155,#5114,#2747,.T.);
#6372=EDGE_CURVE('',#5156,#5155,#2748,.T.);
#6373=EDGE_CURVE('',#5119,#5156,#2749,.T.);
#6374=EDGE_CURVE('',#5129,#5119,#2750,.T.);
#6375=EDGE_CURVE('',#5118,#5130,#2751,.T.);
#6376=EDGE_CURVE('',#5157,#5118,#2752,.T.);
#6377=EDGE_CURVE('',#5158,#5157,#2753,.T.);
#6378=EDGE_CURVE('',#5122,#5158,#2754,.T.);
#6379=EDGE_CURVE('',#5131,#5122,#2755,.T.);
#6380=EDGE_CURVE('',#5135,#5159,#2756,.T.);
#6381=EDGE_CURVE('',#5160,#5134,#2757,.T.);
#6382=EDGE_CURVE('',#5159,#5160,#2758,.T.);
#6383=EDGE_CURVE('',#5160,#5161,#2759,.T.);
#6384=EDGE_CURVE('',#5162,#5152,#2760,.T.);
#6385=EDGE_CURVE('',#5163,#5162,#2761,.T.);
#6386=EDGE_CURVE('',#5161,#5163,#2762,.T.);
#6387=EDGE_CURVE('',#5164,#5136,#2763,.T.);
#6388=EDGE_CURVE('',#5165,#5164,#2764,.T.);
#6389=EDGE_CURVE('',#5165,#5137,#2765,.T.);
#6390=EDGE_CURVE('',#5166,#5165,#2766,.T.);
#6391=EDGE_CURVE('',#5167,#5166,#2767,.T.);
#6392=EDGE_CURVE('',#5168,#5167,#2768,.T.);
#6393=EDGE_CURVE('',#5151,#5168,#2769,.T.);
#6394=EDGE_CURVE('',#5163,#5167,#2770,.T.);
#6395=EDGE_CURVE('',#5168,#5162,#2771,.T.);
#6396=EDGE_CURVE('',#5164,#5159,#4417,.T.);
#6397=EDGE_CURVE('',#5148,#5169,#2772,.T.);
#6398=EDGE_CURVE('',#5170,#5147,#2773,.T.);
#6399=EDGE_CURVE('',#5169,#5170,#2774,.T.);
#6400=EDGE_CURVE('',#5170,#5171,#2775,.T.);
#6401=EDGE_CURVE('',#5172,#5154,#2776,.T.);
#6402=EDGE_CURVE('',#5173,#5172,#2777,.T.);
#6403=EDGE_CURVE('',#5171,#5173,#2778,.T.);
#6404=EDGE_CURVE('',#5174,#5149,#2779,.T.);
#6405=EDGE_CURVE('',#5175,#5174,#2780,.T.);
#6406=EDGE_CURVE('',#5175,#5150,#2781,.T.);
#6407=EDGE_CURVE('',#5176,#5175,#2782,.T.);
#6408=EDGE_CURVE('',#5177,#5176,#2783,.T.);
#6409=EDGE_CURVE('',#5178,#5177,#2784,.T.);
#6410=EDGE_CURVE('',#5153,#5178,#2785,.T.);
#6411=EDGE_CURVE('',#5173,#5177,#2786,.T.);
#6412=EDGE_CURVE('',#5178,#5172,#2787,.T.);
#6413=EDGE_CURVE('',#5174,#5169,#4418,.T.);
#6414=EDGE_CURVE('',#5144,#5179,#2788,.T.);
#6415=EDGE_CURVE('',#5180,#5143,#2789,.T.);
#6416=EDGE_CURVE('',#5179,#5180,#2790,.T.);
#6417=EDGE_CURVE('',#5180,#5181,#2791,.T.);
#6418=EDGE_CURVE('',#5182,#5156,#2792,.T.);
#6419=EDGE_CURVE('',#5183,#5182,#2793,.T.);
#6420=EDGE_CURVE('',#5181,#5183,#2794,.T.);
#6421=EDGE_CURVE('',#5184,#5145,#2795,.T.);
#6422=EDGE_CURVE('',#5185,#5184,#2796,.T.);
#6423=EDGE_CURVE('',#5185,#5146,#2797,.T.);
#6424=EDGE_CURVE('',#5186,#5185,#2798,.T.);
#6425=EDGE_CURVE('',#5187,#5186,#2799,.T.);
#6426=EDGE_CURVE('',#5188,#5187,#2800,.T.);
#6427=EDGE_CURVE('',#5155,#5188,#2801,.T.);
#6428=EDGE_CURVE('',#5183,#5187,#2802,.T.);
#6429=EDGE_CURVE('',#5188,#5182,#2803,.T.);
#6430=EDGE_CURVE('',#5184,#5179,#4419,.T.);
#6431=EDGE_CURVE('',#5140,#5189,#2804,.T.);
#6432=EDGE_CURVE('',#5190,#5139,#2805,.T.);
#6433=EDGE_CURVE('',#5189,#5190,#2806,.T.);
#6434=EDGE_CURVE('',#5190,#5191,#2807,.T.);
#6435=EDGE_CURVE('',#5192,#5158,#2808,.T.);
#6436=EDGE_CURVE('',#5193,#5192,#2809,.T.);
#6437=EDGE_CURVE('',#5191,#5193,#2810,.T.);
#6438=EDGE_CURVE('',#5194,#5141,#2811,.T.);
#6439=EDGE_CURVE('',#5195,#5194,#2812,.T.);
#6440=EDGE_CURVE('',#5195,#5142,#2813,.T.);
#6441=EDGE_CURVE('',#5196,#5195,#2814,.T.);
#6442=EDGE_CURVE('',#5197,#5196,#2815,.T.);
#6443=EDGE_CURVE('',#5198,#5197,#2816,.T.);
#6444=EDGE_CURVE('',#5157,#5198,#2817,.T.);
#6445=EDGE_CURVE('',#5193,#5197,#2818,.T.);
#6446=EDGE_CURVE('',#5198,#5192,#2819,.T.);
#6447=EDGE_CURVE('',#5194,#5189,#4420,.T.);
#6448=EDGE_CURVE('',#5166,#5199,#2820,.T.);
#6449=EDGE_CURVE('',#5200,#5199,#2821,.T.);
#6450=EDGE_CURVE('',#5201,#5200,#2822,.T.);
#6451=EDGE_CURVE('',#5201,#5202,#2823,.T.);
#6452=EDGE_CURVE('',#5202,#5191,#2824,.T.);
#6453=EDGE_CURVE('',#5196,#5181,#2825,.T.);
#6454=EDGE_CURVE('',#5186,#5171,#2826,.T.);
#6455=EDGE_CURVE('',#5176,#5161,#2827,.T.);
#6456=EDGE_CURVE('',#5200,#5203,#2828,.T.);
#6457=EDGE_CURVE('',#5199,#5204,#2829,.T.);
#6458=EDGE_CURVE('',#5203,#5204,#2830,.T.);
#6459=EDGE_CURVE('',#5203,#5205,#2831,.T.);
#6460=EDGE_CURVE('',#5204,#5206,#2832,.T.);
#6461=EDGE_CURVE('',#5205,#5206,#2833,.T.);
#6462=EDGE_CURVE('',#5205,#5201,#2834,.T.);
#6463=EDGE_CURVE('',#5206,#5202,#2835,.T.);
#6464=EDGE_CURVE('',#5099,#5100,#2836,.T.);
#6465=EDGE_CURVE('',#5074,#5096,#2837,.T.);
#6466=EDGE_CURVE('',#5207,#5208,#4421,.T.);
#6467=EDGE_CURVE('',#5209,#5207,#2838,.T.);
#6468=EDGE_CURVE('',#5210,#5209,#4422,.T.);
#6469=EDGE_CURVE('',#5208,#5210,#2839,.T.);
#6470=EDGE_CURVE('',#5208,#5211,#2840,.T.);
#6471=EDGE_CURVE('',#5212,#5210,#2841,.T.);
#6472=EDGE_CURVE('',#5211,#5212,#2842,.T.);
#6473=EDGE_CURVE('',#5213,#5207,#2843,.T.);
#6474=EDGE_CURVE('',#5214,#5213,#2844,.T.);
#6475=EDGE_CURVE('',#5209,#5214,#2845,.T.);
#6476=EDGE_CURVE('',#5211,#5213,#4423,.T.);
#6477=EDGE_CURVE('',#5214,#5212,#4424,.T.);
#6478=EDGE_CURVE('',#5215,#5215,#4425,.T.);
#6479=EDGE_CURVE('',#5216,#5216,#4426,.T.);
#6480=EDGE_CURVE('',#5217,#5217,#4427,.T.);
#6481=EDGE_CURVE('',#5217,#5215,#2846,.T.);
#6482=EDGE_CURVE('',#5218,#5218,#4428,.T.);
#6483=EDGE_CURVE('',#5218,#5219,#2847,.T.);
#6484=EDGE_CURVE('',#5219,#5219,#4429,.T.);
#6485=EDGE_CURVE('',#5216,#5220,#2848,.T.);
#6486=EDGE_CURVE('',#5220,#5220,#4430,.T.);
#6487=EDGE_CURVE('',#5221,#5222,#4431,.T.);
#6488=EDGE_CURVE('',#5223,#5221,#2849,.T.);
#6489=EDGE_CURVE('',#5224,#5223,#4432,.T.);
#6490=EDGE_CURVE('',#5222,#5224,#2850,.T.);
#6491=EDGE_CURVE('',#5222,#5225,#2851,.T.);
#6492=EDGE_CURVE('',#5226,#5224,#2852,.T.);
#6493=EDGE_CURVE('',#5225,#5226,#2853,.T.);
#6494=EDGE_CURVE('',#5227,#5221,#2854,.T.);
#6495=EDGE_CURVE('',#5228,#5227,#2855,.T.);
#6496=EDGE_CURVE('',#5223,#5228,#2856,.T.);
#6497=EDGE_CURVE('',#5225,#5227,#4433,.T.);
#6498=EDGE_CURVE('',#5228,#5226,#4434,.T.);
#6499=EDGE_CURVE('',#5229,#5229,#4435,.T.);
#6500=EDGE_CURVE('',#5230,#5230,#4436,.T.);
#6501=EDGE_CURVE('',#5231,#5231,#4437,.T.);
#6502=EDGE_CURVE('',#5231,#5229,#2857,.T.);
#6503=EDGE_CURVE('',#5232,#5232,#4438,.T.);
#6504=EDGE_CURVE('',#5232,#5233,#2858,.T.);
#6505=EDGE_CURVE('',#5233,#5233,#4439,.T.);
#6506=EDGE_CURVE('',#5230,#5234,#2859,.T.);
#6507=EDGE_CURVE('',#5234,#5234,#4440,.T.);
#6508=EDGE_CURVE('',#5235,#5236,#4441,.T.);
#6509=EDGE_CURVE('',#5237,#5235,#2860,.T.);
#6510=EDGE_CURVE('',#5238,#5237,#4442,.T.);
#6511=EDGE_CURVE('',#5236,#5238,#2861,.T.);
#6512=EDGE_CURVE('',#5236,#5239,#2862,.T.);
#6513=EDGE_CURVE('',#5240,#5238,#2863,.T.);
#6514=EDGE_CURVE('',#5239,#5240,#2864,.T.);
#6515=EDGE_CURVE('',#5241,#5235,#2865,.T.);
#6516=EDGE_CURVE('',#5242,#5241,#2866,.T.);
#6517=EDGE_CURVE('',#5237,#5242,#2867,.T.);
#6518=EDGE_CURVE('',#5239,#5241,#4443,.T.);
#6519=EDGE_CURVE('',#5242,#5240,#4444,.T.);
#6520=EDGE_CURVE('',#5243,#5243,#4445,.T.);
#6521=EDGE_CURVE('',#5244,#5244,#4446,.T.);
#6522=EDGE_CURVE('',#5245,#5245,#4447,.T.);
#6523=EDGE_CURVE('',#5245,#5243,#2868,.T.);
#6524=EDGE_CURVE('',#5246,#5246,#4448,.T.);
#6525=EDGE_CURVE('',#5246,#5247,#2869,.T.);
#6526=EDGE_CURVE('',#5247,#5247,#4449,.T.);
#6527=EDGE_CURVE('',#5244,#5248,#2870,.T.);
#6528=EDGE_CURVE('',#5248,#5248,#4450,.T.);
#6529=EDGE_CURVE('',#5249,#5250,#4451,.T.);
#6530=EDGE_CURVE('',#5251,#5249,#2871,.T.);
#6531=EDGE_CURVE('',#5252,#5251,#4452,.T.);
#6532=EDGE_CURVE('',#5250,#5252,#2872,.T.);
#6533=EDGE_CURVE('',#5250,#5253,#2873,.T.);
#6534=EDGE_CURVE('',#5254,#5252,#2874,.T.);
#6535=EDGE_CURVE('',#5253,#5254,#2875,.T.);
#6536=EDGE_CURVE('',#5255,#5249,#2876,.T.);
#6537=EDGE_CURVE('',#5256,#5255,#2877,.T.);
#6538=EDGE_CURVE('',#5251,#5256,#2878,.T.);
#6539=EDGE_CURVE('',#5253,#5255,#4453,.T.);
#6540=EDGE_CURVE('',#5256,#5254,#4454,.T.);
#6541=EDGE_CURVE('',#5257,#5257,#4455,.T.);
#6542=EDGE_CURVE('',#5258,#5258,#4456,.T.);
#6543=EDGE_CURVE('',#5259,#5259,#4457,.T.);
#6544=EDGE_CURVE('',#5259,#5257,#2879,.T.);
#6545=EDGE_CURVE('',#5260,#5260,#4458,.T.);
#6546=EDGE_CURVE('',#5260,#5261,#2880,.T.);
#6547=EDGE_CURVE('',#5261,#5261,#4459,.T.);
#6548=EDGE_CURVE('',#5258,#5262,#2881,.T.);
#6549=EDGE_CURVE('',#5262,#5262,#4460,.T.);
#6550=EDGE_CURVE('',#5263,#5263,#4461,.T.);
#6551=EDGE_CURVE('',#5263,#5264,#2882,.T.);
#6552=EDGE_CURVE('',#5264,#5264,#4462,.T.);
#6553=EDGE_CURVE('',#5264,#5265,#2883,.T.);
#6554=EDGE_CURVE('',#5265,#5265,#4463,.T.);
#6555=EDGE_CURVE('',#5266,#5266,#4464,.T.);
#6556=EDGE_CURVE('',#5266,#5267,#2884,.T.);
#6557=EDGE_CURVE('',#5268,#5267,#119,.T.);
#6558=EDGE_CURVE('',#5269,#5268,#2885,.T.);
#6559=EDGE_CURVE('',#5270,#5269,#120,.T.);
#6560=EDGE_CURVE('',#5271,#5270,#2886,.T.);
#6561=EDGE_CURVE('',#5272,#5271,#121,.T.);
#6562=EDGE_CURVE('',#5273,#5272,#2887,.T.);
#6563=EDGE_CURVE('',#5274,#5273,#122,.T.);
#6564=EDGE_CURVE('',#5275,#5274,#2888,.T.);
#6565=EDGE_CURVE('',#5267,#5275,#123,.T.);
#6566=EDGE_CURVE('',#5276,#5277,#124,.T.);
#6567=EDGE_CURVE('',#5278,#5276,#2889,.T.);
#6568=EDGE_CURVE('',#5279,#5278,#125,.T.);
#6569=EDGE_CURVE('',#5280,#5279,#2890,.T.);
#6570=EDGE_CURVE('',#5281,#5280,#126,.T.);
#6571=EDGE_CURVE('',#5281,#5282,#2891,.T.);
#6572=EDGE_CURVE('',#5282,#5282,#4465,.T.);
#6573=EDGE_CURVE('',#5283,#5281,#127,.T.);
#6574=EDGE_CURVE('',#5284,#5283,#2892,.T.);
#6575=EDGE_CURVE('',#5285,#5284,#128,.T.);
#6576=EDGE_CURVE('',#5277,#5285,#2893,.T.);
#6577=EDGE_CURVE('',#5271,#5286,#4466,.T.);
#6578=EDGE_CURVE('',#5286,#5287,#2894,.T.);
#6579=EDGE_CURVE('',#5287,#5288,#4467,.T.);
#6580=EDGE_CURVE('',#5288,#5289,#2895,.T.);
#6581=EDGE_CURVE('',#5289,#5272,#4468,.T.);
#6582=EDGE_CURVE('',#5270,#5290,#4469,.T.);
#6583=EDGE_CURVE('',#5290,#5286,#2896,.T.);
#6584=EDGE_CURVE('',#5269,#5291,#4470,.T.);
#6585=EDGE_CURVE('',#5291,#5290,#2897,.T.);
#6586=EDGE_CURVE('',#5292,#5268,#4471,.T.);
#6587=EDGE_CURVE('',#5292,#5291,#2898,.T.);
#6588=EDGE_CURVE('',#5280,#5293,#4472,.T.);
#6589=EDGE_CURVE('',#5293,#5294,#2899,.T.);
#6590=EDGE_CURVE('',#5294,#5295,#4473,.T.);
#6591=EDGE_CURVE('',#5295,#5296,#2900,.T.);
#6592=EDGE_CURVE('',#5296,#5283,#4474,.T.);
#6593=EDGE_CURVE('',#5297,#5279,#4475,.T.);
#6594=EDGE_CURVE('',#5297,#5293,#2901,.T.);
#6595=EDGE_CURVE('',#5298,#5278,#4476,.T.);
#6596=EDGE_CURVE('',#5298,#5297,#2902,.T.);
#6597=EDGE_CURVE('',#5299,#5276,#4477,.T.);
#6598=EDGE_CURVE('',#5299,#5298,#2903,.T.);
#6599=EDGE_CURVE('',#5300,#5301,#2904,.T.);
#6600=EDGE_CURVE('',#5300,#5302,#2905,.T.);
#6601=EDGE_CURVE('',#5303,#5302,#2906,.T.);
#6602=EDGE_CURVE('',#5304,#5303,#2907,.T.);
#6603=EDGE_CURVE('',#5305,#5304,#2908,.T.);
#6604=EDGE_CURVE('',#5306,#5305,#2909,.T.);
#6605=EDGE_CURVE('',#5307,#5306,#2910,.T.);
#6606=EDGE_CURVE('',#5294,#5307,#2911,.T.);
#6607=EDGE_CURVE('',#5308,#5299,#2912,.T.);
#6608=EDGE_CURVE('',#5309,#5308,#2913,.T.);
#6609=EDGE_CURVE('',#5310,#5309,#2914,.T.);
#6610=EDGE_CURVE('',#5311,#5310,#2915,.T.);
#6611=EDGE_CURVE('',#5312,#5311,#2916,.T.);
#6612=EDGE_CURVE('',#5296,#5312,#2917,.T.);
#6613=EDGE_CURVE('',#5313,#5295,#2918,.T.);
#6614=EDGE_CURVE('',#5314,#5313,#2919,.T.);
#6615=EDGE_CURVE('',#5315,#5314,#2920,.T.);
#6616=EDGE_CURVE('',#5316,#5315,#2921,.T.);
#6617=EDGE_CURVE('',#5301,#5316,#2922,.T.);
#6618=EDGE_CURVE('',#5317,#5300,#4478,.T.);
#6619=EDGE_CURVE('',#5318,#5317,#2923,.T.);
#6620=EDGE_CURVE('',#5302,#5318,#4479,.T.);
#6621=EDGE_CURVE('',#5319,#5317,#2924,.T.);
#6622=EDGE_CURVE('',#5320,#5319,#2925,.T.);
#6623=EDGE_CURVE('',#5321,#5320,#2926,.T.);
#6624=EDGE_CURVE('',#5322,#5321,#2927,.T.);
#6625=EDGE_CURVE('',#5323,#5322,#2928,.T.);
#6626=EDGE_CURVE('',#5324,#5323,#2929,.T.);
#6627=EDGE_CURVE('',#5325,#5324,#2930,.T.);
#6628=EDGE_CURVE('',#5326,#5325,#2931,.T.);
#6629=EDGE_CURVE('',#5327,#5326,#2932,.T.);
#6630=EDGE_CURVE('',#5289,#5327,#2933,.T.);
#6631=EDGE_CURVE('',#5287,#5288,#2934,.T.);
#6632=EDGE_CURVE('',#5328,#5292,#2935,.T.);
#6633=EDGE_CURVE('',#5329,#5328,#2936,.T.);
#6634=EDGE_CURVE('',#5330,#5329,#2937,.T.);
#6635=EDGE_CURVE('',#5331,#5330,#2938,.T.);
#6636=EDGE_CURVE('',#5332,#5331,#2939,.T.);
#6637=EDGE_CURVE('',#5333,#5332,#2940,.T.);
#6638=EDGE_CURVE('',#5318,#5333,#2941,.T.);
#6639=EDGE_CURVE('',#5334,#5301,#4480,.T.);
#6640=EDGE_CURVE('',#5334,#5335,#2942,.T.);
#6641=EDGE_CURVE('',#5335,#5335,#4481,.T.);
#6642=EDGE_CURVE('',#5303,#5334,#4482,.T.);
#6643=EDGE_CURVE('',#5319,#5333,#4483,.T.);
#6644=EDGE_CURVE('',#5304,#5316,#4484,.T.);
#6645=EDGE_CURVE('',#5320,#5332,#4485,.T.);
#6646=EDGE_CURVE('',#5315,#5305,#4486,.T.);
#6647=EDGE_CURVE('',#5331,#5321,#4487,.T.);
#6648=EDGE_CURVE('',#5306,#5314,#4488,.T.);
#6649=EDGE_CURVE('',#5322,#5330,#4489,.T.);
#6650=EDGE_CURVE('',#5307,#5313,#4490,.T.);
#6651=EDGE_CURVE('',#5323,#5329,#4491,.T.);
#6652=EDGE_CURVE('',#5324,#5328,#4492,.T.);
#6653=EDGE_CURVE('',#5309,#5308,#4493,.T.);
#6654=EDGE_CURVE('',#5275,#5325,#4494,.T.);
#6655=EDGE_CURVE('',#5277,#5310,#4495,.T.);
#6656=EDGE_CURVE('',#5284,#5312,#4496,.T.);
#6657=EDGE_CURVE('',#5326,#5274,#4497,.T.);
#6658=EDGE_CURVE('',#5285,#5311,#4498,.T.);
#6659=EDGE_CURVE('',#5327,#5273,#4499,.T.);
#6660=EDGE_CURVE('',#5336,#5336,#4500,.T.);
#6661=EDGE_CURVE('',#5337,#5337,#4501,.T.);
#6662=EDGE_CURVE('',#5337,#5336,#2943,.T.);
#6663=EDGE_CURVE('',#5338,#5338,#4502,.T.);
#6664=EDGE_CURVE('',#5338,#5339,#2944,.T.);
#6665=EDGE_CURVE('',#5339,#5339,#4503,.T.);
#6666=EDGE_CURVE('',#5339,#5340,#2945,.T.);
#6667=EDGE_CURVE('',#5340,#5340,#4504,.T.);
#6668=EDGE_CURVE('',#5341,#5341,#4505,.T.);
#6669=EDGE_CURVE('',#5341,#5342,#2946,.T.);
#6670=EDGE_CURVE('',#5343,#5342,#129,.T.);
#6671=EDGE_CURVE('',#5344,#5343,#2947,.T.);
#6672=EDGE_CURVE('',#5345,#5344,#130,.T.);
#6673=EDGE_CURVE('',#5346,#5345,#2948,.T.);
#6674=EDGE_CURVE('',#5347,#5346,#131,.T.);
#6675=EDGE_CURVE('',#5348,#5347,#2949,.T.);
#6676=EDGE_CURVE('',#5349,#5348,#132,.T.);
#6677=EDGE_CURVE('',#5350,#5349,#2950,.T.);
#6678=EDGE_CURVE('',#5342,#5350,#133,.T.);
#6679=EDGE_CURVE('',#5351,#5352,#134,.T.);
#6680=EDGE_CURVE('',#5353,#5351,#2951,.T.);
#6681=EDGE_CURVE('',#5354,#5353,#135,.T.);
#6682=EDGE_CURVE('',#5355,#5354,#2952,.T.);
#6683=EDGE_CURVE('',#5356,#5355,#136,.T.);
#6684=EDGE_CURVE('',#5356,#5357,#2953,.T.);
#6685=EDGE_CURVE('',#5357,#5357,#4506,.T.);
#6686=EDGE_CURVE('',#5358,#5356,#137,.T.);
#6687=EDGE_CURVE('',#5359,#5358,#2954,.T.);
#6688=EDGE_CURVE('',#5360,#5359,#138,.T.);
#6689=EDGE_CURVE('',#5352,#5360,#2955,.T.);
#6690=EDGE_CURVE('',#5346,#5361,#4507,.T.);
#6691=EDGE_CURVE('',#5361,#5362,#2956,.T.);
#6692=EDGE_CURVE('',#5362,#5363,#4508,.T.);
#6693=EDGE_CURVE('',#5363,#5364,#2957,.T.);
#6694=EDGE_CURVE('',#5364,#5347,#4509,.T.);
#6695=EDGE_CURVE('',#5345,#5365,#4510,.T.);
#6696=EDGE_CURVE('',#5365,#5361,#2958,.T.);
#6697=EDGE_CURVE('',#5344,#5366,#4511,.T.);
#6698=EDGE_CURVE('',#5366,#5365,#2959,.T.);
#6699=EDGE_CURVE('',#5367,#5343,#4512,.T.);
#6700=EDGE_CURVE('',#5367,#5366,#2960,.T.);
#6701=EDGE_CURVE('',#5355,#5368,#4513,.T.);
#6702=EDGE_CURVE('',#5368,#5369,#2961,.T.);
#6703=EDGE_CURVE('',#5369,#5370,#4514,.T.);
#6704=EDGE_CURVE('',#5370,#5371,#2962,.T.);
#6705=EDGE_CURVE('',#5371,#5358,#4515,.T.);
#6706=EDGE_CURVE('',#5372,#5354,#4516,.T.);
#6707=EDGE_CURVE('',#5372,#5368,#2963,.T.);
#6708=EDGE_CURVE('',#5373,#5353,#4517,.T.);
#6709=EDGE_CURVE('',#5373,#5372,#2964,.T.);
#6710=EDGE_CURVE('',#5374,#5351,#4518,.T.);
#6711=EDGE_CURVE('',#5374,#5373,#2965,.T.);
#6712=EDGE_CURVE('',#5375,#5376,#2966,.T.);
#6713=EDGE_CURVE('',#5375,#5377,#2967,.T.);
#6714=EDGE_CURVE('',#5378,#5377,#2968,.T.);
#6715=EDGE_CURVE('',#5379,#5378,#2969,.T.);
#6716=EDGE_CURVE('',#5380,#5379,#2970,.T.);
#6717=EDGE_CURVE('',#5381,#5380,#2971,.T.);
#6718=EDGE_CURVE('',#5382,#5381,#2972,.T.);
#6719=EDGE_CURVE('',#5369,#5382,#2973,.T.);
#6720=EDGE_CURVE('',#5383,#5374,#2974,.T.);
#6721=EDGE_CURVE('',#5384,#5383,#2975,.T.);
#6722=EDGE_CURVE('',#5385,#5384,#2976,.T.);
#6723=EDGE_CURVE('',#5386,#5385,#2977,.T.);
#6724=EDGE_CURVE('',#5387,#5386,#2978,.T.);
#6725=EDGE_CURVE('',#5371,#5387,#2979,.T.);
#6726=EDGE_CURVE('',#5388,#5370,#2980,.T.);
#6727=EDGE_CURVE('',#5389,#5388,#2981,.T.);
#6728=EDGE_CURVE('',#5390,#5389,#2982,.T.);
#6729=EDGE_CURVE('',#5391,#5390,#2983,.T.);
#6730=EDGE_CURVE('',#5376,#5391,#2984,.T.);
#6731=EDGE_CURVE('',#5392,#5375,#4519,.T.);
#6732=EDGE_CURVE('',#5393,#5392,#2985,.T.);
#6733=EDGE_CURVE('',#5377,#5393,#4520,.T.);
#6734=EDGE_CURVE('',#5394,#5392,#2986,.T.);
#6735=EDGE_CURVE('',#5395,#5394,#2987,.T.);
#6736=EDGE_CURVE('',#5396,#5395,#2988,.T.);
#6737=EDGE_CURVE('',#5397,#5396,#2989,.T.);
#6738=EDGE_CURVE('',#5398,#5397,#2990,.T.);
#6739=EDGE_CURVE('',#5399,#5398,#2991,.T.);
#6740=EDGE_CURVE('',#5400,#5399,#2992,.T.);
#6741=EDGE_CURVE('',#5401,#5400,#2993,.T.);
#6742=EDGE_CURVE('',#5402,#5401,#2994,.T.);
#6743=EDGE_CURVE('',#5364,#5402,#2995,.T.);
#6744=EDGE_CURVE('',#5362,#5363,#2996,.T.);
#6745=EDGE_CURVE('',#5403,#5367,#2997,.T.);
#6746=EDGE_CURVE('',#5404,#5403,#2998,.T.);
#6747=EDGE_CURVE('',#5405,#5404,#2999,.T.);
#6748=EDGE_CURVE('',#5406,#5405,#3000,.T.);
#6749=EDGE_CURVE('',#5407,#5406,#3001,.T.);
#6750=EDGE_CURVE('',#5408,#5407,#3002,.T.);
#6751=EDGE_CURVE('',#5393,#5408,#3003,.T.);
#6752=EDGE_CURVE('',#5409,#5376,#4521,.T.);
#6753=EDGE_CURVE('',#5409,#5410,#3004,.T.);
#6754=EDGE_CURVE('',#5410,#5410,#4522,.T.);
#6755=EDGE_CURVE('',#5378,#5409,#4523,.T.);
#6756=EDGE_CURVE('',#5394,#5408,#4524,.T.);
#6757=EDGE_CURVE('',#5379,#5391,#4525,.T.);
#6758=EDGE_CURVE('',#5395,#5407,#4526,.T.);
#6759=EDGE_CURVE('',#5390,#5380,#4527,.T.);
#6760=EDGE_CURVE('',#5406,#5396,#4528,.T.);
#6761=EDGE_CURVE('',#5381,#5389,#4529,.T.);
#6762=EDGE_CURVE('',#5397,#5405,#4530,.T.);
#6763=EDGE_CURVE('',#5382,#5388,#4531,.T.);
#6764=EDGE_CURVE('',#5398,#5404,#4532,.T.);
#6765=EDGE_CURVE('',#5399,#5403,#4533,.T.);
#6766=EDGE_CURVE('',#5384,#5383,#4534,.T.);
#6767=EDGE_CURVE('',#5350,#5400,#4535,.T.);
#6768=EDGE_CURVE('',#5352,#5385,#4536,.T.);
#6769=EDGE_CURVE('',#5359,#5387,#4537,.T.);
#6770=EDGE_CURVE('',#5401,#5349,#4538,.T.);
#6771=EDGE_CURVE('',#5360,#5386,#4539,.T.);
#6772=EDGE_CURVE('',#5402,#5348,#4540,.T.);
#6773=EDGE_CURVE('',#5411,#5411,#4541,.T.);
#6774=EDGE_CURVE('',#5412,#5412,#4542,.T.);
#6775=EDGE_CURVE('',#5412,#5411,#3005,.T.);
#6776=EDGE_CURVE('',#5413,#5413,#4543,.T.);
#6777=EDGE_CURVE('',#5413,#5414,#3006,.T.);
#6778=EDGE_CURVE('',#5414,#5414,#4544,.T.);
#6779=EDGE_CURVE('',#5414,#5415,#3007,.T.);
#6780=EDGE_CURVE('',#5415,#5415,#4545,.T.);
#6781=EDGE_CURVE('',#5416,#5416,#4546,.T.);
#6782=EDGE_CURVE('',#5416,#5417,#3008,.T.);
#6783=EDGE_CURVE('',#5418,#5417,#139,.T.);
#6784=EDGE_CURVE('',#5419,#5418,#3009,.T.);
#6785=EDGE_CURVE('',#5420,#5419,#140,.T.);
#6786=EDGE_CURVE('',#5421,#5420,#3010,.T.);
#6787=EDGE_CURVE('',#5422,#5421,#141,.T.);
#6788=EDGE_CURVE('',#5423,#5422,#3011,.T.);
#6789=EDGE_CURVE('',#5424,#5423,#142,.T.);
#6790=EDGE_CURVE('',#5425,#5424,#3012,.T.);
#6791=EDGE_CURVE('',#5417,#5425,#143,.T.);
#6792=EDGE_CURVE('',#5426,#5427,#144,.T.);
#6793=EDGE_CURVE('',#5428,#5426,#3013,.T.);
#6794=EDGE_CURVE('',#5429,#5428,#145,.T.);
#6795=EDGE_CURVE('',#5430,#5429,#3014,.T.);
#6796=EDGE_CURVE('',#5431,#5430,#146,.T.);
#6797=EDGE_CURVE('',#5431,#5432,#3015,.T.);
#6798=EDGE_CURVE('',#5432,#5432,#4547,.T.);
#6799=EDGE_CURVE('',#5433,#5431,#147,.T.);
#6800=EDGE_CURVE('',#5434,#5433,#3016,.T.);
#6801=EDGE_CURVE('',#5435,#5434,#148,.T.);
#6802=EDGE_CURVE('',#5427,#5435,#3017,.T.);
#6803=EDGE_CURVE('',#5421,#5436,#4548,.T.);
#6804=EDGE_CURVE('',#5436,#5437,#3018,.T.);
#6805=EDGE_CURVE('',#5437,#5438,#4549,.T.);
#6806=EDGE_CURVE('',#5438,#5439,#3019,.T.);
#6807=EDGE_CURVE('',#5439,#5422,#4550,.T.);
#6808=EDGE_CURVE('',#5420,#5440,#4551,.T.);
#6809=EDGE_CURVE('',#5440,#5436,#3020,.T.);
#6810=EDGE_CURVE('',#5419,#5441,#4552,.T.);
#6811=EDGE_CURVE('',#5441,#5440,#3021,.T.);
#6812=EDGE_CURVE('',#5442,#5418,#4553,.T.);
#6813=EDGE_CURVE('',#5442,#5441,#3022,.T.);
#6814=EDGE_CURVE('',#5430,#5443,#4554,.T.);
#6815=EDGE_CURVE('',#5443,#5444,#3023,.T.);
#6816=EDGE_CURVE('',#5444,#5445,#4555,.T.);
#6817=EDGE_CURVE('',#5445,#5446,#3024,.T.);
#6818=EDGE_CURVE('',#5446,#5433,#4556,.T.);
#6819=EDGE_CURVE('',#5447,#5429,#4557,.T.);
#6820=EDGE_CURVE('',#5447,#5443,#3025,.T.);
#6821=EDGE_CURVE('',#5448,#5428,#4558,.T.);
#6822=EDGE_CURVE('',#5448,#5447,#3026,.T.);
#6823=EDGE_CURVE('',#5449,#5426,#4559,.T.);
#6824=EDGE_CURVE('',#5449,#5448,#3027,.T.);
#6825=EDGE_CURVE('',#5450,#5451,#3028,.T.);
#6826=EDGE_CURVE('',#5450,#5452,#3029,.T.);
#6827=EDGE_CURVE('',#5453,#5452,#3030,.T.);
#6828=EDGE_CURVE('',#5454,#5453,#3031,.T.);
#6829=EDGE_CURVE('',#5455,#5454,#3032,.T.);
#6830=EDGE_CURVE('',#5456,#5455,#3033,.T.);
#6831=EDGE_CURVE('',#5457,#5456,#3034,.T.);
#6832=EDGE_CURVE('',#5444,#5457,#3035,.T.);
#6833=EDGE_CURVE('',#5458,#5449,#3036,.T.);
#6834=EDGE_CURVE('',#5459,#5458,#3037,.T.);
#6835=EDGE_CURVE('',#5460,#5459,#3038,.T.);
#6836=EDGE_CURVE('',#5461,#5460,#3039,.T.);
#6837=EDGE_CURVE('',#5462,#5461,#3040,.T.);
#6838=EDGE_CURVE('',#5446,#5462,#3041,.T.);
#6839=EDGE_CURVE('',#5463,#5445,#3042,.T.);
#6840=EDGE_CURVE('',#5464,#5463,#3043,.T.);
#6841=EDGE_CURVE('',#5465,#5464,#3044,.T.);
#6842=EDGE_CURVE('',#5466,#5465,#3045,.T.);
#6843=EDGE_CURVE('',#5451,#5466,#3046,.T.);
#6844=EDGE_CURVE('',#5467,#5450,#4560,.T.);
#6845=EDGE_CURVE('',#5468,#5467,#3047,.T.);
#6846=EDGE_CURVE('',#5452,#5468,#4561,.T.);
#6847=EDGE_CURVE('',#5469,#5467,#3048,.T.);
#6848=EDGE_CURVE('',#5470,#5469,#3049,.T.);
#6849=EDGE_CURVE('',#5471,#5470,#3050,.T.);
#6850=EDGE_CURVE('',#5472,#5471,#3051,.T.);
#6851=EDGE_CURVE('',#5473,#5472,#3052,.T.);
#6852=EDGE_CURVE('',#5474,#5473,#3053,.T.);
#6853=EDGE_CURVE('',#5475,#5474,#3054,.T.);
#6854=EDGE_CURVE('',#5476,#5475,#3055,.T.);
#6855=EDGE_CURVE('',#5477,#5476,#3056,.T.);
#6856=EDGE_CURVE('',#5439,#5477,#3057,.T.);
#6857=EDGE_CURVE('',#5437,#5438,#3058,.T.);
#6858=EDGE_CURVE('',#5478,#5442,#3059,.T.);
#6859=EDGE_CURVE('',#5479,#5478,#3060,.T.);
#6860=EDGE_CURVE('',#5480,#5479,#3061,.T.);
#6861=EDGE_CURVE('',#5481,#5480,#3062,.T.);
#6862=EDGE_CURVE('',#5482,#5481,#3063,.T.);
#6863=EDGE_CURVE('',#5483,#5482,#3064,.T.);
#6864=EDGE_CURVE('',#5468,#5483,#3065,.T.);
#6865=EDGE_CURVE('',#5484,#5451,#4562,.T.);
#6866=EDGE_CURVE('',#5484,#5485,#3066,.T.);
#6867=EDGE_CURVE('',#5485,#5485,#4563,.T.);
#6868=EDGE_CURVE('',#5453,#5484,#4564,.T.);
#6869=EDGE_CURVE('',#5469,#5483,#4565,.T.);
#6870=EDGE_CURVE('',#5454,#5466,#4566,.T.);
#6871=EDGE_CURVE('',#5470,#5482,#4567,.T.);
#6872=EDGE_CURVE('',#5465,#5455,#4568,.T.);
#6873=EDGE_CURVE('',#5481,#5471,#4569,.T.);
#6874=EDGE_CURVE('',#5456,#5464,#4570,.T.);
#6875=EDGE_CURVE('',#5472,#5480,#4571,.T.);
#6876=EDGE_CURVE('',#5457,#5463,#4572,.T.);
#6877=EDGE_CURVE('',#5473,#5479,#4573,.T.);
#6878=EDGE_CURVE('',#5474,#5478,#4574,.T.);
#6879=EDGE_CURVE('',#5459,#5458,#4575,.T.);
#6880=EDGE_CURVE('',#5425,#5475,#4576,.T.);
#6881=EDGE_CURVE('',#5427,#5460,#4577,.T.);
#6882=EDGE_CURVE('',#5434,#5462,#4578,.T.);
#6883=EDGE_CURVE('',#5476,#5424,#4579,.T.);
#6884=EDGE_CURVE('',#5435,#5461,#4580,.T.);
#6885=EDGE_CURVE('',#5477,#5423,#4581,.T.);
#6886=EDGE_CURVE('',#5486,#5486,#4582,.T.);
#6887=EDGE_CURVE('',#5487,#5487,#4583,.T.);
#6888=EDGE_CURVE('',#5487,#5486,#3067,.T.);
#6889=EDGE_CURVE('',#5488,#5488,#4584,.T.);
#6890=EDGE_CURVE('',#5488,#5489,#3068,.T.);
#6891=EDGE_CURVE('',#5489,#5489,#4585,.T.);
#6892=EDGE_CURVE('',#5489,#5490,#3069,.T.);
#6893=EDGE_CURVE('',#5490,#5490,#4586,.T.);
#6894=EDGE_CURVE('',#5491,#5491,#4587,.T.);
#6895=EDGE_CURVE('',#5491,#5492,#3070,.T.);
#6896=EDGE_CURVE('',#5493,#5492,#149,.T.);
#6897=EDGE_CURVE('',#5494,#5493,#3071,.T.);
#6898=EDGE_CURVE('',#5495,#5494,#150,.T.);
#6899=EDGE_CURVE('',#5496,#5495,#3072,.T.);
#6900=EDGE_CURVE('',#5497,#5496,#151,.T.);
#6901=EDGE_CURVE('',#5498,#5497,#3073,.T.);
#6902=EDGE_CURVE('',#5499,#5498,#152,.T.);
#6903=EDGE_CURVE('',#5500,#5499,#3074,.T.);
#6904=EDGE_CURVE('',#5492,#5500,#153,.T.);
#6905=EDGE_CURVE('',#5501,#5502,#154,.T.);
#6906=EDGE_CURVE('',#5503,#5501,#3075,.T.);
#6907=EDGE_CURVE('',#5504,#5503,#155,.T.);
#6908=EDGE_CURVE('',#5505,#5504,#3076,.T.);
#6909=EDGE_CURVE('',#5506,#5505,#156,.T.);
#6910=EDGE_CURVE('',#5506,#5507,#3077,.T.);
#6911=EDGE_CURVE('',#5507,#5507,#4588,.T.);
#6912=EDGE_CURVE('',#5508,#5506,#157,.T.);
#6913=EDGE_CURVE('',#5509,#5508,#3078,.T.);
#6914=EDGE_CURVE('',#5510,#5509,#158,.T.);
#6915=EDGE_CURVE('',#5502,#5510,#3079,.T.);
#6916=EDGE_CURVE('',#5496,#5511,#4589,.T.);
#6917=EDGE_CURVE('',#5511,#5512,#3080,.T.);
#6918=EDGE_CURVE('',#5512,#5513,#4590,.T.);
#6919=EDGE_CURVE('',#5513,#5514,#3081,.T.);
#6920=EDGE_CURVE('',#5514,#5497,#4591,.T.);
#6921=EDGE_CURVE('',#5495,#5515,#4592,.T.);
#6922=EDGE_CURVE('',#5515,#5511,#3082,.T.);
#6923=EDGE_CURVE('',#5494,#5516,#4593,.T.);
#6924=EDGE_CURVE('',#5516,#5515,#3083,.T.);
#6925=EDGE_CURVE('',#5517,#5493,#4594,.T.);
#6926=EDGE_CURVE('',#5517,#5516,#3084,.T.);
#6927=EDGE_CURVE('',#5505,#5518,#4595,.T.);
#6928=EDGE_CURVE('',#5518,#5519,#3085,.T.);
#6929=EDGE_CURVE('',#5519,#5520,#4596,.T.);
#6930=EDGE_CURVE('',#5520,#5521,#3086,.T.);
#6931=EDGE_CURVE('',#5521,#5508,#4597,.T.);
#6932=EDGE_CURVE('',#5522,#5504,#4598,.T.);
#6933=EDGE_CURVE('',#5522,#5518,#3087,.T.);
#6934=EDGE_CURVE('',#5523,#5503,#4599,.T.);
#6935=EDGE_CURVE('',#5523,#5522,#3088,.T.);
#6936=EDGE_CURVE('',#5524,#5501,#4600,.T.);
#6937=EDGE_CURVE('',#5524,#5523,#3089,.T.);
#6938=EDGE_CURVE('',#5525,#5526,#3090,.T.);
#6939=EDGE_CURVE('',#5525,#5527,#3091,.T.);
#6940=EDGE_CURVE('',#5528,#5527,#3092,.T.);
#6941=EDGE_CURVE('',#5529,#5528,#3093,.T.);
#6942=EDGE_CURVE('',#5530,#5529,#3094,.T.);
#6943=EDGE_CURVE('',#5531,#5530,#3095,.T.);
#6944=EDGE_CURVE('',#5532,#5531,#3096,.T.);
#6945=EDGE_CURVE('',#5519,#5532,#3097,.T.);
#6946=EDGE_CURVE('',#5533,#5524,#3098,.T.);
#6947=EDGE_CURVE('',#5534,#5533,#3099,.T.);
#6948=EDGE_CURVE('',#5535,#5534,#3100,.T.);
#6949=EDGE_CURVE('',#5536,#5535,#3101,.T.);
#6950=EDGE_CURVE('',#5537,#5536,#3102,.T.);
#6951=EDGE_CURVE('',#5521,#5537,#3103,.T.);
#6952=EDGE_CURVE('',#5538,#5520,#3104,.T.);
#6953=EDGE_CURVE('',#5539,#5538,#3105,.T.);
#6954=EDGE_CURVE('',#5540,#5539,#3106,.T.);
#6955=EDGE_CURVE('',#5541,#5540,#3107,.T.);
#6956=EDGE_CURVE('',#5526,#5541,#3108,.T.);
#6957=EDGE_CURVE('',#5542,#5525,#4601,.T.);
#6958=EDGE_CURVE('',#5543,#5542,#3109,.T.);
#6959=EDGE_CURVE('',#5527,#5543,#4602,.T.);
#6960=EDGE_CURVE('',#5544,#5542,#3110,.T.);
#6961=EDGE_CURVE('',#5545,#5544,#3111,.T.);
#6962=EDGE_CURVE('',#5546,#5545,#3112,.T.);
#6963=EDGE_CURVE('',#5547,#5546,#3113,.T.);
#6964=EDGE_CURVE('',#5548,#5547,#3114,.T.);
#6965=EDGE_CURVE('',#5549,#5548,#3115,.T.);
#6966=EDGE_CURVE('',#5550,#5549,#3116,.T.);
#6967=EDGE_CURVE('',#5551,#5550,#3117,.T.);
#6968=EDGE_CURVE('',#5552,#5551,#3118,.T.);
#6969=EDGE_CURVE('',#5514,#5552,#3119,.T.);
#6970=EDGE_CURVE('',#5512,#5513,#3120,.T.);
#6971=EDGE_CURVE('',#5553,#5517,#3121,.T.);
#6972=EDGE_CURVE('',#5554,#5553,#3122,.T.);
#6973=EDGE_CURVE('',#5555,#5554,#3123,.T.);
#6974=EDGE_CURVE('',#5556,#5555,#3124,.T.);
#6975=EDGE_CURVE('',#5557,#5556,#3125,.T.);
#6976=EDGE_CURVE('',#5558,#5557,#3126,.T.);
#6977=EDGE_CURVE('',#5543,#5558,#3127,.T.);
#6978=EDGE_CURVE('',#5559,#5526,#4603,.T.);
#6979=EDGE_CURVE('',#5559,#5560,#3128,.T.);
#6980=EDGE_CURVE('',#5560,#5560,#4604,.T.);
#6981=EDGE_CURVE('',#5528,#5559,#4605,.T.);
#6982=EDGE_CURVE('',#5544,#5558,#4606,.T.);
#6983=EDGE_CURVE('',#5529,#5541,#4607,.T.);
#6984=EDGE_CURVE('',#5545,#5557,#4608,.T.);
#6985=EDGE_CURVE('',#5540,#5530,#4609,.T.);
#6986=EDGE_CURVE('',#5556,#5546,#4610,.T.);
#6987=EDGE_CURVE('',#5531,#5539,#4611,.T.);
#6988=EDGE_CURVE('',#5547,#5555,#4612,.T.);
#6989=EDGE_CURVE('',#5532,#5538,#4613,.T.);
#6990=EDGE_CURVE('',#5548,#5554,#4614,.T.);
#6991=EDGE_CURVE('',#5549,#5553,#4615,.T.);
#6992=EDGE_CURVE('',#5534,#5533,#4616,.T.);
#6993=EDGE_CURVE('',#5500,#5550,#4617,.T.);
#6994=EDGE_CURVE('',#5502,#5535,#4618,.T.);
#6995=EDGE_CURVE('',#5509,#5537,#4619,.T.);
#6996=EDGE_CURVE('',#5551,#5499,#4620,.T.);
#6997=EDGE_CURVE('',#5510,#5536,#4621,.T.);
#6998=EDGE_CURVE('',#5552,#5498,#4622,.T.);
#6999=EDGE_CURVE('',#5561,#5561,#4623,.T.);
#7000=EDGE_CURVE('',#5562,#5562,#4624,.T.);
#7001=EDGE_CURVE('',#5562,#5561,#3129,.T.);
#7002=EDGE_CURVE('',#5563,#5563,#4625,.T.);
#7003=EDGE_CURVE('',#5563,#5564,#3130,.T.);
#7004=EDGE_CURVE('',#5564,#5564,#4626,.T.);
#7005=EDGE_CURVE('',#5565,#5565,#4627,.T.);
#7006=EDGE_CURVE('',#5565,#5566,#3131,.T.);
#7007=EDGE_CURVE('',#5566,#5566,#4628,.T.);
#7008=EDGE_CURVE('',#5567,#5567,#4629,.T.);
#7009=EDGE_CURVE('',#5567,#5568,#3132,.T.);
#7010=EDGE_CURVE('',#5568,#5568,#4630,.T.);
#7011=EDGE_CURVE('',#5569,#5569,#4631,.T.);
#7012=EDGE_CURVE('',#5569,#5570,#3133,.T.);
#7013=EDGE_CURVE('',#5570,#5570,#4632,.T.);
#7014=EDGE_CURVE('',#5571,#5571,#4633,.T.);
#7015=EDGE_CURVE('',#5571,#5572,#3134,.T.);
#7016=EDGE_CURVE('',#5572,#5572,#4634,.T.);
#7017=EDGE_CURVE('',#5573,#5573,#4635,.T.);
#7018=EDGE_CURVE('',#5573,#5574,#3135,.T.);
#7019=EDGE_CURVE('',#5574,#5574,#4636,.T.);
#7020=EDGE_CURVE('',#5575,#5575,#4637,.T.);
#7021=EDGE_CURVE('',#5575,#5576,#3136,.T.);
#7022=EDGE_CURVE('',#5576,#5576,#4638,.T.);
#7023=EDGE_CURVE('',#5577,#5577,#4639,.T.);
#7024=EDGE_CURVE('',#5577,#5578,#3137,.T.);
#7025=EDGE_CURVE('',#5578,#5578,#4640,.T.);
#7026=EDGE_CURVE('',#5579,#5579,#4641,.T.);
#7027=EDGE_CURVE('',#5579,#5580,#3138,.T.);
#7028=EDGE_CURVE('',#5580,#5580,#4642,.T.);
#7029=EDGE_CURVE('',#5581,#5581,#4643,.T.);
#7030=EDGE_CURVE('',#5581,#5582,#3139,.T.);
#7031=EDGE_CURVE('',#5582,#5582,#4644,.T.);
#7032=EDGE_CURVE('',#5583,#5583,#4645,.T.);
#7033=EDGE_CURVE('',#5584,#5584,#4646,.T.);
#7034=EDGE_CURVE('',#5585,#5585,#4647,.T.);
#7035=EDGE_CURVE('',#5586,#5586,#4648,.T.);
#7036=EDGE_CURVE('',#5587,#5588,#4649,.T.);
#7037=EDGE_CURVE('',#5588,#5589,#3140,.T.);
#7038=EDGE_CURVE('',#5589,#5590,#3141,.T.);
#7039=EDGE_CURVE('',#5590,#5591,#3142,.T.);
#7040=EDGE_CURVE('',#5591,#5592,#4650,.T.);
#7041=EDGE_CURVE('',#5592,#5593,#4651,.T.);
#7042=EDGE_CURVE('',#5593,#5594,#3143,.T.);
#7043=EDGE_CURVE('',#5594,#5595,#3144,.T.);
#7044=EDGE_CURVE('',#5595,#5587,#3145,.T.);
#7045=EDGE_CURVE('',#5588,#5596,#3146,.T.);
#7046=EDGE_CURVE('',#5597,#5596,#3147,.T.);
#7047=EDGE_CURVE('',#5589,#5597,#3148,.T.);
#7048=EDGE_CURVE('',#5598,#5597,#3149,.T.);
#7049=EDGE_CURVE('',#5590,#5598,#3150,.T.);
#7050=EDGE_CURVE('',#5599,#5598,#3151,.T.);
#7051=EDGE_CURVE('',#5591,#5599,#3152,.T.);
#7052=EDGE_CURVE('',#5585,#5600,#3153,.T.);
#7053=EDGE_CURVE('',#5601,#5600,#4652,.T.);
#7054=EDGE_CURVE('',#5593,#5601,#3154,.T.);
#7055=EDGE_CURVE('',#5592,#5586,#3155,.T.);
#7056=EDGE_CURVE('',#5600,#5599,#4653,.T.);
#7057=EDGE_CURVE('',#5602,#5601,#3156,.T.);
#7058=EDGE_CURVE('',#5594,#5602,#3157,.T.);
#7059=EDGE_CURVE('',#5603,#5602,#3158,.T.);
#7060=EDGE_CURVE('',#5595,#5603,#3159,.T.);
#7061=EDGE_CURVE('',#5604,#5603,#3160,.T.);
#7062=EDGE_CURVE('',#5587,#5604,#3161,.T.);
#7063=EDGE_CURVE('',#5583,#5584,#3162,.T.);
#7064=EDGE_CURVE('',#5596,#5604,#4654,.T.);
#7065=EDGE_CURVE('',#5605,#5605,#4655,.T.);
#7066=EDGE_CURVE('',#5605,#5606,#3163,.T.);
#7067=EDGE_CURVE('',#5606,#5606,#4656,.T.);
#7068=EDGE_CURVE('',#5607,#5607,#4657,.T.);
#7069=EDGE_CURVE('',#5607,#5608,#3164,.T.);
#7070=EDGE_CURVE('',#5608,#5608,#4658,.T.);
#7071=EDGE_CURVE('',#5609,#5609,#4659,.T.);
#7072=EDGE_CURVE('',#5610,#5610,#4660,.T.);
#7073=EDGE_CURVE('',#5611,#5611,#4661,.T.);
#7074=EDGE_CURVE('',#5612,#5612,#4662,.T.);
#7075=EDGE_CURVE('',#5613,#5614,#4663,.T.);
#7076=EDGE_CURVE('',#5614,#5615,#3165,.T.);
#7077=EDGE_CURVE('',#5615,#5616,#3166,.T.);
#7078=EDGE_CURVE('',#5616,#5617,#3167,.T.);
#7079=EDGE_CURVE('',#5617,#5618,#4664,.T.);
#7080=EDGE_CURVE('',#5618,#5619,#4665,.T.);
#7081=EDGE_CURVE('',#5619,#5620,#3168,.T.);
#7082=EDGE_CURVE('',#5620,#5621,#3169,.T.);
#7083=EDGE_CURVE('',#5621,#5613,#3170,.T.);
#7084=EDGE_CURVE('',#5614,#5622,#3171,.T.);
#7085=EDGE_CURVE('',#5623,#5622,#3172,.T.);
#7086=EDGE_CURVE('',#5615,#5623,#3173,.T.);
#7087=EDGE_CURVE('',#5624,#5623,#3174,.T.);
#7088=EDGE_CURVE('',#5616,#5624,#3175,.T.);
#7089=EDGE_CURVE('',#5625,#5624,#3176,.T.);
#7090=EDGE_CURVE('',#5617,#5625,#3177,.T.);
#7091=EDGE_CURVE('',#5611,#5626,#3178,.T.);
#7092=EDGE_CURVE('',#5627,#5626,#4666,.T.);
#7093=EDGE_CURVE('',#5619,#5627,#3179,.T.);
#7094=EDGE_CURVE('',#5618,#5612,#3180,.T.);
#7095=EDGE_CURVE('',#5626,#5625,#4667,.T.);
#7096=EDGE_CURVE('',#5628,#5627,#3181,.T.);
#7097=EDGE_CURVE('',#5620,#5628,#3182,.T.);
#7098=EDGE_CURVE('',#5629,#5628,#3183,.T.);
#7099=EDGE_CURVE('',#5621,#5629,#3184,.T.);
#7100=EDGE_CURVE('',#5630,#5629,#3185,.T.);
#7101=EDGE_CURVE('',#5613,#5630,#3186,.T.);
#7102=EDGE_CURVE('',#5609,#5610,#3187,.T.);
#7103=EDGE_CURVE('',#5622,#5630,#4668,.T.);
#7104=EDGE_CURVE('',#5631,#5631,#4669,.T.);
#7105=EDGE_CURVE('',#5631,#5632,#3188,.T.);
#7106=EDGE_CURVE('',#5632,#5632,#4670,.T.);
#7107=EDGE_CURVE('',#5633,#5633,#4671,.T.);
#7108=EDGE_CURVE('',#5633,#5634,#3189,.T.);
#7109=EDGE_CURVE('',#5634,#5634,#4672,.T.);
#7110=EDGE_CURVE('',#5635,#5635,#4673,.T.);
#7111=EDGE_CURVE('',#5636,#5636,#4674,.T.);
#7112=EDGE_CURVE('',#5637,#5637,#4675,.T.);
#7113=EDGE_CURVE('',#5638,#5638,#4676,.T.);
#7114=EDGE_CURVE('',#5639,#5640,#4677,.T.);
#7115=EDGE_CURVE('',#5640,#5641,#3190,.T.);
#7116=EDGE_CURVE('',#5641,#5642,#3191,.T.);
#7117=EDGE_CURVE('',#5642,#5643,#3192,.T.);
#7118=EDGE_CURVE('',#5643,#5644,#4678,.T.);
#7119=EDGE_CURVE('',#5644,#5645,#4679,.T.);
#7120=EDGE_CURVE('',#5645,#5646,#3193,.T.);
#7121=EDGE_CURVE('',#5646,#5647,#3194,.T.);
#7122=EDGE_CURVE('',#5647,#5639,#3195,.T.);
#7123=EDGE_CURVE('',#5640,#5648,#3196,.T.);
#7124=EDGE_CURVE('',#5649,#5648,#3197,.T.);
#7125=EDGE_CURVE('',#5641,#5649,#3198,.T.);
#7126=EDGE_CURVE('',#5650,#5649,#3199,.T.);
#7127=EDGE_CURVE('',#5642,#5650,#3200,.T.);
#7128=EDGE_CURVE('',#5651,#5650,#3201,.T.);
#7129=EDGE_CURVE('',#5643,#5651,#3202,.T.);
#7130=EDGE_CURVE('',#5637,#5652,#3203,.T.);
#7131=EDGE_CURVE('',#5653,#5652,#4680,.T.);
#7132=EDGE_CURVE('',#5645,#5653,#3204,.T.);
#7133=EDGE_CURVE('',#5644,#5638,#3205,.T.);
#7134=EDGE_CURVE('',#5652,#5651,#4681,.T.);
#7135=EDGE_CURVE('',#5654,#5653,#3206,.T.);
#7136=EDGE_CURVE('',#5646,#5654,#3207,.T.);
#7137=EDGE_CURVE('',#5655,#5654,#3208,.T.);
#7138=EDGE_CURVE('',#5647,#5655,#3209,.T.);
#7139=EDGE_CURVE('',#5656,#5655,#3210,.T.);
#7140=EDGE_CURVE('',#5639,#5656,#3211,.T.);
#7141=EDGE_CURVE('',#5635,#5636,#3212,.T.);
#7142=EDGE_CURVE('',#5648,#5656,#4682,.T.);
#7143=EDGE_CURVE('',#5657,#5657,#4683,.T.);
#7144=EDGE_CURVE('',#5657,#5658,#3213,.T.);
#7145=EDGE_CURVE('',#5658,#5658,#4684,.T.);
#7146=EDGE_CURVE('',#5659,#5659,#4685,.T.);
#7147=EDGE_CURVE('',#5659,#5660,#3214,.T.);
#7148=EDGE_CURVE('',#5660,#5660,#4686,.T.);
#7149=EDGE_CURVE('',#5661,#5661,#4687,.T.);
#7150=EDGE_CURVE('',#5662,#5662,#4688,.T.);
#7151=EDGE_CURVE('',#5663,#5663,#4689,.T.);
#7152=EDGE_CURVE('',#5664,#5664,#4690,.T.);
#7153=EDGE_CURVE('',#5665,#5666,#4691,.T.);
#7154=EDGE_CURVE('',#5666,#5667,#3215,.T.);
#7155=EDGE_CURVE('',#5667,#5668,#3216,.T.);
#7156=EDGE_CURVE('',#5668,#5669,#3217,.T.);
#7157=EDGE_CURVE('',#5669,#5670,#4692,.T.);
#7158=EDGE_CURVE('',#5670,#5671,#4693,.T.);
#7159=EDGE_CURVE('',#5671,#5672,#3218,.T.);
#7160=EDGE_CURVE('',#5672,#5673,#3219,.T.);
#7161=EDGE_CURVE('',#5673,#5665,#3220,.T.);
#7162=EDGE_CURVE('',#5666,#5674,#3221,.T.);
#7163=EDGE_CURVE('',#5675,#5674,#3222,.T.);
#7164=EDGE_CURVE('',#5667,#5675,#3223,.T.);
#7165=EDGE_CURVE('',#5676,#5675,#3224,.T.);
#7166=EDGE_CURVE('',#5668,#5676,#3225,.T.);
#7167=EDGE_CURVE('',#5677,#5676,#3226,.T.);
#7168=EDGE_CURVE('',#5669,#5677,#3227,.T.);
#7169=EDGE_CURVE('',#5663,#5678,#3228,.T.);
#7170=EDGE_CURVE('',#5679,#5678,#4694,.T.);
#7171=EDGE_CURVE('',#5671,#5679,#3229,.T.);
#7172=EDGE_CURVE('',#5670,#5664,#3230,.T.);
#7173=EDGE_CURVE('',#5678,#5677,#4695,.T.);
#7174=EDGE_CURVE('',#5680,#5679,#3231,.T.);
#7175=EDGE_CURVE('',#5672,#5680,#3232,.T.);
#7176=EDGE_CURVE('',#5681,#5680,#3233,.T.);
#7177=EDGE_CURVE('',#5673,#5681,#3234,.T.);
#7178=EDGE_CURVE('',#5682,#5681,#3235,.T.);
#7179=EDGE_CURVE('',#5665,#5682,#3236,.T.);
#7180=EDGE_CURVE('',#5661,#5662,#3237,.T.);
#7181=EDGE_CURVE('',#5674,#5682,#4696,.T.);
#7182=ORIENTED_EDGE('',*,*,#5683,.F.);
#7183=ORIENTED_EDGE('',*,*,#5684,.T.);
#7184=ORIENTED_EDGE('',*,*,#5685,.F.);
#7185=ORIENTED_EDGE('',*,*,#5684,.F.);
#7186=ORIENTED_EDGE('',*,*,#5686,.F.);
#7187=ORIENTED_EDGE('',*,*,#5687,.T.);
#7188=ORIENTED_EDGE('',*,*,#5688,.F.);
#7189=ORIENTED_EDGE('',*,*,#5687,.F.);
#7190=ORIENTED_EDGE('',*,*,#5689,.F.);
#7191=ORIENTED_EDGE('',*,*,#5690,.T.);
#7192=ORIENTED_EDGE('',*,*,#5691,.F.);
#7193=ORIENTED_EDGE('',*,*,#5690,.F.);
#7194=ORIENTED_EDGE('',*,*,#5692,.F.);
#7195=ORIENTED_EDGE('',*,*,#5693,.T.);
#7196=ORIENTED_EDGE('',*,*,#5694,.F.);
#7197=ORIENTED_EDGE('',*,*,#5693,.F.);
#7198=ORIENTED_EDGE('',*,*,#5695,.F.);
#7199=ORIENTED_EDGE('',*,*,#5696,.T.);
#7200=ORIENTED_EDGE('',*,*,#5697,.F.);
#7201=ORIENTED_EDGE('',*,*,#5696,.F.);
#7202=ORIENTED_EDGE('',*,*,#5698,.F.);
#7203=ORIENTED_EDGE('',*,*,#5699,.T.);
#7204=ORIENTED_EDGE('',*,*,#5700,.F.);
#7205=ORIENTED_EDGE('',*,*,#5699,.F.);
#7206=ORIENTED_EDGE('',*,*,#5701,.F.);
#7207=ORIENTED_EDGE('',*,*,#5702,.T.);
#7208=ORIENTED_EDGE('',*,*,#5703,.F.);
#7209=ORIENTED_EDGE('',*,*,#5702,.F.);
#7210=ORIENTED_EDGE('',*,*,#5704,.F.);
#7211=ORIENTED_EDGE('',*,*,#5705,.T.);
#7212=ORIENTED_EDGE('',*,*,#5706,.F.);
#7213=ORIENTED_EDGE('',*,*,#5705,.F.);
#7214=ORIENTED_EDGE('',*,*,#5707,.F.);
#7215=ORIENTED_EDGE('',*,*,#5708,.T.);
#7216=ORIENTED_EDGE('',*,*,#5709,.F.);
#7217=ORIENTED_EDGE('',*,*,#5708,.F.);
#7218=ORIENTED_EDGE('',*,*,#5710,.F.);
#7219=ORIENTED_EDGE('',*,*,#5711,.T.);
#7220=ORIENTED_EDGE('',*,*,#5712,.F.);
#7221=ORIENTED_EDGE('',*,*,#5711,.F.);
#7222=ORIENTED_EDGE('',*,*,#5713,.F.);
#7223=ORIENTED_EDGE('',*,*,#5714,.T.);
#7224=ORIENTED_EDGE('',*,*,#5715,.F.);
#7225=ORIENTED_EDGE('',*,*,#5714,.F.);
#7226=ORIENTED_EDGE('',*,*,#5716,.F.);
#7227=ORIENTED_EDGE('',*,*,#5717,.T.);
#7228=ORIENTED_EDGE('',*,*,#5718,.F.);
#7229=ORIENTED_EDGE('',*,*,#5717,.F.);
#7230=ORIENTED_EDGE('',*,*,#5719,.F.);
#7231=ORIENTED_EDGE('',*,*,#5720,.T.);
#7232=ORIENTED_EDGE('',*,*,#5721,.F.);
#7233=ORIENTED_EDGE('',*,*,#5720,.F.);
#7234=ORIENTED_EDGE('',*,*,#5722,.F.);
#7235=ORIENTED_EDGE('',*,*,#5723,.F.);
#7236=ORIENTED_EDGE('',*,*,#5724,.F.);
#7237=ORIENTED_EDGE('',*,*,#5725,.F.);
#7238=ORIENTED_EDGE('',*,*,#5726,.F.);
#7239=ORIENTED_EDGE('',*,*,#5727,.T.);
#7240=ORIENTED_EDGE('',*,*,#5728,.T.);
#7241=ORIENTED_EDGE('',*,*,#5723,.T.);
#7242=ORIENTED_EDGE('',*,*,#5719,.T.);
#7243=ORIENTED_EDGE('',*,*,#5729,.F.);
#7244=ORIENTED_EDGE('',*,*,#5730,.F.);
#7245=ORIENTED_EDGE('',*,*,#5731,.F.);
#7246=ORIENTED_EDGE('',*,*,#5727,.F.);
#7247=ORIENTED_EDGE('',*,*,#5731,.T.);
#7248=ORIENTED_EDGE('',*,*,#5732,.F.);
#7249=ORIENTED_EDGE('',*,*,#5724,.T.);
#7250=ORIENTED_EDGE('',*,*,#5728,.F.);
#7251=ORIENTED_EDGE('',*,*,#5733,.F.);
#7252=ORIENTED_EDGE('',*,*,#5725,.T.);
#7253=ORIENTED_EDGE('',*,*,#5732,.T.);
#7254=ORIENTED_EDGE('',*,*,#5730,.T.);
#7255=ORIENTED_EDGE('',*,*,#5721,.T.);
#7256=ORIENTED_EDGE('',*,*,#5734,.F.);
#7257=ORIENTED_EDGE('',*,*,#5735,.F.);
#7258=ORIENTED_EDGE('',*,*,#5736,.F.);
#7259=ORIENTED_EDGE('',*,*,#5737,.F.);
#7260=ORIENTED_EDGE('',*,*,#5738,.F.);
#7261=ORIENTED_EDGE('',*,*,#5739,.T.);
#7262=ORIENTED_EDGE('',*,*,#5740,.T.);
#7263=ORIENTED_EDGE('',*,*,#5735,.T.);
#7264=ORIENTED_EDGE('',*,*,#5716,.T.);
#7265=ORIENTED_EDGE('',*,*,#5741,.F.);
#7266=ORIENTED_EDGE('',*,*,#5742,.F.);
#7267=ORIENTED_EDGE('',*,*,#5743,.F.);
#7268=ORIENTED_EDGE('',*,*,#5739,.F.);
#7269=ORIENTED_EDGE('',*,*,#5743,.T.);
#7270=ORIENTED_EDGE('',*,*,#5744,.F.);
#7271=ORIENTED_EDGE('',*,*,#5736,.T.);
#7272=ORIENTED_EDGE('',*,*,#5740,.F.);
#7273=ORIENTED_EDGE('',*,*,#5745,.F.);
#7274=ORIENTED_EDGE('',*,*,#5737,.T.);
#7275=ORIENTED_EDGE('',*,*,#5744,.T.);
#7276=ORIENTED_EDGE('',*,*,#5742,.T.);
#7277=ORIENTED_EDGE('',*,*,#5718,.T.);
#7278=ORIENTED_EDGE('',*,*,#5746,.F.);
#7279=ORIENTED_EDGE('',*,*,#5747,.F.);
#7280=ORIENTED_EDGE('',*,*,#5748,.F.);
#7281=ORIENTED_EDGE('',*,*,#5749,.F.);
#7282=ORIENTED_EDGE('',*,*,#5750,.F.);
#7283=ORIENTED_EDGE('',*,*,#5751,.T.);
#7284=ORIENTED_EDGE('',*,*,#5752,.T.);
#7285=ORIENTED_EDGE('',*,*,#5747,.T.);
#7286=ORIENTED_EDGE('',*,*,#5713,.T.);
#7287=ORIENTED_EDGE('',*,*,#5753,.F.);
#7288=ORIENTED_EDGE('',*,*,#5754,.F.);
#7289=ORIENTED_EDGE('',*,*,#5755,.F.);
#7290=ORIENTED_EDGE('',*,*,#5751,.F.);
#7291=ORIENTED_EDGE('',*,*,#5755,.T.);
#7292=ORIENTED_EDGE('',*,*,#5756,.F.);
#7293=ORIENTED_EDGE('',*,*,#5748,.T.);
#7294=ORIENTED_EDGE('',*,*,#5752,.F.);
#7295=ORIENTED_EDGE('',*,*,#5757,.F.);
#7296=ORIENTED_EDGE('',*,*,#5749,.T.);
#7297=ORIENTED_EDGE('',*,*,#5756,.T.);
#7298=ORIENTED_EDGE('',*,*,#5754,.T.);
#7299=ORIENTED_EDGE('',*,*,#5715,.T.);
#7300=ORIENTED_EDGE('',*,*,#5758,.F.);
#7301=ORIENTED_EDGE('',*,*,#5759,.F.);
#7302=ORIENTED_EDGE('',*,*,#5760,.F.);
#7303=ORIENTED_EDGE('',*,*,#5761,.F.);
#7304=ORIENTED_EDGE('',*,*,#5762,.F.);
#7305=ORIENTED_EDGE('',*,*,#5763,.T.);
#7306=ORIENTED_EDGE('',*,*,#5764,.T.);
#7307=ORIENTED_EDGE('',*,*,#5759,.T.);
#7308=ORIENTED_EDGE('',*,*,#5710,.T.);
#7309=ORIENTED_EDGE('',*,*,#5765,.F.);
#7310=ORIENTED_EDGE('',*,*,#5766,.F.);
#7311=ORIENTED_EDGE('',*,*,#5767,.F.);
#7312=ORIENTED_EDGE('',*,*,#5763,.F.);
#7313=ORIENTED_EDGE('',*,*,#5767,.T.);
#7314=ORIENTED_EDGE('',*,*,#5768,.F.);
#7315=ORIENTED_EDGE('',*,*,#5760,.T.);
#7316=ORIENTED_EDGE('',*,*,#5764,.F.);
#7317=ORIENTED_EDGE('',*,*,#5769,.F.);
#7318=ORIENTED_EDGE('',*,*,#5761,.T.);
#7319=ORIENTED_EDGE('',*,*,#5768,.T.);
#7320=ORIENTED_EDGE('',*,*,#5766,.T.);
#7321=ORIENTED_EDGE('',*,*,#5712,.T.);
#7322=ORIENTED_EDGE('',*,*,#5770,.F.);
#7323=ORIENTED_EDGE('',*,*,#5771,.F.);
#7324=ORIENTED_EDGE('',*,*,#5772,.F.);
#7325=ORIENTED_EDGE('',*,*,#5773,.F.);
#7326=ORIENTED_EDGE('',*,*,#5774,.F.);
#7327=ORIENTED_EDGE('',*,*,#5775,.T.);
#7328=ORIENTED_EDGE('',*,*,#5776,.T.);
#7329=ORIENTED_EDGE('',*,*,#5771,.T.);
#7330=ORIENTED_EDGE('',*,*,#5707,.T.);
#7331=ORIENTED_EDGE('',*,*,#5777,.F.);
#7332=ORIENTED_EDGE('',*,*,#5778,.F.);
#7333=ORIENTED_EDGE('',*,*,#5779,.F.);
#7334=ORIENTED_EDGE('',*,*,#5775,.F.);
#7335=ORIENTED_EDGE('',*,*,#5779,.T.);
#7336=ORIENTED_EDGE('',*,*,#5780,.F.);
#7337=ORIENTED_EDGE('',*,*,#5772,.T.);
#7338=ORIENTED_EDGE('',*,*,#5776,.F.);
#7339=ORIENTED_EDGE('',*,*,#5781,.F.);
#7340=ORIENTED_EDGE('',*,*,#5773,.T.);
#7341=ORIENTED_EDGE('',*,*,#5780,.T.);
#7342=ORIENTED_EDGE('',*,*,#5778,.T.);
#7343=ORIENTED_EDGE('',*,*,#5709,.T.);
#7344=ORIENTED_EDGE('',*,*,#5782,.T.);
#7345=ORIENTED_EDGE('',*,*,#5783,.T.);
#7346=ORIENTED_EDGE('',*,*,#5784,.F.);
#7347=ORIENTED_EDGE('',*,*,#5785,.F.);
#7348=ORIENTED_EDGE('',*,*,#5786,.T.);
#7349=ORIENTED_EDGE('',*,*,#5785,.T.);
#7350=ORIENTED_EDGE('',*,*,#5787,.F.);
#7351=ORIENTED_EDGE('',*,*,#5788,.F.);
#7352=ORIENTED_EDGE('',*,*,#5789,.T.);
#7353=ORIENTED_EDGE('',*,*,#5788,.T.);
#7354=ORIENTED_EDGE('',*,*,#5790,.F.);
#7355=ORIENTED_EDGE('',*,*,#5791,.F.);
#7356=ORIENTED_EDGE('',*,*,#5792,.T.);
#7357=ORIENTED_EDGE('',*,*,#5791,.T.);
#7358=ORIENTED_EDGE('',*,*,#5793,.F.);
#7359=ORIENTED_EDGE('',*,*,#5783,.F.);
#7360=ORIENTED_EDGE('',*,*,#5793,.T.);
#7361=ORIENTED_EDGE('',*,*,#5790,.T.);
#7362=ORIENTED_EDGE('',*,*,#5787,.T.);
#7363=ORIENTED_EDGE('',*,*,#5784,.T.);
#7364=ORIENTED_EDGE('',*,*,#5688,.T.);
#7365=ORIENTED_EDGE('',*,*,#5694,.T.);
#7366=ORIENTED_EDGE('',*,*,#5700,.T.);
#7367=ORIENTED_EDGE('',*,*,#5703,.T.);
#7368=ORIENTED_EDGE('',*,*,#5706,.T.);
#7369=ORIENTED_EDGE('',*,*,#5726,.T.);
#7370=ORIENTED_EDGE('',*,*,#5722,.T.);
#7371=ORIENTED_EDGE('',*,*,#5733,.T.);
#7372=ORIENTED_EDGE('',*,*,#5729,.T.);
#7373=ORIENTED_EDGE('',*,*,#5738,.T.);
#7374=ORIENTED_EDGE('',*,*,#5734,.T.);
#7375=ORIENTED_EDGE('',*,*,#5745,.T.);
#7376=ORIENTED_EDGE('',*,*,#5741,.T.);
#7377=ORIENTED_EDGE('',*,*,#5750,.T.);
#7378=ORIENTED_EDGE('',*,*,#5746,.T.);
#7379=ORIENTED_EDGE('',*,*,#5757,.T.);
#7380=ORIENTED_EDGE('',*,*,#5753,.T.);
#7381=ORIENTED_EDGE('',*,*,#5762,.T.);
#7382=ORIENTED_EDGE('',*,*,#5758,.T.);
#7383=ORIENTED_EDGE('',*,*,#5769,.T.);
#7384=ORIENTED_EDGE('',*,*,#5765,.T.);
#7385=ORIENTED_EDGE('',*,*,#5774,.T.);
#7386=ORIENTED_EDGE('',*,*,#5770,.T.);
#7387=ORIENTED_EDGE('',*,*,#5781,.T.);
#7388=ORIENTED_EDGE('',*,*,#5777,.T.);
#7389=ORIENTED_EDGE('',*,*,#5697,.T.);
#7390=ORIENTED_EDGE('',*,*,#5691,.T.);
#7391=ORIENTED_EDGE('',*,*,#5685,.T.);
#7392=ORIENTED_EDGE('',*,*,#5792,.F.);
#7393=ORIENTED_EDGE('',*,*,#5782,.F.);
#7394=ORIENTED_EDGE('',*,*,#5786,.F.);
#7395=ORIENTED_EDGE('',*,*,#5789,.F.);
#7396=ORIENTED_EDGE('',*,*,#5704,.T.);
#7397=ORIENTED_EDGE('',*,*,#5701,.T.);
#7398=ORIENTED_EDGE('',*,*,#5698,.T.);
#7399=ORIENTED_EDGE('',*,*,#5695,.T.);
#7400=ORIENTED_EDGE('',*,*,#5692,.T.);
#7401=ORIENTED_EDGE('',*,*,#5689,.T.);
#7402=ORIENTED_EDGE('',*,*,#5686,.T.);
#7403=ORIENTED_EDGE('',*,*,#5683,.T.);
#7404=ORIENTED_EDGE('',*,*,#5794,.F.);
#7405=ORIENTED_EDGE('',*,*,#5795,.T.);
#7406=ORIENTED_EDGE('',*,*,#5796,.T.);
#7407=ORIENTED_EDGE('',*,*,#5795,.F.);
#7408=ORIENTED_EDGE('',*,*,#5797,.F.);
#7409=ORIENTED_EDGE('',*,*,#5798,.T.);
#7410=ORIENTED_EDGE('',*,*,#5799,.T.);
#7411=ORIENTED_EDGE('',*,*,#5798,.F.);
#7412=ORIENTED_EDGE('',*,*,#5797,.T.);
#7413=ORIENTED_EDGE('',*,*,#5794,.T.);
#7414=ORIENTED_EDGE('',*,*,#5799,.F.);
#7415=ORIENTED_EDGE('',*,*,#5796,.F.);
#7416=ORIENTED_EDGE('',*,*,#5800,.F.);
#7417=ORIENTED_EDGE('',*,*,#5801,.T.);
#7418=ORIENTED_EDGE('',*,*,#5802,.T.);
#7419=ORIENTED_EDGE('',*,*,#5801,.F.);
#7420=ORIENTED_EDGE('',*,*,#5803,.F.);
#7421=ORIENTED_EDGE('',*,*,#5804,.T.);
#7422=ORIENTED_EDGE('',*,*,#5805,.T.);
#7423=ORIENTED_EDGE('',*,*,#5804,.F.);
#7424=ORIENTED_EDGE('',*,*,#5803,.T.);
#7425=ORIENTED_EDGE('',*,*,#5800,.T.);
#7426=ORIENTED_EDGE('',*,*,#5805,.F.);
#7427=ORIENTED_EDGE('',*,*,#5802,.F.);
#7428=ORIENTED_EDGE('',*,*,#5806,.F.);
#7429=ORIENTED_EDGE('',*,*,#5807,.T.);
#7430=ORIENTED_EDGE('',*,*,#5808,.T.);
#7431=ORIENTED_EDGE('',*,*,#5807,.F.);
#7432=ORIENTED_EDGE('',*,*,#5809,.F.);
#7433=ORIENTED_EDGE('',*,*,#5810,.T.);
#7434=ORIENTED_EDGE('',*,*,#5811,.T.);
#7435=ORIENTED_EDGE('',*,*,#5810,.F.);
#7436=ORIENTED_EDGE('',*,*,#5809,.T.);
#7437=ORIENTED_EDGE('',*,*,#5806,.T.);
#7438=ORIENTED_EDGE('',*,*,#5811,.F.);
#7439=ORIENTED_EDGE('',*,*,#5808,.F.);
#7440=ORIENTED_EDGE('',*,*,#5812,.F.);
#7441=ORIENTED_EDGE('',*,*,#5813,.T.);
#7442=ORIENTED_EDGE('',*,*,#5814,.T.);
#7443=ORIENTED_EDGE('',*,*,#5813,.F.);
#7444=ORIENTED_EDGE('',*,*,#5815,.F.);
#7445=ORIENTED_EDGE('',*,*,#5816,.T.);
#7446=ORIENTED_EDGE('',*,*,#5817,.T.);
#7447=ORIENTED_EDGE('',*,*,#5816,.F.);
#7448=ORIENTED_EDGE('',*,*,#5815,.T.);
#7449=ORIENTED_EDGE('',*,*,#5812,.T.);
#7450=ORIENTED_EDGE('',*,*,#5817,.F.);
#7451=ORIENTED_EDGE('',*,*,#5814,.F.);
#7452=ORIENTED_EDGE('',*,*,#5818,.F.);
#7453=ORIENTED_EDGE('',*,*,#5819,.T.);
#7454=ORIENTED_EDGE('',*,*,#5820,.T.);
#7455=ORIENTED_EDGE('',*,*,#5819,.F.);
#7456=ORIENTED_EDGE('',*,*,#5821,.F.);
#7457=ORIENTED_EDGE('',*,*,#5822,.T.);
#7458=ORIENTED_EDGE('',*,*,#5823,.T.);
#7459=ORIENTED_EDGE('',*,*,#5822,.F.);
#7460=ORIENTED_EDGE('',*,*,#5821,.T.);
#7461=ORIENTED_EDGE('',*,*,#5818,.T.);
#7462=ORIENTED_EDGE('',*,*,#5823,.F.);
#7463=ORIENTED_EDGE('',*,*,#5820,.F.);
#7464=ORIENTED_EDGE('',*,*,#5824,.T.);
#7465=ORIENTED_EDGE('',*,*,#5825,.F.);
#7466=ORIENTED_EDGE('',*,*,#5826,.F.);
#7467=ORIENTED_EDGE('',*,*,#5827,.F.);
#7468=ORIENTED_EDGE('',*,*,#5824,.F.);
#7469=ORIENTED_EDGE('',*,*,#5828,.T.);
#7470=ORIENTED_EDGE('',*,*,#5826,.T.);
#7471=ORIENTED_EDGE('',*,*,#5828,.F.);
#7472=ORIENTED_EDGE('',*,*,#5827,.T.);
#7473=ORIENTED_EDGE('',*,*,#5829,.T.);
#7474=ORIENTED_EDGE('',*,*,#5830,.T.);
#7475=ORIENTED_EDGE('',*,*,#5829,.F.);
#7476=ORIENTED_EDGE('',*,*,#5831,.T.);
#7477=ORIENTED_EDGE('',*,*,#5832,.F.);
#7478=ORIENTED_EDGE('',*,*,#5833,.T.);
#7479=ORIENTED_EDGE('',*,*,#5834,.T.);
#7480=ORIENTED_EDGE('',*,*,#5833,.F.);
#7481=ORIENTED_EDGE('',*,*,#5834,.F.);
#7482=ORIENTED_EDGE('',*,*,#5835,.T.);
#7483=ORIENTED_EDGE('',*,*,#5836,.T.);
#7484=ORIENTED_EDGE('',*,*,#5837,.T.);
#7485=ORIENTED_EDGE('',*,*,#5838,.T.);
#7486=ORIENTED_EDGE('',*,*,#5839,.T.);
#7487=ORIENTED_EDGE('',*,*,#5840,.T.);
#7488=ORIENTED_EDGE('',*,*,#5830,.F.);
#7489=ORIENTED_EDGE('',*,*,#5841,.F.);
#7490=ORIENTED_EDGE('',*,*,#5842,.T.);
#7491=ORIENTED_EDGE('',*,*,#5843,.F.);
#7492=ORIENTED_EDGE('',*,*,#5844,.T.);
#7493=ORIENTED_EDGE('',*,*,#5845,.F.);
#7494=ORIENTED_EDGE('',*,*,#5846,.F.);
#7495=ORIENTED_EDGE('',*,*,#5847,.T.);
#7496=ORIENTED_EDGE('',*,*,#5842,.F.);
#7497=ORIENTED_EDGE('',*,*,#5848,.T.);
#7498=ORIENTED_EDGE('',*,*,#5840,.F.);
#7499=ORIENTED_EDGE('',*,*,#5849,.F.);
#7500=ORIENTED_EDGE('',*,*,#5843,.T.);
#7501=ORIENTED_EDGE('',*,*,#5849,.T.);
#7502=ORIENTED_EDGE('',*,*,#5839,.F.);
#7503=ORIENTED_EDGE('',*,*,#5850,.F.);
#7504=ORIENTED_EDGE('',*,*,#5844,.F.);
#7505=ORIENTED_EDGE('',*,*,#5850,.T.);
#7506=ORIENTED_EDGE('',*,*,#5838,.F.);
#7507=ORIENTED_EDGE('',*,*,#5851,.F.);
#7508=ORIENTED_EDGE('',*,*,#5845,.T.);
#7509=ORIENTED_EDGE('',*,*,#5851,.T.);
#7510=ORIENTED_EDGE('',*,*,#5837,.F.);
#7511=ORIENTED_EDGE('',*,*,#5852,.F.);
#7512=ORIENTED_EDGE('',*,*,#5846,.T.);
#7513=ORIENTED_EDGE('',*,*,#5852,.T.);
#7514=ORIENTED_EDGE('',*,*,#5836,.F.);
#7515=ORIENTED_EDGE('',*,*,#5853,.F.);
#7516=ORIENTED_EDGE('',*,*,#5841,.T.);
#7517=ORIENTED_EDGE('',*,*,#5853,.T.);
#7518=ORIENTED_EDGE('',*,*,#5835,.F.);
#7519=ORIENTED_EDGE('',*,*,#5848,.F.);
#7520=ORIENTED_EDGE('',*,*,#5854,.F.);
#7521=ORIENTED_EDGE('',*,*,#5855,.T.);
#7522=ORIENTED_EDGE('',*,*,#5856,.F.);
#7523=ORIENTED_EDGE('',*,*,#5857,.T.);
#7524=ORIENTED_EDGE('',*,*,#5858,.F.);
#7525=ORIENTED_EDGE('',*,*,#5859,.F.);
#7526=ORIENTED_EDGE('',*,*,#5860,.T.);
#7527=ORIENTED_EDGE('',*,*,#5861,.T.);
#7528=ORIENTED_EDGE('',*,*,#5862,.T.);
#7529=ORIENTED_EDGE('',*,*,#5863,.T.);
#7530=ORIENTED_EDGE('',*,*,#5864,.T.);
#7531=ORIENTED_EDGE('',*,*,#5865,.T.);
#7532=ORIENTED_EDGE('',*,*,#5866,.T.);
#7533=ORIENTED_EDGE('',*,*,#5867,.F.);
#7534=ORIENTED_EDGE('',*,*,#5855,.F.);
#7535=ORIENTED_EDGE('',*,*,#5868,.T.);
#7536=ORIENTED_EDGE('',*,*,#5866,.F.);
#7537=ORIENTED_EDGE('',*,*,#5869,.F.);
#7538=ORIENTED_EDGE('',*,*,#5856,.T.);
#7539=ORIENTED_EDGE('',*,*,#5869,.T.);
#7540=ORIENTED_EDGE('',*,*,#5865,.F.);
#7541=ORIENTED_EDGE('',*,*,#5870,.F.);
#7542=ORIENTED_EDGE('',*,*,#5857,.F.);
#7543=ORIENTED_EDGE('',*,*,#5870,.T.);
#7544=ORIENTED_EDGE('',*,*,#5864,.F.);
#7545=ORIENTED_EDGE('',*,*,#5871,.F.);
#7546=ORIENTED_EDGE('',*,*,#5858,.T.);
#7547=ORIENTED_EDGE('',*,*,#5871,.T.);
#7548=ORIENTED_EDGE('',*,*,#5863,.F.);
#7549=ORIENTED_EDGE('',*,*,#5872,.F.);
#7550=ORIENTED_EDGE('',*,*,#5859,.T.);
#7551=ORIENTED_EDGE('',*,*,#5872,.T.);
#7552=ORIENTED_EDGE('',*,*,#5862,.F.);
#7553=ORIENTED_EDGE('',*,*,#5873,.F.);
#7554=ORIENTED_EDGE('',*,*,#5854,.T.);
#7555=ORIENTED_EDGE('',*,*,#5873,.T.);
#7556=ORIENTED_EDGE('',*,*,#5861,.F.);
#7557=ORIENTED_EDGE('',*,*,#5868,.F.);
#7558=ORIENTED_EDGE('',*,*,#5847,.F.);
#7559=ORIENTED_EDGE('',*,*,#5874,.T.);
#7560=ORIENTED_EDGE('',*,*,#5867,.T.);
#7561=ORIENTED_EDGE('',*,*,#5874,.F.);
#7562=ORIENTED_EDGE('',*,*,#5875,.T.);
#7563=ORIENTED_EDGE('',*,*,#5876,.T.);
#7564=ORIENTED_EDGE('',*,*,#5877,.T.);
#7565=ORIENTED_EDGE('',*,*,#5878,.T.);
#7566=ORIENTED_EDGE('',*,*,#5879,.T.);
#7567=ORIENTED_EDGE('',*,*,#5880,.T.);
#7568=ORIENTED_EDGE('',*,*,#5881,.F.);
#7569=ORIENTED_EDGE('',*,*,#5882,.F.);
#7570=ORIENTED_EDGE('',*,*,#5883,.F.);
#7571=ORIENTED_EDGE('',*,*,#5884,.F.);
#7572=ORIENTED_EDGE('',*,*,#5885,.F.);
#7573=ORIENTED_EDGE('',*,*,#5886,.F.);
#7574=ORIENTED_EDGE('',*,*,#5887,.F.);
#7575=ORIENTED_EDGE('',*,*,#5888,.T.);
#7576=ORIENTED_EDGE('',*,*,#5883,.T.);
#7577=ORIENTED_EDGE('',*,*,#5889,.T.);
#7578=ORIENTED_EDGE('',*,*,#5880,.F.);
#7579=ORIENTED_EDGE('',*,*,#5890,.F.);
#7580=ORIENTED_EDGE('',*,*,#5884,.T.);
#7581=ORIENTED_EDGE('',*,*,#5890,.T.);
#7582=ORIENTED_EDGE('',*,*,#5879,.F.);
#7583=ORIENTED_EDGE('',*,*,#5891,.F.);
#7584=ORIENTED_EDGE('',*,*,#5885,.T.);
#7585=ORIENTED_EDGE('',*,*,#5891,.T.);
#7586=ORIENTED_EDGE('',*,*,#5878,.F.);
#7587=ORIENTED_EDGE('',*,*,#5892,.F.);
#7588=ORIENTED_EDGE('',*,*,#5886,.T.);
#7589=ORIENTED_EDGE('',*,*,#5892,.T.);
#7590=ORIENTED_EDGE('',*,*,#5877,.F.);
#7591=ORIENTED_EDGE('',*,*,#5893,.F.);
#7592=ORIENTED_EDGE('',*,*,#5887,.T.);
#7593=ORIENTED_EDGE('',*,*,#5893,.T.);
#7594=ORIENTED_EDGE('',*,*,#5876,.F.);
#7595=ORIENTED_EDGE('',*,*,#5894,.F.);
#7596=ORIENTED_EDGE('',*,*,#5882,.T.);
#7597=ORIENTED_EDGE('',*,*,#5894,.T.);
#7598=ORIENTED_EDGE('',*,*,#5875,.F.);
#7599=ORIENTED_EDGE('',*,*,#5889,.F.);
#7600=ORIENTED_EDGE('',*,*,#5895,.T.);
#7601=ORIENTED_EDGE('',*,*,#5896,.T.);
#7602=ORIENTED_EDGE('',*,*,#5897,.T.);
#7603=ORIENTED_EDGE('',*,*,#5898,.T.);
#7604=ORIENTED_EDGE('',*,*,#5899,.T.);
#7605=ORIENTED_EDGE('',*,*,#5900,.T.);
#7606=ORIENTED_EDGE('',*,*,#5901,.F.);
#7607=ORIENTED_EDGE('',*,*,#5902,.F.);
#7608=ORIENTED_EDGE('',*,*,#5903,.F.);
#7609=ORIENTED_EDGE('',*,*,#5904,.F.);
#7610=ORIENTED_EDGE('',*,*,#5905,.F.);
#7611=ORIENTED_EDGE('',*,*,#5906,.F.);
#7612=ORIENTED_EDGE('',*,*,#5907,.F.);
#7613=ORIENTED_EDGE('',*,*,#5908,.T.);
#7614=ORIENTED_EDGE('',*,*,#5903,.T.);
#7615=ORIENTED_EDGE('',*,*,#5909,.T.);
#7616=ORIENTED_EDGE('',*,*,#5900,.F.);
#7617=ORIENTED_EDGE('',*,*,#5910,.F.);
#7618=ORIENTED_EDGE('',*,*,#5904,.T.);
#7619=ORIENTED_EDGE('',*,*,#5910,.T.);
#7620=ORIENTED_EDGE('',*,*,#5899,.F.);
#7621=ORIENTED_EDGE('',*,*,#5911,.F.);
#7622=ORIENTED_EDGE('',*,*,#5905,.T.);
#7623=ORIENTED_EDGE('',*,*,#5911,.T.);
#7624=ORIENTED_EDGE('',*,*,#5898,.F.);
#7625=ORIENTED_EDGE('',*,*,#5912,.F.);
#7626=ORIENTED_EDGE('',*,*,#5906,.T.);
#7627=ORIENTED_EDGE('',*,*,#5912,.T.);
#7628=ORIENTED_EDGE('',*,*,#5897,.F.);
#7629=ORIENTED_EDGE('',*,*,#5913,.F.);
#7630=ORIENTED_EDGE('',*,*,#5907,.T.);
#7631=ORIENTED_EDGE('',*,*,#5913,.T.);
#7632=ORIENTED_EDGE('',*,*,#5896,.F.);
#7633=ORIENTED_EDGE('',*,*,#5914,.F.);
#7634=ORIENTED_EDGE('',*,*,#5902,.T.);
#7635=ORIENTED_EDGE('',*,*,#5914,.T.);
#7636=ORIENTED_EDGE('',*,*,#5895,.F.);
#7637=ORIENTED_EDGE('',*,*,#5909,.F.);
#7638=ORIENTED_EDGE('',*,*,#5915,.T.);
#7639=ORIENTED_EDGE('',*,*,#5916,.T.);
#7640=ORIENTED_EDGE('',*,*,#5917,.T.);
#7641=ORIENTED_EDGE('',*,*,#5918,.T.);
#7642=ORIENTED_EDGE('',*,*,#5919,.T.);
#7643=ORIENTED_EDGE('',*,*,#5920,.T.);
#7644=ORIENTED_EDGE('',*,*,#5921,.F.);
#7645=ORIENTED_EDGE('',*,*,#5922,.F.);
#7646=ORIENTED_EDGE('',*,*,#5923,.F.);
#7647=ORIENTED_EDGE('',*,*,#5924,.F.);
#7648=ORIENTED_EDGE('',*,*,#5925,.F.);
#7649=ORIENTED_EDGE('',*,*,#5926,.F.);
#7650=ORIENTED_EDGE('',*,*,#5927,.F.);
#7651=ORIENTED_EDGE('',*,*,#5928,.T.);
#7652=ORIENTED_EDGE('',*,*,#5923,.T.);
#7653=ORIENTED_EDGE('',*,*,#5929,.T.);
#7654=ORIENTED_EDGE('',*,*,#5920,.F.);
#7655=ORIENTED_EDGE('',*,*,#5930,.F.);
#7656=ORIENTED_EDGE('',*,*,#5924,.T.);
#7657=ORIENTED_EDGE('',*,*,#5930,.T.);
#7658=ORIENTED_EDGE('',*,*,#5919,.F.);
#7659=ORIENTED_EDGE('',*,*,#5931,.F.);
#7660=ORIENTED_EDGE('',*,*,#5925,.T.);
#7661=ORIENTED_EDGE('',*,*,#5931,.T.);
#7662=ORIENTED_EDGE('',*,*,#5918,.F.);
#7663=ORIENTED_EDGE('',*,*,#5932,.F.);
#7664=ORIENTED_EDGE('',*,*,#5926,.T.);
#7665=ORIENTED_EDGE('',*,*,#5932,.T.);
#7666=ORIENTED_EDGE('',*,*,#5917,.F.);
#7667=ORIENTED_EDGE('',*,*,#5933,.F.);
#7668=ORIENTED_EDGE('',*,*,#5927,.T.);
#7669=ORIENTED_EDGE('',*,*,#5933,.T.);
#7670=ORIENTED_EDGE('',*,*,#5916,.F.);
#7671=ORIENTED_EDGE('',*,*,#5934,.F.);
#7672=ORIENTED_EDGE('',*,*,#5922,.T.);
#7673=ORIENTED_EDGE('',*,*,#5934,.T.);
#7674=ORIENTED_EDGE('',*,*,#5915,.F.);
#7675=ORIENTED_EDGE('',*,*,#5929,.F.);
#7676=ORIENTED_EDGE('',*,*,#5935,.F.);
#7677=ORIENTED_EDGE('',*,*,#5936,.F.);
#7678=ORIENTED_EDGE('',*,*,#5937,.F.);
#7679=ORIENTED_EDGE('',*,*,#5938,.F.);
#7680=ORIENTED_EDGE('',*,*,#5939,.F.);
#7681=ORIENTED_EDGE('',*,*,#5940,.F.);
#7682=ORIENTED_EDGE('',*,*,#5941,.T.);
#7683=ORIENTED_EDGE('',*,*,#5942,.T.);
#7684=ORIENTED_EDGE('',*,*,#5943,.T.);
#7685=ORIENTED_EDGE('',*,*,#5944,.T.);
#7686=ORIENTED_EDGE('',*,*,#5945,.T.);
#7687=ORIENTED_EDGE('',*,*,#5946,.T.);
#7688=ORIENTED_EDGE('',*,*,#5947,.T.);
#7689=ORIENTED_EDGE('',*,*,#5948,.F.);
#7690=ORIENTED_EDGE('',*,*,#5936,.T.);
#7691=ORIENTED_EDGE('',*,*,#5949,.T.);
#7692=ORIENTED_EDGE('',*,*,#5947,.F.);
#7693=ORIENTED_EDGE('',*,*,#5950,.F.);
#7694=ORIENTED_EDGE('',*,*,#5937,.T.);
#7695=ORIENTED_EDGE('',*,*,#5950,.T.);
#7696=ORIENTED_EDGE('',*,*,#5946,.F.);
#7697=ORIENTED_EDGE('',*,*,#5951,.F.);
#7698=ORIENTED_EDGE('',*,*,#5938,.T.);
#7699=ORIENTED_EDGE('',*,*,#5951,.T.);
#7700=ORIENTED_EDGE('',*,*,#5945,.F.);
#7701=ORIENTED_EDGE('',*,*,#5952,.F.);
#7702=ORIENTED_EDGE('',*,*,#5939,.T.);
#7703=ORIENTED_EDGE('',*,*,#5952,.T.);
#7704=ORIENTED_EDGE('',*,*,#5944,.F.);
#7705=ORIENTED_EDGE('',*,*,#5953,.F.);
#7706=ORIENTED_EDGE('',*,*,#5940,.T.);
#7707=ORIENTED_EDGE('',*,*,#5953,.T.);
#7708=ORIENTED_EDGE('',*,*,#5943,.F.);
#7709=ORIENTED_EDGE('',*,*,#5954,.F.);
#7710=ORIENTED_EDGE('',*,*,#5935,.T.);
#7711=ORIENTED_EDGE('',*,*,#5954,.T.);
#7712=ORIENTED_EDGE('',*,*,#5942,.F.);
#7713=ORIENTED_EDGE('',*,*,#5949,.F.);
#7714=ORIENTED_EDGE('',*,*,#5928,.F.);
#7715=ORIENTED_EDGE('',*,*,#5955,.T.);
#7716=ORIENTED_EDGE('',*,*,#5948,.T.);
#7717=ORIENTED_EDGE('',*,*,#5955,.F.);
#7718=ORIENTED_EDGE('',*,*,#5956,.T.);
#7719=ORIENTED_EDGE('',*,*,#5957,.T.);
#7720=ORIENTED_EDGE('',*,*,#5958,.T.);
#7721=ORIENTED_EDGE('',*,*,#5959,.T.);
#7722=ORIENTED_EDGE('',*,*,#5960,.T.);
#7723=ORIENTED_EDGE('',*,*,#5961,.T.);
#7724=ORIENTED_EDGE('',*,*,#5962,.F.);
#7725=ORIENTED_EDGE('',*,*,#5963,.F.);
#7726=ORIENTED_EDGE('',*,*,#5964,.T.);
#7727=ORIENTED_EDGE('',*,*,#5965,.F.);
#7728=ORIENTED_EDGE('',*,*,#5966,.T.);
#7729=ORIENTED_EDGE('',*,*,#5967,.F.);
#7730=ORIENTED_EDGE('',*,*,#5968,.F.);
#7731=ORIENTED_EDGE('',*,*,#5969,.T.);
#7732=ORIENTED_EDGE('',*,*,#5964,.F.);
#7733=ORIENTED_EDGE('',*,*,#5970,.T.);
#7734=ORIENTED_EDGE('',*,*,#5961,.F.);
#7735=ORIENTED_EDGE('',*,*,#5971,.F.);
#7736=ORIENTED_EDGE('',*,*,#5965,.T.);
#7737=ORIENTED_EDGE('',*,*,#5971,.T.);
#7738=ORIENTED_EDGE('',*,*,#5960,.F.);
#7739=ORIENTED_EDGE('',*,*,#5972,.F.);
#7740=ORIENTED_EDGE('',*,*,#5966,.F.);
#7741=ORIENTED_EDGE('',*,*,#5972,.T.);
#7742=ORIENTED_EDGE('',*,*,#5959,.F.);
#7743=ORIENTED_EDGE('',*,*,#5973,.F.);
#7744=ORIENTED_EDGE('',*,*,#5967,.T.);
#7745=ORIENTED_EDGE('',*,*,#5973,.T.);
#7746=ORIENTED_EDGE('',*,*,#5958,.F.);
#7747=ORIENTED_EDGE('',*,*,#5974,.F.);
#7748=ORIENTED_EDGE('',*,*,#5968,.T.);
#7749=ORIENTED_EDGE('',*,*,#5974,.T.);
#7750=ORIENTED_EDGE('',*,*,#5957,.F.);
#7751=ORIENTED_EDGE('',*,*,#5975,.F.);
#7752=ORIENTED_EDGE('',*,*,#5963,.T.);
#7753=ORIENTED_EDGE('',*,*,#5975,.T.);
#7754=ORIENTED_EDGE('',*,*,#5956,.F.);
#7755=ORIENTED_EDGE('',*,*,#5970,.F.);
#7756=ORIENTED_EDGE('',*,*,#5976,.T.);
#7757=ORIENTED_EDGE('',*,*,#5977,.T.);
#7758=ORIENTED_EDGE('',*,*,#5978,.T.);
#7759=ORIENTED_EDGE('',*,*,#5979,.T.);
#7760=ORIENTED_EDGE('',*,*,#5980,.T.);
#7761=ORIENTED_EDGE('',*,*,#5981,.T.);
#7762=ORIENTED_EDGE('',*,*,#5982,.F.);
#7763=ORIENTED_EDGE('',*,*,#5983,.F.);
#7764=ORIENTED_EDGE('',*,*,#5984,.T.);
#7765=ORIENTED_EDGE('',*,*,#5985,.F.);
#7766=ORIENTED_EDGE('',*,*,#5986,.T.);
#7767=ORIENTED_EDGE('',*,*,#5987,.F.);
#7768=ORIENTED_EDGE('',*,*,#5988,.F.);
#7769=ORIENTED_EDGE('',*,*,#5989,.T.);
#7770=ORIENTED_EDGE('',*,*,#5984,.F.);
#7771=ORIENTED_EDGE('',*,*,#5990,.T.);
#7772=ORIENTED_EDGE('',*,*,#5981,.F.);
#7773=ORIENTED_EDGE('',*,*,#5991,.F.);
#7774=ORIENTED_EDGE('',*,*,#5985,.T.);
#7775=ORIENTED_EDGE('',*,*,#5991,.T.);
#7776=ORIENTED_EDGE('',*,*,#5980,.F.);
#7777=ORIENTED_EDGE('',*,*,#5992,.F.);
#7778=ORIENTED_EDGE('',*,*,#5986,.F.);
#7779=ORIENTED_EDGE('',*,*,#5992,.T.);
#7780=ORIENTED_EDGE('',*,*,#5979,.F.);
#7781=ORIENTED_EDGE('',*,*,#5993,.F.);
#7782=ORIENTED_EDGE('',*,*,#5987,.T.);
#7783=ORIENTED_EDGE('',*,*,#5993,.T.);
#7784=ORIENTED_EDGE('',*,*,#5978,.F.);
#7785=ORIENTED_EDGE('',*,*,#5994,.F.);
#7786=ORIENTED_EDGE('',*,*,#5988,.T.);
#7787=ORIENTED_EDGE('',*,*,#5994,.T.);
#7788=ORIENTED_EDGE('',*,*,#5977,.F.);
#7789=ORIENTED_EDGE('',*,*,#5995,.F.);
#7790=ORIENTED_EDGE('',*,*,#5983,.T.);
#7791=ORIENTED_EDGE('',*,*,#5995,.T.);
#7792=ORIENTED_EDGE('',*,*,#5976,.F.);
#7793=ORIENTED_EDGE('',*,*,#5990,.F.);
#7794=ORIENTED_EDGE('',*,*,#5989,.F.);
#7795=ORIENTED_EDGE('',*,*,#5996,.T.);
#7796=ORIENTED_EDGE('',*,*,#5997,.T.);
#7797=ORIENTED_EDGE('',*,*,#5996,.F.);
#7798=ORIENTED_EDGE('',*,*,#5997,.F.);
#7799=ORIENTED_EDGE('',*,*,#5832,.T.);
#7800=ORIENTED_EDGE('',*,*,#5969,.F.);
#7801=ORIENTED_EDGE('',*,*,#5998,.T.);
#7802=ORIENTED_EDGE('',*,*,#5982,.T.);
#7803=ORIENTED_EDGE('',*,*,#5998,.F.);
#7804=ORIENTED_EDGE('',*,*,#5941,.F.);
#7805=ORIENTED_EDGE('',*,*,#5999,.T.);
#7806=ORIENTED_EDGE('',*,*,#5962,.T.);
#7807=ORIENTED_EDGE('',*,*,#5999,.F.);
#7808=ORIENTED_EDGE('',*,*,#5908,.F.);
#7809=ORIENTED_EDGE('',*,*,#6000,.T.);
#7810=ORIENTED_EDGE('',*,*,#5921,.T.);
#7811=ORIENTED_EDGE('',*,*,#6000,.F.);
#7812=ORIENTED_EDGE('',*,*,#5888,.F.);
#7813=ORIENTED_EDGE('',*,*,#6001,.T.);
#7814=ORIENTED_EDGE('',*,*,#5901,.T.);
#7815=ORIENTED_EDGE('',*,*,#6001,.F.);
#7816=ORIENTED_EDGE('',*,*,#5860,.F.);
#7817=ORIENTED_EDGE('',*,*,#6002,.T.);
#7818=ORIENTED_EDGE('',*,*,#5881,.T.);
#7819=ORIENTED_EDGE('',*,*,#6002,.F.);
#7820=ORIENTED_EDGE('',*,*,#5831,.F.);
#7821=ORIENTED_EDGE('',*,*,#6003,.T.);
#7822=ORIENTED_EDGE('',*,*,#5825,.T.);
#7823=ORIENTED_EDGE('',*,*,#6003,.F.);
#7824=ORIENTED_EDGE('',*,*,#6004,.F.);
#7825=ORIENTED_EDGE('',*,*,#6005,.T.);
#7826=ORIENTED_EDGE('',*,*,#6006,.F.);
#7827=ORIENTED_EDGE('',*,*,#6005,.F.);
#7828=ORIENTED_EDGE('',*,*,#6007,.F.);
#7829=ORIENTED_EDGE('',*,*,#6008,.T.);
#7830=ORIENTED_EDGE('',*,*,#6009,.F.);
#7831=ORIENTED_EDGE('',*,*,#6008,.F.);
#7832=ORIENTED_EDGE('',*,*,#6010,.F.);
#7833=ORIENTED_EDGE('',*,*,#6011,.T.);
#7834=ORIENTED_EDGE('',*,*,#6012,.F.);
#7835=ORIENTED_EDGE('',*,*,#6011,.F.);
#7836=ORIENTED_EDGE('',*,*,#6013,.F.);
#7837=ORIENTED_EDGE('',*,*,#6014,.T.);
#7838=ORIENTED_EDGE('',*,*,#6015,.F.);
#7839=ORIENTED_EDGE('',*,*,#6014,.F.);
#7840=ORIENTED_EDGE('',*,*,#6016,.F.);
#7841=ORIENTED_EDGE('',*,*,#6017,.T.);
#7842=ORIENTED_EDGE('',*,*,#6018,.F.);
#7843=ORIENTED_EDGE('',*,*,#6017,.F.);
#7844=ORIENTED_EDGE('',*,*,#6019,.F.);
#7845=ORIENTED_EDGE('',*,*,#6020,.T.);
#7846=ORIENTED_EDGE('',*,*,#6021,.F.);
#7847=ORIENTED_EDGE('',*,*,#6020,.F.);
#7848=ORIENTED_EDGE('',*,*,#6022,.F.);
#7849=ORIENTED_EDGE('',*,*,#6023,.T.);
#7850=ORIENTED_EDGE('',*,*,#6024,.F.);
#7851=ORIENTED_EDGE('',*,*,#6023,.F.);
#7852=ORIENTED_EDGE('',*,*,#6025,.F.);
#7853=ORIENTED_EDGE('',*,*,#6026,.T.);
#7854=ORIENTED_EDGE('',*,*,#6027,.F.);
#7855=ORIENTED_EDGE('',*,*,#6026,.F.);
#7856=ORIENTED_EDGE('',*,*,#6028,.F.);
#7857=ORIENTED_EDGE('',*,*,#6009,.T.);
#7858=ORIENTED_EDGE('',*,*,#6012,.T.);
#7859=ORIENTED_EDGE('',*,*,#6015,.T.);
#7860=ORIENTED_EDGE('',*,*,#6018,.T.);
#7861=ORIENTED_EDGE('',*,*,#6021,.T.);
#7862=ORIENTED_EDGE('',*,*,#6024,.T.);
#7863=ORIENTED_EDGE('',*,*,#6027,.T.);
#7864=ORIENTED_EDGE('',*,*,#6029,.T.);
#7865=ORIENTED_EDGE('',*,*,#6006,.T.);
#7866=ORIENTED_EDGE('',*,*,#6028,.T.);
#7867=ORIENTED_EDGE('',*,*,#6030,.T.);
#7868=ORIENTED_EDGE('',*,*,#6031,.F.);
#7869=ORIENTED_EDGE('',*,*,#6030,.F.);
#7870=ORIENTED_EDGE('',*,*,#6032,.F.);
#7871=ORIENTED_EDGE('',*,*,#6031,.T.);
#7872=ORIENTED_EDGE('',*,*,#6033,.F.);
#7873=ORIENTED_EDGE('',*,*,#6034,.T.);
#7874=ORIENTED_EDGE('',*,*,#6032,.T.);
#7875=ORIENTED_EDGE('',*,*,#6034,.F.);
#7876=ORIENTED_EDGE('',*,*,#6033,.T.);
#7877=ORIENTED_EDGE('',*,*,#6035,.F.);
#7878=ORIENTED_EDGE('',*,*,#6035,.T.);
#7879=ORIENTED_EDGE('',*,*,#6036,.T.);
#7880=ORIENTED_EDGE('',*,*,#6037,.F.);
#7881=ORIENTED_EDGE('',*,*,#6036,.F.);
#7882=ORIENTED_EDGE('',*,*,#6037,.T.);
#7883=ORIENTED_EDGE('',*,*,#6007,.T.);
#7884=ORIENTED_EDGE('',*,*,#6010,.T.);
#7885=ORIENTED_EDGE('',*,*,#6013,.T.);
#7886=ORIENTED_EDGE('',*,*,#6016,.T.);
#7887=ORIENTED_EDGE('',*,*,#6019,.T.);
#7888=ORIENTED_EDGE('',*,*,#6022,.T.);
#7889=ORIENTED_EDGE('',*,*,#6025,.T.);
#7890=ORIENTED_EDGE('',*,*,#6038,.F.);
#7891=ORIENTED_EDGE('',*,*,#6004,.T.);
#7892=ORIENTED_EDGE('',*,*,#6038,.T.);
#7893=ORIENTED_EDGE('',*,*,#6039,.T.);
#7894=ORIENTED_EDGE('',*,*,#6029,.F.);
#7895=ORIENTED_EDGE('',*,*,#6039,.F.);
#7896=ORIENTED_EDGE('',*,*,#6040,.F.);
#7897=ORIENTED_EDGE('',*,*,#6041,.T.);
#7898=ORIENTED_EDGE('',*,*,#6042,.F.);
#7899=ORIENTED_EDGE('',*,*,#6041,.F.);
#7900=ORIENTED_EDGE('',*,*,#6043,.F.);
#7901=ORIENTED_EDGE('',*,*,#6044,.T.);
#7902=ORIENTED_EDGE('',*,*,#6045,.F.);
#7903=ORIENTED_EDGE('',*,*,#6044,.F.);
#7904=ORIENTED_EDGE('',*,*,#6046,.F.);
#7905=ORIENTED_EDGE('',*,*,#6047,.T.);
#7906=ORIENTED_EDGE('',*,*,#6048,.F.);
#7907=ORIENTED_EDGE('',*,*,#6047,.F.);
#7908=ORIENTED_EDGE('',*,*,#6049,.F.);
#7909=ORIENTED_EDGE('',*,*,#6050,.T.);
#7910=ORIENTED_EDGE('',*,*,#6051,.F.);
#7911=ORIENTED_EDGE('',*,*,#6050,.F.);
#7912=ORIENTED_EDGE('',*,*,#6052,.F.);
#7913=ORIENTED_EDGE('',*,*,#6053,.T.);
#7914=ORIENTED_EDGE('',*,*,#6054,.F.);
#7915=ORIENTED_EDGE('',*,*,#6053,.F.);
#7916=ORIENTED_EDGE('',*,*,#6055,.F.);
#7917=ORIENTED_EDGE('',*,*,#6056,.T.);
#7918=ORIENTED_EDGE('',*,*,#6057,.F.);
#7919=ORIENTED_EDGE('',*,*,#6056,.F.);
#7920=ORIENTED_EDGE('',*,*,#6058,.F.);
#7921=ORIENTED_EDGE('',*,*,#6042,.T.);
#7922=ORIENTED_EDGE('',*,*,#6045,.T.);
#7923=ORIENTED_EDGE('',*,*,#6048,.T.);
#7924=ORIENTED_EDGE('',*,*,#6051,.T.);
#7925=ORIENTED_EDGE('',*,*,#6054,.T.);
#7926=ORIENTED_EDGE('',*,*,#6057,.T.);
#7927=ORIENTED_EDGE('',*,*,#6059,.T.);
#7928=ORIENTED_EDGE('',*,*,#6060,.F.);
#7929=ORIENTED_EDGE('',*,*,#6061,.T.);
#7930=ORIENTED_EDGE('',*,*,#6058,.T.);
#7931=ORIENTED_EDGE('',*,*,#6061,.F.);
#7932=ORIENTED_EDGE('',*,*,#6062,.F.);
#7933=ORIENTED_EDGE('',*,*,#6063,.T.);
#7934=ORIENTED_EDGE('',*,*,#6060,.T.);
#7935=ORIENTED_EDGE('',*,*,#6063,.F.);
#7936=ORIENTED_EDGE('',*,*,#6064,.F.);
#7937=ORIENTED_EDGE('',*,*,#6065,.T.);
#7938=ORIENTED_EDGE('',*,*,#6062,.T.);
#7939=ORIENTED_EDGE('',*,*,#6065,.F.);
#7940=ORIENTED_EDGE('',*,*,#6066,.F.);
#7941=ORIENTED_EDGE('',*,*,#6067,.T.);
#7942=ORIENTED_EDGE('',*,*,#6064,.T.);
#7943=ORIENTED_EDGE('',*,*,#6067,.F.);
#7944=ORIENTED_EDGE('',*,*,#6068,.F.);
#7945=ORIENTED_EDGE('',*,*,#6069,.T.);
#7946=ORIENTED_EDGE('',*,*,#6066,.T.);
#7947=ORIENTED_EDGE('',*,*,#6069,.F.);
#7948=ORIENTED_EDGE('',*,*,#6070,.F.);
#7949=ORIENTED_EDGE('',*,*,#6071,.T.);
#7950=ORIENTED_EDGE('',*,*,#6068,.T.);
#7951=ORIENTED_EDGE('',*,*,#6071,.F.);
#7952=ORIENTED_EDGE('',*,*,#6072,.F.);
#7953=ORIENTED_EDGE('',*,*,#6073,.T.);
#7954=ORIENTED_EDGE('',*,*,#6070,.T.);
#7955=ORIENTED_EDGE('',*,*,#6073,.F.);
#7956=ORIENTED_EDGE('',*,*,#6074,.F.);
#7957=ORIENTED_EDGE('',*,*,#6075,.T.);
#7958=ORIENTED_EDGE('',*,*,#6072,.T.);
#7959=ORIENTED_EDGE('',*,*,#6075,.F.);
#7960=ORIENTED_EDGE('',*,*,#6076,.F.);
#7961=ORIENTED_EDGE('',*,*,#6077,.T.);
#7962=ORIENTED_EDGE('',*,*,#6074,.T.);
#7963=ORIENTED_EDGE('',*,*,#6077,.F.);
#7964=ORIENTED_EDGE('',*,*,#6076,.T.);
#7965=ORIENTED_EDGE('',*,*,#6040,.T.);
#7966=ORIENTED_EDGE('',*,*,#6043,.T.);
#7967=ORIENTED_EDGE('',*,*,#6046,.T.);
#7968=ORIENTED_EDGE('',*,*,#6049,.T.);
#7969=ORIENTED_EDGE('',*,*,#6052,.T.);
#7970=ORIENTED_EDGE('',*,*,#6055,.T.);
#7971=ORIENTED_EDGE('',*,*,#6078,.F.);
#7972=ORIENTED_EDGE('',*,*,#6078,.T.);
#7973=ORIENTED_EDGE('',*,*,#6079,.T.);
#7974=ORIENTED_EDGE('',*,*,#6059,.F.);
#7975=ORIENTED_EDGE('',*,*,#6079,.F.);
#7976=ORIENTED_EDGE('',*,*,#6080,.F.);
#7977=ORIENTED_EDGE('',*,*,#6081,.F.);
#7978=ORIENTED_EDGE('',*,*,#6082,.F.);
#7979=ORIENTED_EDGE('',*,*,#6083,.F.);
#7980=ORIENTED_EDGE('',*,*,#6084,.F.);
#7981=ORIENTED_EDGE('',*,*,#6085,.F.);
#7982=ORIENTED_EDGE('',*,*,#6086,.F.);
#7983=ORIENTED_EDGE('',*,*,#6081,.T.);
#7984=ORIENTED_EDGE('',*,*,#6087,.T.);
#7985=ORIENTED_EDGE('',*,*,#6088,.F.);
#7986=ORIENTED_EDGE('',*,*,#6089,.F.);
#7987=ORIENTED_EDGE('',*,*,#6082,.T.);
#7988=ORIENTED_EDGE('',*,*,#6089,.T.);
#7989=ORIENTED_EDGE('',*,*,#6090,.F.);
#7990=ORIENTED_EDGE('',*,*,#6091,.F.);
#7991=ORIENTED_EDGE('',*,*,#6083,.T.);
#7992=ORIENTED_EDGE('',*,*,#6091,.T.);
#7993=ORIENTED_EDGE('',*,*,#6092,.F.);
#7994=ORIENTED_EDGE('',*,*,#6093,.F.);
#7995=ORIENTED_EDGE('',*,*,#6084,.T.);
#7996=ORIENTED_EDGE('',*,*,#6093,.T.);
#7997=ORIENTED_EDGE('',*,*,#6094,.F.);
#7998=ORIENTED_EDGE('',*,*,#6095,.F.);
#7999=ORIENTED_EDGE('',*,*,#6085,.T.);
#8000=ORIENTED_EDGE('',*,*,#6095,.T.);
#8001=ORIENTED_EDGE('',*,*,#6096,.F.);
#8002=ORIENTED_EDGE('',*,*,#6097,.F.);
#8003=ORIENTED_EDGE('',*,*,#6080,.T.);
#8004=ORIENTED_EDGE('',*,*,#6097,.T.);
#8005=ORIENTED_EDGE('',*,*,#6098,.F.);
#8006=ORIENTED_EDGE('',*,*,#6087,.F.);
#8007=ORIENTED_EDGE('',*,*,#6098,.T.);
#8008=ORIENTED_EDGE('',*,*,#6096,.T.);
#8009=ORIENTED_EDGE('',*,*,#6094,.T.);
#8010=ORIENTED_EDGE('',*,*,#6092,.T.);
#8011=ORIENTED_EDGE('',*,*,#6090,.T.);
#8012=ORIENTED_EDGE('',*,*,#6088,.T.);
#8013=ORIENTED_EDGE('',*,*,#6086,.T.);
#8014=ORIENTED_EDGE('',*,*,#6099,.T.);
#8015=ORIENTED_EDGE('',*,*,#6100,.T.);
#8016=ORIENTED_EDGE('',*,*,#6099,.F.);
#8017=ORIENTED_EDGE('',*,*,#6100,.F.);
#8018=ORIENTED_EDGE('',*,*,#6101,.F.);
#8019=ORIENTED_EDGE('',*,*,#6102,.F.);
#8020=ORIENTED_EDGE('',*,*,#6103,.F.);
#8021=ORIENTED_EDGE('',*,*,#6104,.F.);
#8022=ORIENTED_EDGE('',*,*,#6105,.F.);
#8023=ORIENTED_EDGE('',*,*,#6106,.F.);
#8024=ORIENTED_EDGE('',*,*,#6107,.F.);
#8025=ORIENTED_EDGE('',*,*,#6102,.T.);
#8026=ORIENTED_EDGE('',*,*,#6108,.T.);
#8027=ORIENTED_EDGE('',*,*,#6109,.F.);
#8028=ORIENTED_EDGE('',*,*,#6110,.F.);
#8029=ORIENTED_EDGE('',*,*,#6103,.T.);
#8030=ORIENTED_EDGE('',*,*,#6110,.T.);
#8031=ORIENTED_EDGE('',*,*,#6111,.F.);
#8032=ORIENTED_EDGE('',*,*,#6112,.F.);
#8033=ORIENTED_EDGE('',*,*,#6104,.T.);
#8034=ORIENTED_EDGE('',*,*,#6112,.T.);
#8035=ORIENTED_EDGE('',*,*,#6113,.F.);
#8036=ORIENTED_EDGE('',*,*,#6114,.F.);
#8037=ORIENTED_EDGE('',*,*,#6105,.T.);
#8038=ORIENTED_EDGE('',*,*,#6114,.T.);
#8039=ORIENTED_EDGE('',*,*,#6115,.F.);
#8040=ORIENTED_EDGE('',*,*,#6116,.F.);
#8041=ORIENTED_EDGE('',*,*,#6106,.T.);
#8042=ORIENTED_EDGE('',*,*,#6116,.T.);
#8043=ORIENTED_EDGE('',*,*,#6117,.F.);
#8044=ORIENTED_EDGE('',*,*,#6118,.F.);
#8045=ORIENTED_EDGE('',*,*,#6101,.T.);
#8046=ORIENTED_EDGE('',*,*,#6118,.T.);
#8047=ORIENTED_EDGE('',*,*,#6119,.F.);
#8048=ORIENTED_EDGE('',*,*,#6108,.F.);
#8049=ORIENTED_EDGE('',*,*,#6119,.T.);
#8050=ORIENTED_EDGE('',*,*,#6117,.T.);
#8051=ORIENTED_EDGE('',*,*,#6115,.T.);
#8052=ORIENTED_EDGE('',*,*,#6113,.T.);
#8053=ORIENTED_EDGE('',*,*,#6111,.T.);
#8054=ORIENTED_EDGE('',*,*,#6109,.T.);
#8055=ORIENTED_EDGE('',*,*,#6107,.T.);
#8056=ORIENTED_EDGE('',*,*,#6120,.T.);
#8057=ORIENTED_EDGE('',*,*,#6121,.T.);
#8058=ORIENTED_EDGE('',*,*,#6120,.F.);
#8059=ORIENTED_EDGE('',*,*,#6121,.F.);
#8060=ORIENTED_EDGE('',*,*,#6122,.F.);
#8061=ORIENTED_EDGE('',*,*,#6123,.F.);
#8062=ORIENTED_EDGE('',*,*,#6124,.F.);
#8063=ORIENTED_EDGE('',*,*,#6125,.F.);
#8064=ORIENTED_EDGE('',*,*,#6126,.F.);
#8065=ORIENTED_EDGE('',*,*,#6127,.F.);
#8066=ORIENTED_EDGE('',*,*,#6128,.F.);
#8067=ORIENTED_EDGE('',*,*,#6123,.T.);
#8068=ORIENTED_EDGE('',*,*,#6129,.T.);
#8069=ORIENTED_EDGE('',*,*,#6130,.F.);
#8070=ORIENTED_EDGE('',*,*,#6131,.F.);
#8071=ORIENTED_EDGE('',*,*,#6124,.T.);
#8072=ORIENTED_EDGE('',*,*,#6131,.T.);
#8073=ORIENTED_EDGE('',*,*,#6132,.F.);
#8074=ORIENTED_EDGE('',*,*,#6133,.F.);
#8075=ORIENTED_EDGE('',*,*,#6125,.T.);
#8076=ORIENTED_EDGE('',*,*,#6133,.T.);
#8077=ORIENTED_EDGE('',*,*,#6134,.F.);
#8078=ORIENTED_EDGE('',*,*,#6135,.F.);
#8079=ORIENTED_EDGE('',*,*,#6126,.T.);
#8080=ORIENTED_EDGE('',*,*,#6135,.T.);
#8081=ORIENTED_EDGE('',*,*,#6136,.F.);
#8082=ORIENTED_EDGE('',*,*,#6137,.F.);
#8083=ORIENTED_EDGE('',*,*,#6127,.T.);
#8084=ORIENTED_EDGE('',*,*,#6137,.T.);
#8085=ORIENTED_EDGE('',*,*,#6138,.F.);
#8086=ORIENTED_EDGE('',*,*,#6139,.F.);
#8087=ORIENTED_EDGE('',*,*,#6122,.T.);
#8088=ORIENTED_EDGE('',*,*,#6139,.T.);
#8089=ORIENTED_EDGE('',*,*,#6140,.F.);
#8090=ORIENTED_EDGE('',*,*,#6129,.F.);
#8091=ORIENTED_EDGE('',*,*,#6140,.T.);
#8092=ORIENTED_EDGE('',*,*,#6138,.T.);
#8093=ORIENTED_EDGE('',*,*,#6136,.T.);
#8094=ORIENTED_EDGE('',*,*,#6134,.T.);
#8095=ORIENTED_EDGE('',*,*,#6132,.T.);
#8096=ORIENTED_EDGE('',*,*,#6130,.T.);
#8097=ORIENTED_EDGE('',*,*,#6128,.T.);
#8098=ORIENTED_EDGE('',*,*,#6141,.T.);
#8099=ORIENTED_EDGE('',*,*,#6142,.T.);
#8100=ORIENTED_EDGE('',*,*,#6141,.F.);
#8101=ORIENTED_EDGE('',*,*,#6142,.F.);
#8102=ORIENTED_EDGE('',*,*,#6143,.F.);
#8103=ORIENTED_EDGE('',*,*,#6144,.F.);
#8104=ORIENTED_EDGE('',*,*,#6145,.F.);
#8105=ORIENTED_EDGE('',*,*,#6146,.F.);
#8106=ORIENTED_EDGE('',*,*,#6147,.F.);
#8107=ORIENTED_EDGE('',*,*,#6148,.F.);
#8108=ORIENTED_EDGE('',*,*,#6149,.F.);
#8109=ORIENTED_EDGE('',*,*,#6144,.T.);
#8110=ORIENTED_EDGE('',*,*,#6150,.T.);
#8111=ORIENTED_EDGE('',*,*,#6151,.F.);
#8112=ORIENTED_EDGE('',*,*,#6152,.F.);
#8113=ORIENTED_EDGE('',*,*,#6145,.T.);
#8114=ORIENTED_EDGE('',*,*,#6152,.T.);
#8115=ORIENTED_EDGE('',*,*,#6153,.F.);
#8116=ORIENTED_EDGE('',*,*,#6154,.F.);
#8117=ORIENTED_EDGE('',*,*,#6146,.T.);
#8118=ORIENTED_EDGE('',*,*,#6154,.T.);
#8119=ORIENTED_EDGE('',*,*,#6155,.F.);
#8120=ORIENTED_EDGE('',*,*,#6156,.F.);
#8121=ORIENTED_EDGE('',*,*,#6147,.T.);
#8122=ORIENTED_EDGE('',*,*,#6156,.T.);
#8123=ORIENTED_EDGE('',*,*,#6157,.F.);
#8124=ORIENTED_EDGE('',*,*,#6158,.F.);
#8125=ORIENTED_EDGE('',*,*,#6148,.T.);
#8126=ORIENTED_EDGE('',*,*,#6158,.T.);
#8127=ORIENTED_EDGE('',*,*,#6159,.F.);
#8128=ORIENTED_EDGE('',*,*,#6160,.F.);
#8129=ORIENTED_EDGE('',*,*,#6143,.T.);
#8130=ORIENTED_EDGE('',*,*,#6160,.T.);
#8131=ORIENTED_EDGE('',*,*,#6161,.F.);
#8132=ORIENTED_EDGE('',*,*,#6150,.F.);
#8133=ORIENTED_EDGE('',*,*,#6161,.T.);
#8134=ORIENTED_EDGE('',*,*,#6159,.T.);
#8135=ORIENTED_EDGE('',*,*,#6157,.T.);
#8136=ORIENTED_EDGE('',*,*,#6155,.T.);
#8137=ORIENTED_EDGE('',*,*,#6153,.T.);
#8138=ORIENTED_EDGE('',*,*,#6151,.T.);
#8139=ORIENTED_EDGE('',*,*,#6149,.T.);
#8140=ORIENTED_EDGE('',*,*,#6162,.T.);
#8141=ORIENTED_EDGE('',*,*,#6163,.T.);
#8142=ORIENTED_EDGE('',*,*,#6162,.F.);
#8143=ORIENTED_EDGE('',*,*,#6163,.F.);
#8144=ORIENTED_EDGE('',*,*,#6164,.F.);
#8145=ORIENTED_EDGE('',*,*,#6165,.F.);
#8146=ORIENTED_EDGE('',*,*,#6166,.F.);
#8147=ORIENTED_EDGE('',*,*,#6167,.F.);
#8148=ORIENTED_EDGE('',*,*,#6168,.F.);
#8149=ORIENTED_EDGE('',*,*,#6169,.F.);
#8150=ORIENTED_EDGE('',*,*,#6170,.F.);
#8151=ORIENTED_EDGE('',*,*,#6165,.T.);
#8152=ORIENTED_EDGE('',*,*,#6171,.T.);
#8153=ORIENTED_EDGE('',*,*,#6172,.F.);
#8154=ORIENTED_EDGE('',*,*,#6173,.F.);
#8155=ORIENTED_EDGE('',*,*,#6166,.T.);
#8156=ORIENTED_EDGE('',*,*,#6173,.T.);
#8157=ORIENTED_EDGE('',*,*,#6174,.F.);
#8158=ORIENTED_EDGE('',*,*,#6175,.F.);
#8159=ORIENTED_EDGE('',*,*,#6167,.T.);
#8160=ORIENTED_EDGE('',*,*,#6175,.T.);
#8161=ORIENTED_EDGE('',*,*,#6176,.F.);
#8162=ORIENTED_EDGE('',*,*,#6177,.F.);
#8163=ORIENTED_EDGE('',*,*,#6168,.T.);
#8164=ORIENTED_EDGE('',*,*,#6177,.T.);
#8165=ORIENTED_EDGE('',*,*,#6178,.F.);
#8166=ORIENTED_EDGE('',*,*,#6179,.F.);
#8167=ORIENTED_EDGE('',*,*,#6169,.T.);
#8168=ORIENTED_EDGE('',*,*,#6179,.T.);
#8169=ORIENTED_EDGE('',*,*,#6180,.F.);
#8170=ORIENTED_EDGE('',*,*,#6181,.F.);
#8171=ORIENTED_EDGE('',*,*,#6164,.T.);
#8172=ORIENTED_EDGE('',*,*,#6181,.T.);
#8173=ORIENTED_EDGE('',*,*,#6182,.F.);
#8174=ORIENTED_EDGE('',*,*,#6171,.F.);
#8175=ORIENTED_EDGE('',*,*,#6182,.T.);
#8176=ORIENTED_EDGE('',*,*,#6180,.T.);
#8177=ORIENTED_EDGE('',*,*,#6178,.T.);
#8178=ORIENTED_EDGE('',*,*,#6176,.T.);
#8179=ORIENTED_EDGE('',*,*,#6174,.T.);
#8180=ORIENTED_EDGE('',*,*,#6172,.T.);
#8181=ORIENTED_EDGE('',*,*,#6170,.T.);
#8182=ORIENTED_EDGE('',*,*,#6183,.T.);
#8183=ORIENTED_EDGE('',*,*,#6184,.T.);
#8184=ORIENTED_EDGE('',*,*,#6183,.F.);
#8185=ORIENTED_EDGE('',*,*,#6184,.F.);
#8186=ORIENTED_EDGE('',*,*,#6185,.F.);
#8187=ORIENTED_EDGE('',*,*,#6186,.F.);
#8188=ORIENTED_EDGE('',*,*,#6187,.F.);
#8189=ORIENTED_EDGE('',*,*,#6188,.F.);
#8190=ORIENTED_EDGE('',*,*,#6189,.F.);
#8191=ORIENTED_EDGE('',*,*,#6190,.F.);
#8192=ORIENTED_EDGE('',*,*,#6191,.F.);
#8193=ORIENTED_EDGE('',*,*,#6186,.T.);
#8194=ORIENTED_EDGE('',*,*,#6192,.T.);
#8195=ORIENTED_EDGE('',*,*,#6193,.F.);
#8196=ORIENTED_EDGE('',*,*,#6194,.F.);
#8197=ORIENTED_EDGE('',*,*,#6187,.T.);
#8198=ORIENTED_EDGE('',*,*,#6194,.T.);
#8199=ORIENTED_EDGE('',*,*,#6195,.F.);
#8200=ORIENTED_EDGE('',*,*,#6196,.F.);
#8201=ORIENTED_EDGE('',*,*,#6188,.T.);
#8202=ORIENTED_EDGE('',*,*,#6196,.T.);
#8203=ORIENTED_EDGE('',*,*,#6197,.F.);
#8204=ORIENTED_EDGE('',*,*,#6198,.F.);
#8205=ORIENTED_EDGE('',*,*,#6189,.T.);
#8206=ORIENTED_EDGE('',*,*,#6198,.T.);
#8207=ORIENTED_EDGE('',*,*,#6199,.F.);
#8208=ORIENTED_EDGE('',*,*,#6200,.F.);
#8209=ORIENTED_EDGE('',*,*,#6190,.T.);
#8210=ORIENTED_EDGE('',*,*,#6200,.T.);
#8211=ORIENTED_EDGE('',*,*,#6201,.F.);
#8212=ORIENTED_EDGE('',*,*,#6202,.F.);
#8213=ORIENTED_EDGE('',*,*,#6185,.T.);
#8214=ORIENTED_EDGE('',*,*,#6202,.T.);
#8215=ORIENTED_EDGE('',*,*,#6203,.F.);
#8216=ORIENTED_EDGE('',*,*,#6192,.F.);
#8217=ORIENTED_EDGE('',*,*,#6203,.T.);
#8218=ORIENTED_EDGE('',*,*,#6201,.T.);
#8219=ORIENTED_EDGE('',*,*,#6199,.T.);
#8220=ORIENTED_EDGE('',*,*,#6197,.T.);
#8221=ORIENTED_EDGE('',*,*,#6195,.T.);
#8222=ORIENTED_EDGE('',*,*,#6193,.T.);
#8223=ORIENTED_EDGE('',*,*,#6191,.T.);
#8224=ORIENTED_EDGE('',*,*,#6204,.T.);
#8225=ORIENTED_EDGE('',*,*,#6205,.T.);
#8226=ORIENTED_EDGE('',*,*,#6204,.F.);
#8227=ORIENTED_EDGE('',*,*,#6205,.F.);
#8228=ORIENTED_EDGE('',*,*,#6206,.F.);
#8229=ORIENTED_EDGE('',*,*,#6207,.F.);
#8230=ORIENTED_EDGE('',*,*,#6208,.F.);
#8231=ORIENTED_EDGE('',*,*,#6209,.F.);
#8232=ORIENTED_EDGE('',*,*,#6210,.F.);
#8233=ORIENTED_EDGE('',*,*,#6211,.F.);
#8234=ORIENTED_EDGE('',*,*,#6212,.F.);
#8235=ORIENTED_EDGE('',*,*,#6207,.T.);
#8236=ORIENTED_EDGE('',*,*,#6213,.T.);
#8237=ORIENTED_EDGE('',*,*,#6214,.F.);
#8238=ORIENTED_EDGE('',*,*,#6215,.F.);
#8239=ORIENTED_EDGE('',*,*,#6208,.T.);
#8240=ORIENTED_EDGE('',*,*,#6215,.T.);
#8241=ORIENTED_EDGE('',*,*,#6216,.F.);
#8242=ORIENTED_EDGE('',*,*,#6217,.F.);
#8243=ORIENTED_EDGE('',*,*,#6209,.T.);
#8244=ORIENTED_EDGE('',*,*,#6217,.T.);
#8245=ORIENTED_EDGE('',*,*,#6218,.F.);
#8246=ORIENTED_EDGE('',*,*,#6219,.F.);
#8247=ORIENTED_EDGE('',*,*,#6210,.T.);
#8248=ORIENTED_EDGE('',*,*,#6219,.T.);
#8249=ORIENTED_EDGE('',*,*,#6220,.F.);
#8250=ORIENTED_EDGE('',*,*,#6221,.F.);
#8251=ORIENTED_EDGE('',*,*,#6211,.T.);
#8252=ORIENTED_EDGE('',*,*,#6221,.T.);
#8253=ORIENTED_EDGE('',*,*,#6222,.F.);
#8254=ORIENTED_EDGE('',*,*,#6223,.F.);
#8255=ORIENTED_EDGE('',*,*,#6206,.T.);
#8256=ORIENTED_EDGE('',*,*,#6223,.T.);
#8257=ORIENTED_EDGE('',*,*,#6224,.F.);
#8258=ORIENTED_EDGE('',*,*,#6213,.F.);
#8259=ORIENTED_EDGE('',*,*,#6224,.T.);
#8260=ORIENTED_EDGE('',*,*,#6222,.T.);
#8261=ORIENTED_EDGE('',*,*,#6220,.T.);
#8262=ORIENTED_EDGE('',*,*,#6218,.T.);
#8263=ORIENTED_EDGE('',*,*,#6216,.T.);
#8264=ORIENTED_EDGE('',*,*,#6214,.T.);
#8265=ORIENTED_EDGE('',*,*,#6212,.T.);
#8266=ORIENTED_EDGE('',*,*,#6225,.T.);
#8267=ORIENTED_EDGE('',*,*,#6226,.T.);
#8268=ORIENTED_EDGE('',*,*,#6225,.F.);
#8269=ORIENTED_EDGE('',*,*,#6226,.F.);
#8270=ORIENTED_EDGE('',*,*,#6227,.F.);
#8271=ORIENTED_EDGE('',*,*,#6228,.F.);
#8272=ORIENTED_EDGE('',*,*,#6229,.F.);
#8273=ORIENTED_EDGE('',*,*,#6230,.F.);
#8274=ORIENTED_EDGE('',*,*,#6231,.F.);
#8275=ORIENTED_EDGE('',*,*,#6232,.F.);
#8276=ORIENTED_EDGE('',*,*,#6233,.F.);
#8277=ORIENTED_EDGE('',*,*,#6228,.T.);
#8278=ORIENTED_EDGE('',*,*,#6234,.T.);
#8279=ORIENTED_EDGE('',*,*,#6235,.F.);
#8280=ORIENTED_EDGE('',*,*,#6236,.F.);
#8281=ORIENTED_EDGE('',*,*,#6229,.T.);
#8282=ORIENTED_EDGE('',*,*,#6236,.T.);
#8283=ORIENTED_EDGE('',*,*,#6237,.F.);
#8284=ORIENTED_EDGE('',*,*,#6238,.F.);
#8285=ORIENTED_EDGE('',*,*,#6230,.T.);
#8286=ORIENTED_EDGE('',*,*,#6238,.T.);
#8287=ORIENTED_EDGE('',*,*,#6239,.F.);
#8288=ORIENTED_EDGE('',*,*,#6240,.F.);
#8289=ORIENTED_EDGE('',*,*,#6231,.T.);
#8290=ORIENTED_EDGE('',*,*,#6240,.T.);
#8291=ORIENTED_EDGE('',*,*,#6241,.F.);
#8292=ORIENTED_EDGE('',*,*,#6242,.F.);
#8293=ORIENTED_EDGE('',*,*,#6232,.T.);
#8294=ORIENTED_EDGE('',*,*,#6242,.T.);
#8295=ORIENTED_EDGE('',*,*,#6243,.F.);
#8296=ORIENTED_EDGE('',*,*,#6244,.F.);
#8297=ORIENTED_EDGE('',*,*,#6227,.T.);
#8298=ORIENTED_EDGE('',*,*,#6244,.T.);
#8299=ORIENTED_EDGE('',*,*,#6245,.F.);
#8300=ORIENTED_EDGE('',*,*,#6234,.F.);
#8301=ORIENTED_EDGE('',*,*,#6245,.T.);
#8302=ORIENTED_EDGE('',*,*,#6243,.T.);
#8303=ORIENTED_EDGE('',*,*,#6241,.T.);
#8304=ORIENTED_EDGE('',*,*,#6239,.T.);
#8305=ORIENTED_EDGE('',*,*,#6237,.T.);
#8306=ORIENTED_EDGE('',*,*,#6235,.T.);
#8307=ORIENTED_EDGE('',*,*,#6233,.T.);
#8308=ORIENTED_EDGE('',*,*,#6246,.T.);
#8309=ORIENTED_EDGE('',*,*,#6247,.T.);
#8310=ORIENTED_EDGE('',*,*,#6246,.F.);
#8311=ORIENTED_EDGE('',*,*,#6247,.F.);
#8312=ORIENTED_EDGE('',*,*,#6248,.T.);
#8313=ORIENTED_EDGE('',*,*,#6249,.T.);
#8314=ORIENTED_EDGE('',*,*,#6250,.T.);
#8315=ORIENTED_EDGE('',*,*,#6251,.T.);
#8316=ORIENTED_EDGE('',*,*,#6249,.F.);
#8317=ORIENTED_EDGE('',*,*,#6252,.F.);
#8318=ORIENTED_EDGE('',*,*,#6253,.F.);
#8319=ORIENTED_EDGE('',*,*,#6254,.T.);
#8320=ORIENTED_EDGE('',*,*,#6248,.F.);
#8321=ORIENTED_EDGE('',*,*,#6255,.T.);
#8322=ORIENTED_EDGE('',*,*,#6256,.F.);
#8323=ORIENTED_EDGE('',*,*,#6257,.T.);
#8324=ORIENTED_EDGE('',*,*,#6258,.F.);
#8325=ORIENTED_EDGE('',*,*,#6259,.T.);
#8326=ORIENTED_EDGE('',*,*,#6260,.F.);
#8327=ORIENTED_EDGE('',*,*,#6252,.T.);
#8328=ORIENTED_EDGE('',*,*,#6261,.T.);
#8329=ORIENTED_EDGE('',*,*,#6262,.T.);
#8330=ORIENTED_EDGE('',*,*,#6263,.T.);
#8331=ORIENTED_EDGE('',*,*,#6264,.T.);
#8332=ORIENTED_EDGE('',*,*,#6265,.T.);
#8333=ORIENTED_EDGE('',*,*,#6266,.T.);
#8334=ORIENTED_EDGE('',*,*,#6267,.T.);
#8335=ORIENTED_EDGE('',*,*,#6268,.T.);
#8336=ORIENTED_EDGE('',*,*,#6269,.T.);
#8337=ORIENTED_EDGE('',*,*,#6270,.T.);
#8338=ORIENTED_EDGE('',*,*,#6271,.T.);
#8339=ORIENTED_EDGE('',*,*,#6272,.T.);
#8340=ORIENTED_EDGE('',*,*,#6273,.T.);
#8341=ORIENTED_EDGE('',*,*,#6274,.T.);
#8342=ORIENTED_EDGE('',*,*,#6256,.T.);
#8343=ORIENTED_EDGE('',*,*,#6275,.T.);
#8344=ORIENTED_EDGE('',*,*,#6276,.T.);
#8345=ORIENTED_EDGE('',*,*,#6277,.T.);
#8346=ORIENTED_EDGE('',*,*,#6277,.F.);
#8347=ORIENTED_EDGE('',*,*,#6278,.T.);
#8348=ORIENTED_EDGE('',*,*,#6279,.F.);
#8349=ORIENTED_EDGE('',*,*,#6257,.F.);
#8350=ORIENTED_EDGE('',*,*,#6258,.T.);
#8351=ORIENTED_EDGE('',*,*,#6279,.T.);
#8352=ORIENTED_EDGE('',*,*,#6280,.T.);
#8353=ORIENTED_EDGE('',*,*,#6281,.T.);
#8354=ORIENTED_EDGE('',*,*,#6260,.T.);
#8355=ORIENTED_EDGE('',*,*,#6282,.T.);
#8356=ORIENTED_EDGE('',*,*,#6283,.T.);
#8357=ORIENTED_EDGE('',*,*,#6253,.T.);
#8358=ORIENTED_EDGE('',*,*,#6284,.F.);
#8359=ORIENTED_EDGE('',*,*,#6285,.T.);
#8360=ORIENTED_EDGE('',*,*,#6274,.F.);
#8361=ORIENTED_EDGE('',*,*,#6285,.F.);
#8362=ORIENTED_EDGE('',*,*,#6284,.T.);
#8363=ORIENTED_EDGE('',*,*,#6286,.F.);
#8364=ORIENTED_EDGE('',*,*,#6287,.T.);
#8365=ORIENTED_EDGE('',*,*,#6261,.F.);
#8366=ORIENTED_EDGE('',*,*,#6287,.F.);
#8367=ORIENTED_EDGE('',*,*,#6286,.T.);
#8368=ORIENTED_EDGE('',*,*,#6288,.F.);
#8369=ORIENTED_EDGE('',*,*,#6289,.T.);
#8370=ORIENTED_EDGE('',*,*,#6273,.F.);
#8371=ORIENTED_EDGE('',*,*,#6289,.F.);
#8372=ORIENTED_EDGE('',*,*,#6288,.T.);
#8373=ORIENTED_EDGE('',*,*,#6290,.F.);
#8374=ORIENTED_EDGE('',*,*,#6291,.T.);
#8375=ORIENTED_EDGE('',*,*,#6262,.F.);
#8376=ORIENTED_EDGE('',*,*,#6291,.F.);
#8377=ORIENTED_EDGE('',*,*,#6290,.T.);
#8378=ORIENTED_EDGE('',*,*,#6292,.F.);
#8379=ORIENTED_EDGE('',*,*,#6293,.T.);
#8380=ORIENTED_EDGE('',*,*,#6263,.F.);
#8381=ORIENTED_EDGE('',*,*,#6293,.F.);
#8382=ORIENTED_EDGE('',*,*,#6292,.T.);
#8383=ORIENTED_EDGE('',*,*,#6294,.F.);
#8384=ORIENTED_EDGE('',*,*,#6295,.T.);
#8385=ORIENTED_EDGE('',*,*,#6296,.T.);
#8386=ORIENTED_EDGE('',*,*,#6264,.F.);
#8387=ORIENTED_EDGE('',*,*,#6296,.F.);
#8388=ORIENTED_EDGE('',*,*,#6297,.F.);
#8389=ORIENTED_EDGE('',*,*,#6294,.T.);
#8390=ORIENTED_EDGE('',*,*,#6298,.F.);
#8391=ORIENTED_EDGE('',*,*,#6299,.T.);
#8392=ORIENTED_EDGE('',*,*,#6300,.T.);
#8393=ORIENTED_EDGE('',*,*,#6265,.F.);
#8394=ORIENTED_EDGE('',*,*,#6300,.F.);
#8395=ORIENTED_EDGE('',*,*,#6301,.F.);
#8396=ORIENTED_EDGE('',*,*,#6302,.F.);
#8397=ORIENTED_EDGE('',*,*,#6303,.T.);
#8398=ORIENTED_EDGE('',*,*,#6304,.F.);
#8399=ORIENTED_EDGE('',*,*,#6298,.T.);
#8400=ORIENTED_EDGE('',*,*,#6302,.T.);
#8401=ORIENTED_EDGE('',*,*,#6305,.F.);
#8402=ORIENTED_EDGE('',*,*,#6306,.T.);
#8403=ORIENTED_EDGE('',*,*,#6307,.T.);
#8404=ORIENTED_EDGE('',*,*,#6266,.F.);
#8405=ORIENTED_EDGE('',*,*,#6307,.F.);
#8406=ORIENTED_EDGE('',*,*,#6308,.F.);
#8407=ORIENTED_EDGE('',*,*,#6309,.F.);
#8408=ORIENTED_EDGE('',*,*,#6310,.T.);
#8409=ORIENTED_EDGE('',*,*,#6311,.F.);
#8410=ORIENTED_EDGE('',*,*,#6305,.T.);
#8411=ORIENTED_EDGE('',*,*,#6309,.T.);
#8412=ORIENTED_EDGE('',*,*,#6312,.F.);
#8413=ORIENTED_EDGE('',*,*,#6313,.T.);
#8414=ORIENTED_EDGE('',*,*,#6314,.T.);
#8415=ORIENTED_EDGE('',*,*,#6267,.F.);
#8416=ORIENTED_EDGE('',*,*,#6314,.F.);
#8417=ORIENTED_EDGE('',*,*,#6315,.F.);
#8418=ORIENTED_EDGE('',*,*,#6316,.F.);
#8419=ORIENTED_EDGE('',*,*,#6317,.T.);
#8420=ORIENTED_EDGE('',*,*,#6318,.F.);
#8421=ORIENTED_EDGE('',*,*,#6312,.T.);
#8422=ORIENTED_EDGE('',*,*,#6316,.T.);
#8423=ORIENTED_EDGE('',*,*,#6319,.F.);
#8424=ORIENTED_EDGE('',*,*,#6320,.T.);
#8425=ORIENTED_EDGE('',*,*,#6321,.F.);
#8426=ORIENTED_EDGE('',*,*,#6322,.F.);
#8427=ORIENTED_EDGE('',*,*,#6323,.T.);
#8428=ORIENTED_EDGE('',*,*,#6268,.F.);
#8429=ORIENTED_EDGE('',*,*,#6323,.F.);
#8430=ORIENTED_EDGE('',*,*,#6319,.T.);
#8431=ORIENTED_EDGE('',*,*,#6322,.T.);
#8432=ORIENTED_EDGE('',*,*,#6271,.F.);
#8433=ORIENTED_EDGE('',*,*,#6324,.F.);
#8434=ORIENTED_EDGE('',*,*,#6325,.F.);
#8435=ORIENTED_EDGE('',*,*,#6326,.F.);
#8436=ORIENTED_EDGE('',*,*,#6327,.F.);
#8437=ORIENTED_EDGE('',*,*,#6328,.F.);
#8438=ORIENTED_EDGE('',*,*,#6329,.F.);
#8439=ORIENTED_EDGE('',*,*,#6330,.F.);
#8440=ORIENTED_EDGE('',*,*,#6331,.F.);
#8441=ORIENTED_EDGE('',*,*,#6332,.F.);
#8442=ORIENTED_EDGE('',*,*,#6333,.F.);
#8443=ORIENTED_EDGE('',*,*,#6334,.T.);
#8444=ORIENTED_EDGE('',*,*,#6272,.F.);
#8445=ORIENTED_EDGE('',*,*,#6334,.F.);
#8446=ORIENTED_EDGE('',*,*,#6335,.F.);
#8447=ORIENTED_EDGE('',*,*,#6336,.T.);
#8448=ORIENTED_EDGE('',*,*,#6337,.F.);
#8449=ORIENTED_EDGE('',*,*,#6338,.F.);
#8450=ORIENTED_EDGE('',*,*,#6339,.F.);
#8451=ORIENTED_EDGE('',*,*,#6340,.F.);
#8452=ORIENTED_EDGE('',*,*,#6341,.F.);
#8453=ORIENTED_EDGE('',*,*,#6325,.T.);
#8454=ORIENTED_EDGE('',*,*,#6342,.T.);
#8455=ORIENTED_EDGE('',*,*,#6343,.T.);
#8456=ORIENTED_EDGE('',*,*,#6335,.T.);
#8457=ORIENTED_EDGE('',*,*,#6333,.T.);
#8458=ORIENTED_EDGE('',*,*,#6344,.F.);
#8459=ORIENTED_EDGE('',*,*,#6345,.F.);
#8460=ORIENTED_EDGE('',*,*,#6346,.F.);
#8461=ORIENTED_EDGE('',*,*,#6347,.F.);
#8462=ORIENTED_EDGE('',*,*,#6348,.F.);
#8463=ORIENTED_EDGE('',*,*,#6331,.T.);
#8464=ORIENTED_EDGE('',*,*,#6349,.F.);
#8465=ORIENTED_EDGE('',*,*,#6350,.F.);
#8466=ORIENTED_EDGE('',*,*,#6351,.F.);
#8467=ORIENTED_EDGE('',*,*,#6352,.F.);
#8468=ORIENTED_EDGE('',*,*,#6353,.F.);
#8469=ORIENTED_EDGE('',*,*,#6329,.T.);
#8470=ORIENTED_EDGE('',*,*,#6354,.F.);
#8471=ORIENTED_EDGE('',*,*,#6355,.F.);
#8472=ORIENTED_EDGE('',*,*,#6356,.F.);
#8473=ORIENTED_EDGE('',*,*,#6357,.F.);
#8474=ORIENTED_EDGE('',*,*,#6358,.F.);
#8475=ORIENTED_EDGE('',*,*,#6327,.T.);
#8476=ORIENTED_EDGE('',*,*,#6269,.F.);
#8477=ORIENTED_EDGE('',*,*,#6336,.F.);
#8478=ORIENTED_EDGE('',*,*,#6343,.F.);
#8479=ORIENTED_EDGE('',*,*,#6359,.T.);
#8480=ORIENTED_EDGE('',*,*,#6270,.F.);
#8481=ORIENTED_EDGE('',*,*,#6359,.F.);
#8482=ORIENTED_EDGE('',*,*,#6342,.F.);
#8483=ORIENTED_EDGE('',*,*,#6324,.T.);
#8484=ORIENTED_EDGE('',*,*,#6326,.T.);
#8485=ORIENTED_EDGE('',*,*,#6360,.F.);
#8486=ORIENTED_EDGE('',*,*,#6361,.F.);
#8487=ORIENTED_EDGE('',*,*,#6362,.F.);
#8488=ORIENTED_EDGE('',*,*,#6363,.F.);
#8489=ORIENTED_EDGE('',*,*,#6364,.F.);
#8490=ORIENTED_EDGE('',*,*,#6328,.T.);
#8491=ORIENTED_EDGE('',*,*,#6365,.F.);
#8492=ORIENTED_EDGE('',*,*,#6366,.F.);
#8493=ORIENTED_EDGE('',*,*,#6367,.F.);
#8494=ORIENTED_EDGE('',*,*,#6368,.F.);
#8495=ORIENTED_EDGE('',*,*,#6369,.F.);
#8496=ORIENTED_EDGE('',*,*,#6330,.T.);
#8497=ORIENTED_EDGE('',*,*,#6370,.F.);
#8498=ORIENTED_EDGE('',*,*,#6371,.F.);
#8499=ORIENTED_EDGE('',*,*,#6372,.F.);
#8500=ORIENTED_EDGE('',*,*,#6373,.F.);
#8501=ORIENTED_EDGE('',*,*,#6374,.F.);
#8502=ORIENTED_EDGE('',*,*,#6332,.T.);
#8503=ORIENTED_EDGE('',*,*,#6375,.F.);
#8504=ORIENTED_EDGE('',*,*,#6376,.F.);
#8505=ORIENTED_EDGE('',*,*,#6377,.F.);
#8506=ORIENTED_EDGE('',*,*,#6378,.F.);
#8507=ORIENTED_EDGE('',*,*,#6379,.F.);
#8508=ORIENTED_EDGE('',*,*,#6380,.F.);
#8509=ORIENTED_EDGE('',*,*,#6338,.T.);
#8510=ORIENTED_EDGE('',*,*,#6381,.F.);
#8511=ORIENTED_EDGE('',*,*,#6382,.F.);
#8512=ORIENTED_EDGE('',*,*,#6383,.F.);
#8513=ORIENTED_EDGE('',*,*,#6381,.T.);
#8514=ORIENTED_EDGE('',*,*,#6337,.T.);
#8515=ORIENTED_EDGE('',*,*,#6364,.T.);
#8516=ORIENTED_EDGE('',*,*,#6303,.F.);
#8517=ORIENTED_EDGE('',*,*,#6304,.T.);
#8518=ORIENTED_EDGE('',*,*,#6363,.T.);
#8519=ORIENTED_EDGE('',*,*,#6384,.F.);
#8520=ORIENTED_EDGE('',*,*,#6385,.F.);
#8521=ORIENTED_EDGE('',*,*,#6386,.F.);
#8522=ORIENTED_EDGE('',*,*,#6387,.F.);
#8523=ORIENTED_EDGE('',*,*,#6388,.F.);
#8524=ORIENTED_EDGE('',*,*,#6389,.T.);
#8525=ORIENTED_EDGE('',*,*,#6340,.T.);
#8526=ORIENTED_EDGE('',*,*,#6390,.F.);
#8527=ORIENTED_EDGE('',*,*,#6391,.F.);
#8528=ORIENTED_EDGE('',*,*,#6392,.F.);
#8529=ORIENTED_EDGE('',*,*,#6393,.F.);
#8530=ORIENTED_EDGE('',*,*,#6361,.T.);
#8531=ORIENTED_EDGE('',*,*,#6295,.F.);
#8532=ORIENTED_EDGE('',*,*,#6297,.T.);
#8533=ORIENTED_EDGE('',*,*,#6360,.T.);
#8534=ORIENTED_EDGE('',*,*,#6341,.T.);
#8535=ORIENTED_EDGE('',*,*,#6389,.F.);
#8536=ORIENTED_EDGE('',*,*,#6394,.F.);
#8537=ORIENTED_EDGE('',*,*,#6385,.T.);
#8538=ORIENTED_EDGE('',*,*,#6395,.F.);
#8539=ORIENTED_EDGE('',*,*,#6392,.T.);
#8540=ORIENTED_EDGE('',*,*,#6339,.T.);
#8541=ORIENTED_EDGE('',*,*,#6380,.T.);
#8542=ORIENTED_EDGE('',*,*,#6396,.F.);
#8543=ORIENTED_EDGE('',*,*,#6387,.T.);
#8544=ORIENTED_EDGE('',*,*,#6397,.F.);
#8545=ORIENTED_EDGE('',*,*,#6355,.T.);
#8546=ORIENTED_EDGE('',*,*,#6398,.F.);
#8547=ORIENTED_EDGE('',*,*,#6399,.F.);
#8548=ORIENTED_EDGE('',*,*,#6400,.F.);
#8549=ORIENTED_EDGE('',*,*,#6398,.T.);
#8550=ORIENTED_EDGE('',*,*,#6354,.T.);
#8551=ORIENTED_EDGE('',*,*,#6369,.T.);
#8552=ORIENTED_EDGE('',*,*,#6310,.F.);
#8553=ORIENTED_EDGE('',*,*,#6311,.T.);
#8554=ORIENTED_EDGE('',*,*,#6368,.T.);
#8555=ORIENTED_EDGE('',*,*,#6401,.F.);
#8556=ORIENTED_EDGE('',*,*,#6402,.F.);
#8557=ORIENTED_EDGE('',*,*,#6403,.F.);
#8558=ORIENTED_EDGE('',*,*,#6404,.F.);
#8559=ORIENTED_EDGE('',*,*,#6405,.F.);
#8560=ORIENTED_EDGE('',*,*,#6406,.T.);
#8561=ORIENTED_EDGE('',*,*,#6357,.T.);
#8562=ORIENTED_EDGE('',*,*,#6407,.F.);
#8563=ORIENTED_EDGE('',*,*,#6408,.F.);
#8564=ORIENTED_EDGE('',*,*,#6409,.F.);
#8565=ORIENTED_EDGE('',*,*,#6410,.F.);
#8566=ORIENTED_EDGE('',*,*,#6366,.T.);
#8567=ORIENTED_EDGE('',*,*,#6299,.F.);
#8568=ORIENTED_EDGE('',*,*,#6301,.T.);
#8569=ORIENTED_EDGE('',*,*,#6365,.T.);
#8570=ORIENTED_EDGE('',*,*,#6358,.T.);
#8571=ORIENTED_EDGE('',*,*,#6406,.F.);
#8572=ORIENTED_EDGE('',*,*,#6411,.F.);
#8573=ORIENTED_EDGE('',*,*,#6402,.T.);
#8574=ORIENTED_EDGE('',*,*,#6412,.F.);
#8575=ORIENTED_EDGE('',*,*,#6409,.T.);
#8576=ORIENTED_EDGE('',*,*,#6356,.T.);
#8577=ORIENTED_EDGE('',*,*,#6397,.T.);
#8578=ORIENTED_EDGE('',*,*,#6413,.F.);
#8579=ORIENTED_EDGE('',*,*,#6404,.T.);
#8580=ORIENTED_EDGE('',*,*,#6414,.F.);
#8581=ORIENTED_EDGE('',*,*,#6350,.T.);
#8582=ORIENTED_EDGE('',*,*,#6415,.F.);
#8583=ORIENTED_EDGE('',*,*,#6416,.F.);
#8584=ORIENTED_EDGE('',*,*,#6417,.F.);
#8585=ORIENTED_EDGE('',*,*,#6415,.T.);
#8586=ORIENTED_EDGE('',*,*,#6349,.T.);
#8587=ORIENTED_EDGE('',*,*,#6374,.T.);
#8588=ORIENTED_EDGE('',*,*,#6317,.F.);
#8589=ORIENTED_EDGE('',*,*,#6318,.T.);
#8590=ORIENTED_EDGE('',*,*,#6373,.T.);
#8591=ORIENTED_EDGE('',*,*,#6418,.F.);
#8592=ORIENTED_EDGE('',*,*,#6419,.F.);
#8593=ORIENTED_EDGE('',*,*,#6420,.F.);
#8594=ORIENTED_EDGE('',*,*,#6421,.F.);
#8595=ORIENTED_EDGE('',*,*,#6422,.F.);
#8596=ORIENTED_EDGE('',*,*,#6423,.T.);
#8597=ORIENTED_EDGE('',*,*,#6352,.T.);
#8598=ORIENTED_EDGE('',*,*,#6424,.F.);
#8599=ORIENTED_EDGE('',*,*,#6425,.F.);
#8600=ORIENTED_EDGE('',*,*,#6426,.F.);
#8601=ORIENTED_EDGE('',*,*,#6427,.F.);
#8602=ORIENTED_EDGE('',*,*,#6371,.T.);
#8603=ORIENTED_EDGE('',*,*,#6306,.F.);
#8604=ORIENTED_EDGE('',*,*,#6308,.T.);
#8605=ORIENTED_EDGE('',*,*,#6370,.T.);
#8606=ORIENTED_EDGE('',*,*,#6353,.T.);
#8607=ORIENTED_EDGE('',*,*,#6423,.F.);
#8608=ORIENTED_EDGE('',*,*,#6428,.F.);
#8609=ORIENTED_EDGE('',*,*,#6419,.T.);
#8610=ORIENTED_EDGE('',*,*,#6429,.F.);
#8611=ORIENTED_EDGE('',*,*,#6426,.T.);
#8612=ORIENTED_EDGE('',*,*,#6351,.T.);
#8613=ORIENTED_EDGE('',*,*,#6414,.T.);
#8614=ORIENTED_EDGE('',*,*,#6430,.F.);
#8615=ORIENTED_EDGE('',*,*,#6421,.T.);
#8616=ORIENTED_EDGE('',*,*,#6431,.F.);
#8617=ORIENTED_EDGE('',*,*,#6345,.T.);
#8618=ORIENTED_EDGE('',*,*,#6432,.F.);
#8619=ORIENTED_EDGE('',*,*,#6433,.F.);
#8620=ORIENTED_EDGE('',*,*,#6434,.F.);
#8621=ORIENTED_EDGE('',*,*,#6432,.T.);
#8622=ORIENTED_EDGE('',*,*,#6344,.T.);
#8623=ORIENTED_EDGE('',*,*,#6379,.T.);
#8624=ORIENTED_EDGE('',*,*,#6320,.F.);
#8625=ORIENTED_EDGE('',*,*,#6321,.T.);
#8626=ORIENTED_EDGE('',*,*,#6378,.T.);
#8627=ORIENTED_EDGE('',*,*,#6435,.F.);
#8628=ORIENTED_EDGE('',*,*,#6436,.F.);
#8629=ORIENTED_EDGE('',*,*,#6437,.F.);
#8630=ORIENTED_EDGE('',*,*,#6438,.F.);
#8631=ORIENTED_EDGE('',*,*,#6439,.F.);
#8632=ORIENTED_EDGE('',*,*,#6440,.T.);
#8633=ORIENTED_EDGE('',*,*,#6347,.T.);
#8634=ORIENTED_EDGE('',*,*,#6441,.F.);
#8635=ORIENTED_EDGE('',*,*,#6442,.F.);
#8636=ORIENTED_EDGE('',*,*,#6443,.F.);
#8637=ORIENTED_EDGE('',*,*,#6444,.F.);
#8638=ORIENTED_EDGE('',*,*,#6376,.T.);
#8639=ORIENTED_EDGE('',*,*,#6313,.F.);
#8640=ORIENTED_EDGE('',*,*,#6315,.T.);
#8641=ORIENTED_EDGE('',*,*,#6375,.T.);
#8642=ORIENTED_EDGE('',*,*,#6348,.T.);
#8643=ORIENTED_EDGE('',*,*,#6440,.F.);
#8644=ORIENTED_EDGE('',*,*,#6445,.F.);
#8645=ORIENTED_EDGE('',*,*,#6436,.T.);
#8646=ORIENTED_EDGE('',*,*,#6446,.F.);
#8647=ORIENTED_EDGE('',*,*,#6443,.T.);
#8648=ORIENTED_EDGE('',*,*,#6346,.T.);
#8649=ORIENTED_EDGE('',*,*,#6431,.T.);
#8650=ORIENTED_EDGE('',*,*,#6447,.F.);
#8651=ORIENTED_EDGE('',*,*,#6438,.T.);
#8652=ORIENTED_EDGE('',*,*,#6391,.T.);
#8653=ORIENTED_EDGE('',*,*,#6448,.T.);
#8654=ORIENTED_EDGE('',*,*,#6449,.F.);
#8655=ORIENTED_EDGE('',*,*,#6450,.F.);
#8656=ORIENTED_EDGE('',*,*,#6451,.T.);
#8657=ORIENTED_EDGE('',*,*,#6452,.T.);
#8658=ORIENTED_EDGE('',*,*,#6437,.T.);
#8659=ORIENTED_EDGE('',*,*,#6445,.T.);
#8660=ORIENTED_EDGE('',*,*,#6442,.T.);
#8661=ORIENTED_EDGE('',*,*,#6453,.T.);
#8662=ORIENTED_EDGE('',*,*,#6420,.T.);
#8663=ORIENTED_EDGE('',*,*,#6428,.T.);
#8664=ORIENTED_EDGE('',*,*,#6425,.T.);
#8665=ORIENTED_EDGE('',*,*,#6454,.T.);
#8666=ORIENTED_EDGE('',*,*,#6403,.T.);
#8667=ORIENTED_EDGE('',*,*,#6411,.T.);
#8668=ORIENTED_EDGE('',*,*,#6408,.T.);
#8669=ORIENTED_EDGE('',*,*,#6455,.T.);
#8670=ORIENTED_EDGE('',*,*,#6386,.T.);
#8671=ORIENTED_EDGE('',*,*,#6394,.T.);
#8672=ORIENTED_EDGE('',*,*,#6456,.F.);
#8673=ORIENTED_EDGE('',*,*,#6449,.T.);
#8674=ORIENTED_EDGE('',*,*,#6457,.T.);
#8675=ORIENTED_EDGE('',*,*,#6458,.F.);
#8676=ORIENTED_EDGE('',*,*,#6459,.F.);
#8677=ORIENTED_EDGE('',*,*,#6458,.T.);
#8678=ORIENTED_EDGE('',*,*,#6460,.T.);
#8679=ORIENTED_EDGE('',*,*,#6461,.F.);
#8680=ORIENTED_EDGE('',*,*,#6462,.F.);
#8681=ORIENTED_EDGE('',*,*,#6461,.T.);
#8682=ORIENTED_EDGE('',*,*,#6463,.T.);
#8683=ORIENTED_EDGE('',*,*,#6451,.F.);
#8684=ORIENTED_EDGE('',*,*,#6388,.T.);
#8685=ORIENTED_EDGE('',*,*,#6396,.T.);
#8686=ORIENTED_EDGE('',*,*,#6382,.T.);
#8687=ORIENTED_EDGE('',*,*,#6383,.T.);
#8688=ORIENTED_EDGE('',*,*,#6455,.F.);
#8689=ORIENTED_EDGE('',*,*,#6407,.T.);
#8690=ORIENTED_EDGE('',*,*,#6405,.T.);
#8691=ORIENTED_EDGE('',*,*,#6413,.T.);
#8692=ORIENTED_EDGE('',*,*,#6399,.T.);
#8693=ORIENTED_EDGE('',*,*,#6400,.T.);
#8694=ORIENTED_EDGE('',*,*,#6454,.F.);
#8695=ORIENTED_EDGE('',*,*,#6424,.T.);
#8696=ORIENTED_EDGE('',*,*,#6422,.T.);
#8697=ORIENTED_EDGE('',*,*,#6430,.T.);
#8698=ORIENTED_EDGE('',*,*,#6416,.T.);
#8699=ORIENTED_EDGE('',*,*,#6417,.T.);
#8700=ORIENTED_EDGE('',*,*,#6453,.F.);
#8701=ORIENTED_EDGE('',*,*,#6441,.T.);
#8702=ORIENTED_EDGE('',*,*,#6439,.T.);
#8703=ORIENTED_EDGE('',*,*,#6447,.T.);
#8704=ORIENTED_EDGE('',*,*,#6433,.T.);
#8705=ORIENTED_EDGE('',*,*,#6434,.T.);
#8706=ORIENTED_EDGE('',*,*,#6452,.F.);
#8707=ORIENTED_EDGE('',*,*,#6463,.F.);
#8708=ORIENTED_EDGE('',*,*,#6460,.F.);
#8709=ORIENTED_EDGE('',*,*,#6457,.F.);
#8710=ORIENTED_EDGE('',*,*,#6448,.F.);
#8711=ORIENTED_EDGE('',*,*,#6390,.T.);
#8712=ORIENTED_EDGE('',*,*,#6281,.F.);
#8713=ORIENTED_EDGE('',*,*,#6464,.T.);
#8714=ORIENTED_EDGE('',*,*,#6282,.F.);
#8715=ORIENTED_EDGE('',*,*,#6259,.F.);
#8716=ORIENTED_EDGE('',*,*,#6251,.F.);
#8717=ORIENTED_EDGE('',*,*,#6465,.T.);
#8718=ORIENTED_EDGE('',*,*,#6275,.F.);
#8719=ORIENTED_EDGE('',*,*,#6255,.F.);
#8720=ORIENTED_EDGE('',*,*,#6384,.T.);
#8721=ORIENTED_EDGE('',*,*,#6362,.T.);
#8722=ORIENTED_EDGE('',*,*,#6393,.T.);
#8723=ORIENTED_EDGE('',*,*,#6395,.T.);
#8724=ORIENTED_EDGE('',*,*,#6401,.T.);
#8725=ORIENTED_EDGE('',*,*,#6367,.T.);
#8726=ORIENTED_EDGE('',*,*,#6410,.T.);
#8727=ORIENTED_EDGE('',*,*,#6412,.T.);
#8728=ORIENTED_EDGE('',*,*,#6418,.T.);
#8729=ORIENTED_EDGE('',*,*,#6372,.T.);
#8730=ORIENTED_EDGE('',*,*,#6427,.T.);
#8731=ORIENTED_EDGE('',*,*,#6429,.T.);
#8732=ORIENTED_EDGE('',*,*,#6435,.T.);
#8733=ORIENTED_EDGE('',*,*,#6377,.T.);
#8734=ORIENTED_EDGE('',*,*,#6444,.T.);
#8735=ORIENTED_EDGE('',*,*,#6446,.T.);
#8736=ORIENTED_EDGE('',*,*,#6250,.F.);
#8737=ORIENTED_EDGE('',*,*,#6254,.F.);
#8738=ORIENTED_EDGE('',*,*,#6283,.F.);
#8739=ORIENTED_EDGE('',*,*,#6464,.F.);
#8740=ORIENTED_EDGE('',*,*,#6280,.F.);
#8741=ORIENTED_EDGE('',*,*,#6278,.F.);
#8742=ORIENTED_EDGE('',*,*,#6276,.F.);
#8743=ORIENTED_EDGE('',*,*,#6465,.F.);
#8744=ORIENTED_EDGE('',*,*,#6459,.T.);
#8745=ORIENTED_EDGE('',*,*,#6462,.T.);
#8746=ORIENTED_EDGE('',*,*,#6450,.T.);
#8747=ORIENTED_EDGE('',*,*,#6456,.T.);
#8748=ORIENTED_EDGE('',*,*,#6466,.F.);
#8749=ORIENTED_EDGE('',*,*,#6467,.F.);
#8750=ORIENTED_EDGE('',*,*,#6468,.F.);
#8751=ORIENTED_EDGE('',*,*,#6469,.F.);
#8752=ORIENTED_EDGE('',*,*,#6470,.F.);
#8753=ORIENTED_EDGE('',*,*,#6469,.T.);
#8754=ORIENTED_EDGE('',*,*,#6471,.F.);
#8755=ORIENTED_EDGE('',*,*,#6472,.F.);
#8756=ORIENTED_EDGE('',*,*,#6473,.F.);
#8757=ORIENTED_EDGE('',*,*,#6474,.F.);
#8758=ORIENTED_EDGE('',*,*,#6475,.F.);
#8759=ORIENTED_EDGE('',*,*,#6467,.T.);
#8760=ORIENTED_EDGE('',*,*,#6476,.F.);
#8761=ORIENTED_EDGE('',*,*,#6472,.T.);
#8762=ORIENTED_EDGE('',*,*,#6477,.F.);
#8763=ORIENTED_EDGE('',*,*,#6474,.T.);
#8764=ORIENTED_EDGE('',*,*,#6478,.F.);
#8765=ORIENTED_EDGE('',*,*,#6479,.F.);
#8766=ORIENTED_EDGE('',*,*,#6480,.F.);
#8767=ORIENTED_EDGE('',*,*,#6481,.T.);
#8768=ORIENTED_EDGE('',*,*,#6478,.T.);
#8769=ORIENTED_EDGE('',*,*,#6481,.F.);
#8770=ORIENTED_EDGE('',*,*,#6482,.F.);
#8771=ORIENTED_EDGE('',*,*,#6483,.T.);
#8772=ORIENTED_EDGE('',*,*,#6484,.T.);
#8773=ORIENTED_EDGE('',*,*,#6483,.F.);
#8774=ORIENTED_EDGE('',*,*,#6470,.T.);
#8775=ORIENTED_EDGE('',*,*,#6476,.T.);
#8776=ORIENTED_EDGE('',*,*,#6473,.T.);
#8777=ORIENTED_EDGE('',*,*,#6466,.T.);
#8778=ORIENTED_EDGE('',*,*,#6479,.T.);
#8779=ORIENTED_EDGE('',*,*,#6485,.T.);
#8780=ORIENTED_EDGE('',*,*,#6486,.T.);
#8781=ORIENTED_EDGE('',*,*,#6485,.F.);
#8782=ORIENTED_EDGE('',*,*,#6471,.T.);
#8783=ORIENTED_EDGE('',*,*,#6468,.T.);
#8784=ORIENTED_EDGE('',*,*,#6475,.T.);
#8785=ORIENTED_EDGE('',*,*,#6477,.T.);
#8786=ORIENTED_EDGE('',*,*,#6480,.T.);
#8787=ORIENTED_EDGE('',*,*,#6482,.T.);
#8788=ORIENTED_EDGE('',*,*,#6486,.F.);
#8789=ORIENTED_EDGE('',*,*,#6484,.F.);
#8790=ORIENTED_EDGE('',*,*,#6487,.F.);
#8791=ORIENTED_EDGE('',*,*,#6488,.F.);
#8792=ORIENTED_EDGE('',*,*,#6489,.F.);
#8793=ORIENTED_EDGE('',*,*,#6490,.F.);
#8794=ORIENTED_EDGE('',*,*,#6491,.F.);
#8795=ORIENTED_EDGE('',*,*,#6490,.T.);
#8796=ORIENTED_EDGE('',*,*,#6492,.F.);
#8797=ORIENTED_EDGE('',*,*,#6493,.F.);
#8798=ORIENTED_EDGE('',*,*,#6494,.F.);
#8799=ORIENTED_EDGE('',*,*,#6495,.F.);
#8800=ORIENTED_EDGE('',*,*,#6496,.F.);
#8801=ORIENTED_EDGE('',*,*,#6488,.T.);
#8802=ORIENTED_EDGE('',*,*,#6497,.F.);
#8803=ORIENTED_EDGE('',*,*,#6493,.T.);
#8804=ORIENTED_EDGE('',*,*,#6498,.F.);
#8805=ORIENTED_EDGE('',*,*,#6495,.T.);
#8806=ORIENTED_EDGE('',*,*,#6499,.F.);
#8807=ORIENTED_EDGE('',*,*,#6500,.F.);
#8808=ORIENTED_EDGE('',*,*,#6501,.F.);
#8809=ORIENTED_EDGE('',*,*,#6502,.T.);
#8810=ORIENTED_EDGE('',*,*,#6499,.T.);
#8811=ORIENTED_EDGE('',*,*,#6502,.F.);
#8812=ORIENTED_EDGE('',*,*,#6503,.F.);
#8813=ORIENTED_EDGE('',*,*,#6504,.T.);
#8814=ORIENTED_EDGE('',*,*,#6505,.T.);
#8815=ORIENTED_EDGE('',*,*,#6504,.F.);
#8816=ORIENTED_EDGE('',*,*,#6491,.T.);
#8817=ORIENTED_EDGE('',*,*,#6497,.T.);
#8818=ORIENTED_EDGE('',*,*,#6494,.T.);
#8819=ORIENTED_EDGE('',*,*,#6487,.T.);
#8820=ORIENTED_EDGE('',*,*,#6500,.T.);
#8821=ORIENTED_EDGE('',*,*,#6506,.T.);
#8822=ORIENTED_EDGE('',*,*,#6507,.T.);
#8823=ORIENTED_EDGE('',*,*,#6506,.F.);
#8824=ORIENTED_EDGE('',*,*,#6492,.T.);
#8825=ORIENTED_EDGE('',*,*,#6489,.T.);
#8826=ORIENTED_EDGE('',*,*,#6496,.T.);
#8827=ORIENTED_EDGE('',*,*,#6498,.T.);
#8828=ORIENTED_EDGE('',*,*,#6501,.T.);
#8829=ORIENTED_EDGE('',*,*,#6503,.T.);
#8830=ORIENTED_EDGE('',*,*,#6507,.F.);
#8831=ORIENTED_EDGE('',*,*,#6505,.F.);
#8832=ORIENTED_EDGE('',*,*,#6508,.F.);
#8833=ORIENTED_EDGE('',*,*,#6509,.F.);
#8834=ORIENTED_EDGE('',*,*,#6510,.F.);
#8835=ORIENTED_EDGE('',*,*,#6511,.F.);
#8836=ORIENTED_EDGE('',*,*,#6512,.F.);
#8837=ORIENTED_EDGE('',*,*,#6511,.T.);
#8838=ORIENTED_EDGE('',*,*,#6513,.F.);
#8839=ORIENTED_EDGE('',*,*,#6514,.F.);
#8840=ORIENTED_EDGE('',*,*,#6515,.F.);
#8841=ORIENTED_EDGE('',*,*,#6516,.F.);
#8842=ORIENTED_EDGE('',*,*,#6517,.F.);
#8843=ORIENTED_EDGE('',*,*,#6509,.T.);
#8844=ORIENTED_EDGE('',*,*,#6518,.F.);
#8845=ORIENTED_EDGE('',*,*,#6514,.T.);
#8846=ORIENTED_EDGE('',*,*,#6519,.F.);
#8847=ORIENTED_EDGE('',*,*,#6516,.T.);
#8848=ORIENTED_EDGE('',*,*,#6520,.F.);
#8849=ORIENTED_EDGE('',*,*,#6521,.F.);
#8850=ORIENTED_EDGE('',*,*,#6522,.F.);
#8851=ORIENTED_EDGE('',*,*,#6523,.T.);
#8852=ORIENTED_EDGE('',*,*,#6520,.T.);
#8853=ORIENTED_EDGE('',*,*,#6523,.F.);
#8854=ORIENTED_EDGE('',*,*,#6524,.F.);
#8855=ORIENTED_EDGE('',*,*,#6525,.T.);
#8856=ORIENTED_EDGE('',*,*,#6526,.T.);
#8857=ORIENTED_EDGE('',*,*,#6525,.F.);
#8858=ORIENTED_EDGE('',*,*,#6512,.T.);
#8859=ORIENTED_EDGE('',*,*,#6518,.T.);
#8860=ORIENTED_EDGE('',*,*,#6515,.T.);
#8861=ORIENTED_EDGE('',*,*,#6508,.T.);
#8862=ORIENTED_EDGE('',*,*,#6521,.T.);
#8863=ORIENTED_EDGE('',*,*,#6527,.T.);
#8864=ORIENTED_EDGE('',*,*,#6528,.T.);
#8865=ORIENTED_EDGE('',*,*,#6527,.F.);
#8866=ORIENTED_EDGE('',*,*,#6513,.T.);
#8867=ORIENTED_EDGE('',*,*,#6510,.T.);
#8868=ORIENTED_EDGE('',*,*,#6517,.T.);
#8869=ORIENTED_EDGE('',*,*,#6519,.T.);
#8870=ORIENTED_EDGE('',*,*,#6522,.T.);
#8871=ORIENTED_EDGE('',*,*,#6524,.T.);
#8872=ORIENTED_EDGE('',*,*,#6528,.F.);
#8873=ORIENTED_EDGE('',*,*,#6526,.F.);
#8874=ORIENTED_EDGE('',*,*,#6529,.F.);
#8875=ORIENTED_EDGE('',*,*,#6530,.F.);
#8876=ORIENTED_EDGE('',*,*,#6531,.F.);
#8877=ORIENTED_EDGE('',*,*,#6532,.F.);
#8878=ORIENTED_EDGE('',*,*,#6533,.F.);
#8879=ORIENTED_EDGE('',*,*,#6532,.T.);
#8880=ORIENTED_EDGE('',*,*,#6534,.F.);
#8881=ORIENTED_EDGE('',*,*,#6535,.F.);
#8882=ORIENTED_EDGE('',*,*,#6536,.F.);
#8883=ORIENTED_EDGE('',*,*,#6537,.F.);
#8884=ORIENTED_EDGE('',*,*,#6538,.F.);
#8885=ORIENTED_EDGE('',*,*,#6530,.T.);
#8886=ORIENTED_EDGE('',*,*,#6539,.F.);
#8887=ORIENTED_EDGE('',*,*,#6535,.T.);
#8888=ORIENTED_EDGE('',*,*,#6540,.F.);
#8889=ORIENTED_EDGE('',*,*,#6537,.T.);
#8890=ORIENTED_EDGE('',*,*,#6541,.F.);
#8891=ORIENTED_EDGE('',*,*,#6542,.F.);
#8892=ORIENTED_EDGE('',*,*,#6543,.F.);
#8893=ORIENTED_EDGE('',*,*,#6544,.T.);
#8894=ORIENTED_EDGE('',*,*,#6541,.T.);
#8895=ORIENTED_EDGE('',*,*,#6544,.F.);
#8896=ORIENTED_EDGE('',*,*,#6545,.F.);
#8897=ORIENTED_EDGE('',*,*,#6546,.T.);
#8898=ORIENTED_EDGE('',*,*,#6547,.T.);
#8899=ORIENTED_EDGE('',*,*,#6546,.F.);
#8900=ORIENTED_EDGE('',*,*,#6533,.T.);
#8901=ORIENTED_EDGE('',*,*,#6539,.T.);
#8902=ORIENTED_EDGE('',*,*,#6536,.T.);
#8903=ORIENTED_EDGE('',*,*,#6529,.T.);
#8904=ORIENTED_EDGE('',*,*,#6542,.T.);
#8905=ORIENTED_EDGE('',*,*,#6548,.T.);
#8906=ORIENTED_EDGE('',*,*,#6549,.T.);
#8907=ORIENTED_EDGE('',*,*,#6548,.F.);
#8908=ORIENTED_EDGE('',*,*,#6534,.T.);
#8909=ORIENTED_EDGE('',*,*,#6531,.T.);
#8910=ORIENTED_EDGE('',*,*,#6538,.T.);
#8911=ORIENTED_EDGE('',*,*,#6540,.T.);
#8912=ORIENTED_EDGE('',*,*,#6543,.T.);
#8913=ORIENTED_EDGE('',*,*,#6545,.T.);
#8914=ORIENTED_EDGE('',*,*,#6549,.F.);
#8915=ORIENTED_EDGE('',*,*,#6547,.F.);
#8916=ORIENTED_EDGE('',*,*,#6550,.T.);
#8917=ORIENTED_EDGE('',*,*,#6551,.T.);
#8918=ORIENTED_EDGE('',*,*,#6552,.T.);
#8919=ORIENTED_EDGE('',*,*,#6551,.F.);
#8920=ORIENTED_EDGE('',*,*,#6552,.F.);
#8921=ORIENTED_EDGE('',*,*,#6553,.T.);
#8922=ORIENTED_EDGE('',*,*,#6554,.F.);
#8923=ORIENTED_EDGE('',*,*,#6553,.F.);
#8924=ORIENTED_EDGE('',*,*,#6550,.F.);
#8925=ORIENTED_EDGE('',*,*,#6555,.F.);
#8926=ORIENTED_EDGE('',*,*,#6556,.T.);
#8927=ORIENTED_EDGE('',*,*,#6557,.F.);
#8928=ORIENTED_EDGE('',*,*,#6558,.F.);
#8929=ORIENTED_EDGE('',*,*,#6559,.F.);
#8930=ORIENTED_EDGE('',*,*,#6560,.F.);
#8931=ORIENTED_EDGE('',*,*,#6561,.F.);
#8932=ORIENTED_EDGE('',*,*,#6562,.F.);
#8933=ORIENTED_EDGE('',*,*,#6563,.F.);
#8934=ORIENTED_EDGE('',*,*,#6564,.F.);
#8935=ORIENTED_EDGE('',*,*,#6565,.F.);
#8936=ORIENTED_EDGE('',*,*,#6556,.F.);
#8937=ORIENTED_EDGE('',*,*,#6566,.F.);
#8938=ORIENTED_EDGE('',*,*,#6567,.F.);
#8939=ORIENTED_EDGE('',*,*,#6568,.F.);
#8940=ORIENTED_EDGE('',*,*,#6569,.F.);
#8941=ORIENTED_EDGE('',*,*,#6570,.F.);
#8942=ORIENTED_EDGE('',*,*,#6571,.T.);
#8943=ORIENTED_EDGE('',*,*,#6572,.F.);
#8944=ORIENTED_EDGE('',*,*,#6571,.F.);
#8945=ORIENTED_EDGE('',*,*,#6573,.F.);
#8946=ORIENTED_EDGE('',*,*,#6574,.F.);
#8947=ORIENTED_EDGE('',*,*,#6575,.F.);
#8948=ORIENTED_EDGE('',*,*,#6576,.F.);
#8949=ORIENTED_EDGE('',*,*,#6561,.T.);
#8950=ORIENTED_EDGE('',*,*,#6577,.T.);
#8951=ORIENTED_EDGE('',*,*,#6578,.T.);
#8952=ORIENTED_EDGE('',*,*,#6579,.T.);
#8953=ORIENTED_EDGE('',*,*,#6580,.T.);
#8954=ORIENTED_EDGE('',*,*,#6581,.T.);
#8955=ORIENTED_EDGE('',*,*,#6560,.T.);
#8956=ORIENTED_EDGE('',*,*,#6582,.T.);
#8957=ORIENTED_EDGE('',*,*,#6583,.T.);
#8958=ORIENTED_EDGE('',*,*,#6577,.F.);
#8959=ORIENTED_EDGE('',*,*,#6559,.T.);
#8960=ORIENTED_EDGE('',*,*,#6584,.T.);
#8961=ORIENTED_EDGE('',*,*,#6585,.T.);
#8962=ORIENTED_EDGE('',*,*,#6582,.F.);
#8963=ORIENTED_EDGE('',*,*,#6558,.T.);
#8964=ORIENTED_EDGE('',*,*,#6586,.F.);
#8965=ORIENTED_EDGE('',*,*,#6587,.T.);
#8966=ORIENTED_EDGE('',*,*,#6584,.F.);
#8967=ORIENTED_EDGE('',*,*,#6573,.T.);
#8968=ORIENTED_EDGE('',*,*,#6570,.T.);
#8969=ORIENTED_EDGE('',*,*,#6588,.T.);
#8970=ORIENTED_EDGE('',*,*,#6589,.T.);
#8971=ORIENTED_EDGE('',*,*,#6590,.T.);
#8972=ORIENTED_EDGE('',*,*,#6591,.T.);
#8973=ORIENTED_EDGE('',*,*,#6592,.T.);
#8974=ORIENTED_EDGE('',*,*,#6569,.T.);
#8975=ORIENTED_EDGE('',*,*,#6593,.F.);
#8976=ORIENTED_EDGE('',*,*,#6594,.T.);
#8977=ORIENTED_EDGE('',*,*,#6588,.F.);
#8978=ORIENTED_EDGE('',*,*,#6568,.T.);
#8979=ORIENTED_EDGE('',*,*,#6595,.F.);
#8980=ORIENTED_EDGE('',*,*,#6596,.T.);
#8981=ORIENTED_EDGE('',*,*,#6593,.T.);
#8982=ORIENTED_EDGE('',*,*,#6567,.T.);
#8983=ORIENTED_EDGE('',*,*,#6597,.F.);
#8984=ORIENTED_EDGE('',*,*,#6598,.T.);
#8985=ORIENTED_EDGE('',*,*,#6595,.T.);
#8986=ORIENTED_EDGE('',*,*,#6599,.F.);
#8987=ORIENTED_EDGE('',*,*,#6600,.T.);
#8988=ORIENTED_EDGE('',*,*,#6601,.F.);
#8989=ORIENTED_EDGE('',*,*,#6602,.F.);
#8990=ORIENTED_EDGE('',*,*,#6603,.F.);
#8991=ORIENTED_EDGE('',*,*,#6604,.F.);
#8992=ORIENTED_EDGE('',*,*,#6605,.F.);
#8993=ORIENTED_EDGE('',*,*,#6606,.F.);
#8994=ORIENTED_EDGE('',*,*,#6589,.F.);
#8995=ORIENTED_EDGE('',*,*,#6594,.F.);
#8996=ORIENTED_EDGE('',*,*,#6596,.F.);
#8997=ORIENTED_EDGE('',*,*,#6598,.F.);
#8998=ORIENTED_EDGE('',*,*,#6607,.F.);
#8999=ORIENTED_EDGE('',*,*,#6608,.F.);
#9000=ORIENTED_EDGE('',*,*,#6609,.F.);
#9001=ORIENTED_EDGE('',*,*,#6610,.F.);
#9002=ORIENTED_EDGE('',*,*,#6611,.F.);
#9003=ORIENTED_EDGE('',*,*,#6612,.F.);
#9004=ORIENTED_EDGE('',*,*,#6591,.F.);
#9005=ORIENTED_EDGE('',*,*,#6613,.F.);
#9006=ORIENTED_EDGE('',*,*,#6614,.F.);
#9007=ORIENTED_EDGE('',*,*,#6615,.F.);
#9008=ORIENTED_EDGE('',*,*,#6616,.F.);
#9009=ORIENTED_EDGE('',*,*,#6617,.F.);
#9010=ORIENTED_EDGE('',*,*,#6572,.T.);
#9011=ORIENTED_EDGE('',*,*,#6618,.F.);
#9012=ORIENTED_EDGE('',*,*,#6619,.F.);
#9013=ORIENTED_EDGE('',*,*,#6620,.F.);
#9014=ORIENTED_EDGE('',*,*,#6600,.F.);
#9015=ORIENTED_EDGE('',*,*,#6621,.F.);
#9016=ORIENTED_EDGE('',*,*,#6622,.F.);
#9017=ORIENTED_EDGE('',*,*,#6623,.F.);
#9018=ORIENTED_EDGE('',*,*,#6624,.F.);
#9019=ORIENTED_EDGE('',*,*,#6625,.F.);
#9020=ORIENTED_EDGE('',*,*,#6626,.F.);
#9021=ORIENTED_EDGE('',*,*,#6627,.F.);
#9022=ORIENTED_EDGE('',*,*,#6628,.F.);
#9023=ORIENTED_EDGE('',*,*,#6629,.F.);
#9024=ORIENTED_EDGE('',*,*,#6630,.F.);
#9025=ORIENTED_EDGE('',*,*,#6580,.F.);
#9026=ORIENTED_EDGE('',*,*,#6631,.F.);
#9027=ORIENTED_EDGE('',*,*,#6578,.F.);
#9028=ORIENTED_EDGE('',*,*,#6583,.F.);
#9029=ORIENTED_EDGE('',*,*,#6585,.F.);
#9030=ORIENTED_EDGE('',*,*,#6587,.F.);
#9031=ORIENTED_EDGE('',*,*,#6632,.F.);
#9032=ORIENTED_EDGE('',*,*,#6633,.F.);
#9033=ORIENTED_EDGE('',*,*,#6634,.F.);
#9034=ORIENTED_EDGE('',*,*,#6635,.F.);
#9035=ORIENTED_EDGE('',*,*,#6636,.F.);
#9036=ORIENTED_EDGE('',*,*,#6637,.F.);
#9037=ORIENTED_EDGE('',*,*,#6638,.F.);
#9038=ORIENTED_EDGE('',*,*,#6619,.T.);
#9039=ORIENTED_EDGE('',*,*,#6555,.T.);
#9040=ORIENTED_EDGE('',*,*,#6621,.T.);
#9041=ORIENTED_EDGE('',*,*,#6618,.T.);
#9042=ORIENTED_EDGE('',*,*,#6599,.T.);
#9043=ORIENTED_EDGE('',*,*,#6639,.F.);
#9044=ORIENTED_EDGE('',*,*,#6640,.T.);
#9045=ORIENTED_EDGE('',*,*,#6641,.T.);
#9046=ORIENTED_EDGE('',*,*,#6640,.F.);
#9047=ORIENTED_EDGE('',*,*,#6642,.F.);
#9048=ORIENTED_EDGE('',*,*,#6601,.T.);
#9049=ORIENTED_EDGE('',*,*,#6620,.T.);
#9050=ORIENTED_EDGE('',*,*,#6638,.T.);
#9051=ORIENTED_EDGE('',*,*,#6643,.F.);
#9052=ORIENTED_EDGE('',*,*,#6617,.T.);
#9053=ORIENTED_EDGE('',*,*,#6644,.F.);
#9054=ORIENTED_EDGE('',*,*,#6602,.T.);
#9055=ORIENTED_EDGE('',*,*,#6642,.T.);
#9056=ORIENTED_EDGE('',*,*,#6639,.T.);
#9057=ORIENTED_EDGE('',*,*,#6622,.T.);
#9058=ORIENTED_EDGE('',*,*,#6643,.T.);
#9059=ORIENTED_EDGE('',*,*,#6637,.T.);
#9060=ORIENTED_EDGE('',*,*,#6645,.F.);
#9061=ORIENTED_EDGE('',*,*,#6616,.T.);
#9062=ORIENTED_EDGE('',*,*,#6646,.T.);
#9063=ORIENTED_EDGE('',*,*,#6603,.T.);
#9064=ORIENTED_EDGE('',*,*,#6644,.T.);
#9065=ORIENTED_EDGE('',*,*,#6623,.T.);
#9066=ORIENTED_EDGE('',*,*,#6645,.T.);
#9067=ORIENTED_EDGE('',*,*,#6636,.T.);
#9068=ORIENTED_EDGE('',*,*,#6647,.T.);
#9069=ORIENTED_EDGE('',*,*,#6615,.T.);
#9070=ORIENTED_EDGE('',*,*,#6648,.F.);
#9071=ORIENTED_EDGE('',*,*,#6604,.T.);
#9072=ORIENTED_EDGE('',*,*,#6646,.F.);
#9073=ORIENTED_EDGE('',*,*,#6624,.T.);
#9074=ORIENTED_EDGE('',*,*,#6647,.F.);
#9075=ORIENTED_EDGE('',*,*,#6635,.T.);
#9076=ORIENTED_EDGE('',*,*,#6649,.F.);
#9077=ORIENTED_EDGE('',*,*,#6614,.T.);
#9078=ORIENTED_EDGE('',*,*,#6650,.F.);
#9079=ORIENTED_EDGE('',*,*,#6605,.T.);
#9080=ORIENTED_EDGE('',*,*,#6648,.T.);
#9081=ORIENTED_EDGE('',*,*,#6625,.T.);
#9082=ORIENTED_EDGE('',*,*,#6649,.T.);
#9083=ORIENTED_EDGE('',*,*,#6634,.T.);
#9084=ORIENTED_EDGE('',*,*,#6651,.F.);
#9085=ORIENTED_EDGE('',*,*,#6613,.T.);
#9086=ORIENTED_EDGE('',*,*,#6590,.F.);
#9087=ORIENTED_EDGE('',*,*,#6606,.T.);
#9088=ORIENTED_EDGE('',*,*,#6650,.T.);
#9089=ORIENTED_EDGE('',*,*,#6626,.T.);
#9090=ORIENTED_EDGE('',*,*,#6651,.T.);
#9091=ORIENTED_EDGE('',*,*,#6633,.T.);
#9092=ORIENTED_EDGE('',*,*,#6652,.F.);
#9093=ORIENTED_EDGE('',*,*,#6608,.T.);
#9094=ORIENTED_EDGE('',*,*,#6653,.F.);
#9095=ORIENTED_EDGE('',*,*,#6557,.T.);
#9096=ORIENTED_EDGE('',*,*,#6565,.T.);
#9097=ORIENTED_EDGE('',*,*,#6654,.T.);
#9098=ORIENTED_EDGE('',*,*,#6627,.T.);
#9099=ORIENTED_EDGE('',*,*,#6652,.T.);
#9100=ORIENTED_EDGE('',*,*,#6632,.T.);
#9101=ORIENTED_EDGE('',*,*,#6586,.T.);
#9102=ORIENTED_EDGE('',*,*,#6566,.T.);
#9103=ORIENTED_EDGE('',*,*,#6655,.T.);
#9104=ORIENTED_EDGE('',*,*,#6609,.T.);
#9105=ORIENTED_EDGE('',*,*,#6653,.T.);
#9106=ORIENTED_EDGE('',*,*,#6607,.T.);
#9107=ORIENTED_EDGE('',*,*,#6597,.T.);
#9108=ORIENTED_EDGE('',*,*,#6574,.T.);
#9109=ORIENTED_EDGE('',*,*,#6592,.F.);
#9110=ORIENTED_EDGE('',*,*,#6612,.T.);
#9111=ORIENTED_EDGE('',*,*,#6656,.F.);
#9112=ORIENTED_EDGE('',*,*,#6564,.T.);
#9113=ORIENTED_EDGE('',*,*,#6657,.F.);
#9114=ORIENTED_EDGE('',*,*,#6628,.T.);
#9115=ORIENTED_EDGE('',*,*,#6654,.F.);
#9116=ORIENTED_EDGE('',*,*,#6576,.T.);
#9117=ORIENTED_EDGE('',*,*,#6658,.T.);
#9118=ORIENTED_EDGE('',*,*,#6610,.T.);
#9119=ORIENTED_EDGE('',*,*,#6655,.F.);
#9120=ORIENTED_EDGE('',*,*,#6575,.T.);
#9121=ORIENTED_EDGE('',*,*,#6656,.T.);
#9122=ORIENTED_EDGE('',*,*,#6611,.T.);
#9123=ORIENTED_EDGE('',*,*,#6658,.F.);
#9124=ORIENTED_EDGE('',*,*,#6563,.T.);
#9125=ORIENTED_EDGE('',*,*,#6659,.F.);
#9126=ORIENTED_EDGE('',*,*,#6629,.T.);
#9127=ORIENTED_EDGE('',*,*,#6657,.T.);
#9128=ORIENTED_EDGE('',*,*,#6660,.F.);
#9129=ORIENTED_EDGE('',*,*,#6641,.F.);
#9130=ORIENTED_EDGE('',*,*,#6562,.T.);
#9131=ORIENTED_EDGE('',*,*,#6581,.F.);
#9132=ORIENTED_EDGE('',*,*,#6630,.T.);
#9133=ORIENTED_EDGE('',*,*,#6659,.T.);
#9134=ORIENTED_EDGE('',*,*,#6661,.F.);
#9135=ORIENTED_EDGE('',*,*,#6662,.T.);
#9136=ORIENTED_EDGE('',*,*,#6660,.T.);
#9137=ORIENTED_EDGE('',*,*,#6662,.F.);
#9138=ORIENTED_EDGE('',*,*,#6661,.T.);
#9139=ORIENTED_EDGE('',*,*,#6554,.T.);
#9140=ORIENTED_EDGE('',*,*,#6631,.T.);
#9141=ORIENTED_EDGE('',*,*,#6579,.F.);
#9142=ORIENTED_EDGE('',*,*,#6663,.T.);
#9143=ORIENTED_EDGE('',*,*,#6664,.T.);
#9144=ORIENTED_EDGE('',*,*,#6665,.T.);
#9145=ORIENTED_EDGE('',*,*,#6664,.F.);
#9146=ORIENTED_EDGE('',*,*,#6665,.F.);
#9147=ORIENTED_EDGE('',*,*,#6666,.T.);
#9148=ORIENTED_EDGE('',*,*,#6667,.F.);
#9149=ORIENTED_EDGE('',*,*,#6666,.F.);
#9150=ORIENTED_EDGE('',*,*,#6663,.F.);
#9151=ORIENTED_EDGE('',*,*,#6668,.F.);
#9152=ORIENTED_EDGE('',*,*,#6669,.T.);
#9153=ORIENTED_EDGE('',*,*,#6670,.F.);
#9154=ORIENTED_EDGE('',*,*,#6671,.F.);
#9155=ORIENTED_EDGE('',*,*,#6672,.F.);
#9156=ORIENTED_EDGE('',*,*,#6673,.F.);
#9157=ORIENTED_EDGE('',*,*,#6674,.F.);
#9158=ORIENTED_EDGE('',*,*,#6675,.F.);
#9159=ORIENTED_EDGE('',*,*,#6676,.F.);
#9160=ORIENTED_EDGE('',*,*,#6677,.F.);
#9161=ORIENTED_EDGE('',*,*,#6678,.F.);
#9162=ORIENTED_EDGE('',*,*,#6669,.F.);
#9163=ORIENTED_EDGE('',*,*,#6679,.F.);
#9164=ORIENTED_EDGE('',*,*,#6680,.F.);
#9165=ORIENTED_EDGE('',*,*,#6681,.F.);
#9166=ORIENTED_EDGE('',*,*,#6682,.F.);
#9167=ORIENTED_EDGE('',*,*,#6683,.F.);
#9168=ORIENTED_EDGE('',*,*,#6684,.T.);
#9169=ORIENTED_EDGE('',*,*,#6685,.F.);
#9170=ORIENTED_EDGE('',*,*,#6684,.F.);
#9171=ORIENTED_EDGE('',*,*,#6686,.F.);
#9172=ORIENTED_EDGE('',*,*,#6687,.F.);
#9173=ORIENTED_EDGE('',*,*,#6688,.F.);
#9174=ORIENTED_EDGE('',*,*,#6689,.F.);
#9175=ORIENTED_EDGE('',*,*,#6674,.T.);
#9176=ORIENTED_EDGE('',*,*,#6690,.T.);
#9177=ORIENTED_EDGE('',*,*,#6691,.T.);
#9178=ORIENTED_EDGE('',*,*,#6692,.T.);
#9179=ORIENTED_EDGE('',*,*,#6693,.T.);
#9180=ORIENTED_EDGE('',*,*,#6694,.T.);
#9181=ORIENTED_EDGE('',*,*,#6673,.T.);
#9182=ORIENTED_EDGE('',*,*,#6695,.T.);
#9183=ORIENTED_EDGE('',*,*,#6696,.T.);
#9184=ORIENTED_EDGE('',*,*,#6690,.F.);
#9185=ORIENTED_EDGE('',*,*,#6672,.T.);
#9186=ORIENTED_EDGE('',*,*,#6697,.T.);
#9187=ORIENTED_EDGE('',*,*,#6698,.T.);
#9188=ORIENTED_EDGE('',*,*,#6695,.F.);
#9189=ORIENTED_EDGE('',*,*,#6671,.T.);
#9190=ORIENTED_EDGE('',*,*,#6699,.F.);
#9191=ORIENTED_EDGE('',*,*,#6700,.T.);
#9192=ORIENTED_EDGE('',*,*,#6697,.F.);
#9193=ORIENTED_EDGE('',*,*,#6686,.T.);
#9194=ORIENTED_EDGE('',*,*,#6683,.T.);
#9195=ORIENTED_EDGE('',*,*,#6701,.T.);
#9196=ORIENTED_EDGE('',*,*,#6702,.T.);
#9197=ORIENTED_EDGE('',*,*,#6703,.T.);
#9198=ORIENTED_EDGE('',*,*,#6704,.T.);
#9199=ORIENTED_EDGE('',*,*,#6705,.T.);
#9200=ORIENTED_EDGE('',*,*,#6682,.T.);
#9201=ORIENTED_EDGE('',*,*,#6706,.F.);
#9202=ORIENTED_EDGE('',*,*,#6707,.T.);
#9203=ORIENTED_EDGE('',*,*,#6701,.F.);
#9204=ORIENTED_EDGE('',*,*,#6681,.T.);
#9205=ORIENTED_EDGE('',*,*,#6708,.F.);
#9206=ORIENTED_EDGE('',*,*,#6709,.T.);
#9207=ORIENTED_EDGE('',*,*,#6706,.T.);
#9208=ORIENTED_EDGE('',*,*,#6680,.T.);
#9209=ORIENTED_EDGE('',*,*,#6710,.F.);
#9210=ORIENTED_EDGE('',*,*,#6711,.T.);
#9211=ORIENTED_EDGE('',*,*,#6708,.T.);
#9212=ORIENTED_EDGE('',*,*,#6712,.F.);
#9213=ORIENTED_EDGE('',*,*,#6713,.T.);
#9214=ORIENTED_EDGE('',*,*,#6714,.F.);
#9215=ORIENTED_EDGE('',*,*,#6715,.F.);
#9216=ORIENTED_EDGE('',*,*,#6716,.F.);
#9217=ORIENTED_EDGE('',*,*,#6717,.F.);
#9218=ORIENTED_EDGE('',*,*,#6718,.F.);
#9219=ORIENTED_EDGE('',*,*,#6719,.F.);
#9220=ORIENTED_EDGE('',*,*,#6702,.F.);
#9221=ORIENTED_EDGE('',*,*,#6707,.F.);
#9222=ORIENTED_EDGE('',*,*,#6709,.F.);
#9223=ORIENTED_EDGE('',*,*,#6711,.F.);
#9224=ORIENTED_EDGE('',*,*,#6720,.F.);
#9225=ORIENTED_EDGE('',*,*,#6721,.F.);
#9226=ORIENTED_EDGE('',*,*,#6722,.F.);
#9227=ORIENTED_EDGE('',*,*,#6723,.F.);
#9228=ORIENTED_EDGE('',*,*,#6724,.F.);
#9229=ORIENTED_EDGE('',*,*,#6725,.F.);
#9230=ORIENTED_EDGE('',*,*,#6704,.F.);
#9231=ORIENTED_EDGE('',*,*,#6726,.F.);
#9232=ORIENTED_EDGE('',*,*,#6727,.F.);
#9233=ORIENTED_EDGE('',*,*,#6728,.F.);
#9234=ORIENTED_EDGE('',*,*,#6729,.F.);
#9235=ORIENTED_EDGE('',*,*,#6730,.F.);
#9236=ORIENTED_EDGE('',*,*,#6685,.T.);
#9237=ORIENTED_EDGE('',*,*,#6731,.F.);
#9238=ORIENTED_EDGE('',*,*,#6732,.F.);
#9239=ORIENTED_EDGE('',*,*,#6733,.F.);
#9240=ORIENTED_EDGE('',*,*,#6713,.F.);
#9241=ORIENTED_EDGE('',*,*,#6734,.F.);
#9242=ORIENTED_EDGE('',*,*,#6735,.F.);
#9243=ORIENTED_EDGE('',*,*,#6736,.F.);
#9244=ORIENTED_EDGE('',*,*,#6737,.F.);
#9245=ORIENTED_EDGE('',*,*,#6738,.F.);
#9246=ORIENTED_EDGE('',*,*,#6739,.F.);
#9247=ORIENTED_EDGE('',*,*,#6740,.F.);
#9248=ORIENTED_EDGE('',*,*,#6741,.F.);
#9249=ORIENTED_EDGE('',*,*,#6742,.F.);
#9250=ORIENTED_EDGE('',*,*,#6743,.F.);
#9251=ORIENTED_EDGE('',*,*,#6693,.F.);
#9252=ORIENTED_EDGE('',*,*,#6744,.F.);
#9253=ORIENTED_EDGE('',*,*,#6691,.F.);
#9254=ORIENTED_EDGE('',*,*,#6696,.F.);
#9255=ORIENTED_EDGE('',*,*,#6698,.F.);
#9256=ORIENTED_EDGE('',*,*,#6700,.F.);
#9257=ORIENTED_EDGE('',*,*,#6745,.F.);
#9258=ORIENTED_EDGE('',*,*,#6746,.F.);
#9259=ORIENTED_EDGE('',*,*,#6747,.F.);
#9260=ORIENTED_EDGE('',*,*,#6748,.F.);
#9261=ORIENTED_EDGE('',*,*,#6749,.F.);
#9262=ORIENTED_EDGE('',*,*,#6750,.F.);
#9263=ORIENTED_EDGE('',*,*,#6751,.F.);
#9264=ORIENTED_EDGE('',*,*,#6732,.T.);
#9265=ORIENTED_EDGE('',*,*,#6668,.T.);
#9266=ORIENTED_EDGE('',*,*,#6734,.T.);
#9267=ORIENTED_EDGE('',*,*,#6731,.T.);
#9268=ORIENTED_EDGE('',*,*,#6712,.T.);
#9269=ORIENTED_EDGE('',*,*,#6752,.F.);
#9270=ORIENTED_EDGE('',*,*,#6753,.T.);
#9271=ORIENTED_EDGE('',*,*,#6754,.T.);
#9272=ORIENTED_EDGE('',*,*,#6753,.F.);
#9273=ORIENTED_EDGE('',*,*,#6755,.F.);
#9274=ORIENTED_EDGE('',*,*,#6714,.T.);
#9275=ORIENTED_EDGE('',*,*,#6733,.T.);
#9276=ORIENTED_EDGE('',*,*,#6751,.T.);
#9277=ORIENTED_EDGE('',*,*,#6756,.F.);
#9278=ORIENTED_EDGE('',*,*,#6730,.T.);
#9279=ORIENTED_EDGE('',*,*,#6757,.F.);
#9280=ORIENTED_EDGE('',*,*,#6715,.T.);
#9281=ORIENTED_EDGE('',*,*,#6755,.T.);
#9282=ORIENTED_EDGE('',*,*,#6752,.T.);
#9283=ORIENTED_EDGE('',*,*,#6735,.T.);
#9284=ORIENTED_EDGE('',*,*,#6756,.T.);
#9285=ORIENTED_EDGE('',*,*,#6750,.T.);
#9286=ORIENTED_EDGE('',*,*,#6758,.F.);
#9287=ORIENTED_EDGE('',*,*,#6729,.T.);
#9288=ORIENTED_EDGE('',*,*,#6759,.T.);
#9289=ORIENTED_EDGE('',*,*,#6716,.T.);
#9290=ORIENTED_EDGE('',*,*,#6757,.T.);
#9291=ORIENTED_EDGE('',*,*,#6736,.T.);
#9292=ORIENTED_EDGE('',*,*,#6758,.T.);
#9293=ORIENTED_EDGE('',*,*,#6749,.T.);
#9294=ORIENTED_EDGE('',*,*,#6760,.T.);
#9295=ORIENTED_EDGE('',*,*,#6728,.T.);
#9296=ORIENTED_EDGE('',*,*,#6761,.F.);
#9297=ORIENTED_EDGE('',*,*,#6717,.T.);
#9298=ORIENTED_EDGE('',*,*,#6759,.F.);
#9299=ORIENTED_EDGE('',*,*,#6737,.T.);
#9300=ORIENTED_EDGE('',*,*,#6760,.F.);
#9301=ORIENTED_EDGE('',*,*,#6748,.T.);
#9302=ORIENTED_EDGE('',*,*,#6762,.F.);
#9303=ORIENTED_EDGE('',*,*,#6727,.T.);
#9304=ORIENTED_EDGE('',*,*,#6763,.F.);
#9305=ORIENTED_EDGE('',*,*,#6718,.T.);
#9306=ORIENTED_EDGE('',*,*,#6761,.T.);
#9307=ORIENTED_EDGE('',*,*,#6738,.T.);
#9308=ORIENTED_EDGE('',*,*,#6762,.T.);
#9309=ORIENTED_EDGE('',*,*,#6747,.T.);
#9310=ORIENTED_EDGE('',*,*,#6764,.F.);
#9311=ORIENTED_EDGE('',*,*,#6726,.T.);
#9312=ORIENTED_EDGE('',*,*,#6703,.F.);
#9313=ORIENTED_EDGE('',*,*,#6719,.T.);
#9314=ORIENTED_EDGE('',*,*,#6763,.T.);
#9315=ORIENTED_EDGE('',*,*,#6739,.T.);
#9316=ORIENTED_EDGE('',*,*,#6764,.T.);
#9317=ORIENTED_EDGE('',*,*,#6746,.T.);
#9318=ORIENTED_EDGE('',*,*,#6765,.F.);
#9319=ORIENTED_EDGE('',*,*,#6721,.T.);
#9320=ORIENTED_EDGE('',*,*,#6766,.F.);
#9321=ORIENTED_EDGE('',*,*,#6670,.T.);
#9322=ORIENTED_EDGE('',*,*,#6678,.T.);
#9323=ORIENTED_EDGE('',*,*,#6767,.T.);
#9324=ORIENTED_EDGE('',*,*,#6740,.T.);
#9325=ORIENTED_EDGE('',*,*,#6765,.T.);
#9326=ORIENTED_EDGE('',*,*,#6745,.T.);
#9327=ORIENTED_EDGE('',*,*,#6699,.T.);
#9328=ORIENTED_EDGE('',*,*,#6679,.T.);
#9329=ORIENTED_EDGE('',*,*,#6768,.T.);
#9330=ORIENTED_EDGE('',*,*,#6722,.T.);
#9331=ORIENTED_EDGE('',*,*,#6766,.T.);
#9332=ORIENTED_EDGE('',*,*,#6720,.T.);
#9333=ORIENTED_EDGE('',*,*,#6710,.T.);
#9334=ORIENTED_EDGE('',*,*,#6687,.T.);
#9335=ORIENTED_EDGE('',*,*,#6705,.F.);
#9336=ORIENTED_EDGE('',*,*,#6725,.T.);
#9337=ORIENTED_EDGE('',*,*,#6769,.F.);
#9338=ORIENTED_EDGE('',*,*,#6677,.T.);
#9339=ORIENTED_EDGE('',*,*,#6770,.F.);
#9340=ORIENTED_EDGE('',*,*,#6741,.T.);
#9341=ORIENTED_EDGE('',*,*,#6767,.F.);
#9342=ORIENTED_EDGE('',*,*,#6689,.T.);
#9343=ORIENTED_EDGE('',*,*,#6771,.T.);
#9344=ORIENTED_EDGE('',*,*,#6723,.T.);
#9345=ORIENTED_EDGE('',*,*,#6768,.F.);
#9346=ORIENTED_EDGE('',*,*,#6688,.T.);
#9347=ORIENTED_EDGE('',*,*,#6769,.T.);
#9348=ORIENTED_EDGE('',*,*,#6724,.T.);
#9349=ORIENTED_EDGE('',*,*,#6771,.F.);
#9350=ORIENTED_EDGE('',*,*,#6676,.T.);
#9351=ORIENTED_EDGE('',*,*,#6772,.F.);
#9352=ORIENTED_EDGE('',*,*,#6742,.T.);
#9353=ORIENTED_EDGE('',*,*,#6770,.T.);
#9354=ORIENTED_EDGE('',*,*,#6773,.F.);
#9355=ORIENTED_EDGE('',*,*,#6754,.F.);
#9356=ORIENTED_EDGE('',*,*,#6675,.T.);
#9357=ORIENTED_EDGE('',*,*,#6694,.F.);
#9358=ORIENTED_EDGE('',*,*,#6743,.T.);
#9359=ORIENTED_EDGE('',*,*,#6772,.T.);
#9360=ORIENTED_EDGE('',*,*,#6774,.F.);
#9361=ORIENTED_EDGE('',*,*,#6775,.T.);
#9362=ORIENTED_EDGE('',*,*,#6773,.T.);
#9363=ORIENTED_EDGE('',*,*,#6775,.F.);
#9364=ORIENTED_EDGE('',*,*,#6774,.T.);
#9365=ORIENTED_EDGE('',*,*,#6667,.T.);
#9366=ORIENTED_EDGE('',*,*,#6744,.T.);
#9367=ORIENTED_EDGE('',*,*,#6692,.F.);
#9368=ORIENTED_EDGE('',*,*,#6776,.T.);
#9369=ORIENTED_EDGE('',*,*,#6777,.T.);
#9370=ORIENTED_EDGE('',*,*,#6778,.T.);
#9371=ORIENTED_EDGE('',*,*,#6777,.F.);
#9372=ORIENTED_EDGE('',*,*,#6778,.F.);
#9373=ORIENTED_EDGE('',*,*,#6779,.T.);
#9374=ORIENTED_EDGE('',*,*,#6780,.F.);
#9375=ORIENTED_EDGE('',*,*,#6779,.F.);
#9376=ORIENTED_EDGE('',*,*,#6776,.F.);
#9377=ORIENTED_EDGE('',*,*,#6781,.F.);
#9378=ORIENTED_EDGE('',*,*,#6782,.T.);
#9379=ORIENTED_EDGE('',*,*,#6783,.F.);
#9380=ORIENTED_EDGE('',*,*,#6784,.F.);
#9381=ORIENTED_EDGE('',*,*,#6785,.F.);
#9382=ORIENTED_EDGE('',*,*,#6786,.F.);
#9383=ORIENTED_EDGE('',*,*,#6787,.F.);
#9384=ORIENTED_EDGE('',*,*,#6788,.F.);
#9385=ORIENTED_EDGE('',*,*,#6789,.F.);
#9386=ORIENTED_EDGE('',*,*,#6790,.F.);
#9387=ORIENTED_EDGE('',*,*,#6791,.F.);
#9388=ORIENTED_EDGE('',*,*,#6782,.F.);
#9389=ORIENTED_EDGE('',*,*,#6792,.F.);
#9390=ORIENTED_EDGE('',*,*,#6793,.F.);
#9391=ORIENTED_EDGE('',*,*,#6794,.F.);
#9392=ORIENTED_EDGE('',*,*,#6795,.F.);
#9393=ORIENTED_EDGE('',*,*,#6796,.F.);
#9394=ORIENTED_EDGE('',*,*,#6797,.T.);
#9395=ORIENTED_EDGE('',*,*,#6798,.F.);
#9396=ORIENTED_EDGE('',*,*,#6797,.F.);
#9397=ORIENTED_EDGE('',*,*,#6799,.F.);
#9398=ORIENTED_EDGE('',*,*,#6800,.F.);
#9399=ORIENTED_EDGE('',*,*,#6801,.F.);
#9400=ORIENTED_EDGE('',*,*,#6802,.F.);
#9401=ORIENTED_EDGE('',*,*,#6787,.T.);
#9402=ORIENTED_EDGE('',*,*,#6803,.T.);
#9403=ORIENTED_EDGE('',*,*,#6804,.T.);
#9404=ORIENTED_EDGE('',*,*,#6805,.T.);
#9405=ORIENTED_EDGE('',*,*,#6806,.T.);
#9406=ORIENTED_EDGE('',*,*,#6807,.T.);
#9407=ORIENTED_EDGE('',*,*,#6786,.T.);
#9408=ORIENTED_EDGE('',*,*,#6808,.T.);
#9409=ORIENTED_EDGE('',*,*,#6809,.T.);
#9410=ORIENTED_EDGE('',*,*,#6803,.F.);
#9411=ORIENTED_EDGE('',*,*,#6785,.T.);
#9412=ORIENTED_EDGE('',*,*,#6810,.T.);
#9413=ORIENTED_EDGE('',*,*,#6811,.T.);
#9414=ORIENTED_EDGE('',*,*,#6808,.F.);
#9415=ORIENTED_EDGE('',*,*,#6784,.T.);
#9416=ORIENTED_EDGE('',*,*,#6812,.F.);
#9417=ORIENTED_EDGE('',*,*,#6813,.T.);
#9418=ORIENTED_EDGE('',*,*,#6810,.F.);
#9419=ORIENTED_EDGE('',*,*,#6799,.T.);
#9420=ORIENTED_EDGE('',*,*,#6796,.T.);
#9421=ORIENTED_EDGE('',*,*,#6814,.T.);
#9422=ORIENTED_EDGE('',*,*,#6815,.T.);
#9423=ORIENTED_EDGE('',*,*,#6816,.T.);
#9424=ORIENTED_EDGE('',*,*,#6817,.T.);
#9425=ORIENTED_EDGE('',*,*,#6818,.T.);
#9426=ORIENTED_EDGE('',*,*,#6795,.T.);
#9427=ORIENTED_EDGE('',*,*,#6819,.F.);
#9428=ORIENTED_EDGE('',*,*,#6820,.T.);
#9429=ORIENTED_EDGE('',*,*,#6814,.F.);
#9430=ORIENTED_EDGE('',*,*,#6794,.T.);
#9431=ORIENTED_EDGE('',*,*,#6821,.F.);
#9432=ORIENTED_EDGE('',*,*,#6822,.T.);
#9433=ORIENTED_EDGE('',*,*,#6819,.T.);
#9434=ORIENTED_EDGE('',*,*,#6793,.T.);
#9435=ORIENTED_EDGE('',*,*,#6823,.F.);
#9436=ORIENTED_EDGE('',*,*,#6824,.T.);
#9437=ORIENTED_EDGE('',*,*,#6821,.T.);
#9438=ORIENTED_EDGE('',*,*,#6825,.F.);
#9439=ORIENTED_EDGE('',*,*,#6826,.T.);
#9440=ORIENTED_EDGE('',*,*,#6827,.F.);
#9441=ORIENTED_EDGE('',*,*,#6828,.F.);
#9442=ORIENTED_EDGE('',*,*,#6829,.F.);
#9443=ORIENTED_EDGE('',*,*,#6830,.F.);
#9444=ORIENTED_EDGE('',*,*,#6831,.F.);
#9445=ORIENTED_EDGE('',*,*,#6832,.F.);
#9446=ORIENTED_EDGE('',*,*,#6815,.F.);
#9447=ORIENTED_EDGE('',*,*,#6820,.F.);
#9448=ORIENTED_EDGE('',*,*,#6822,.F.);
#9449=ORIENTED_EDGE('',*,*,#6824,.F.);
#9450=ORIENTED_EDGE('',*,*,#6833,.F.);
#9451=ORIENTED_EDGE('',*,*,#6834,.F.);
#9452=ORIENTED_EDGE('',*,*,#6835,.F.);
#9453=ORIENTED_EDGE('',*,*,#6836,.F.);
#9454=ORIENTED_EDGE('',*,*,#6837,.F.);
#9455=ORIENTED_EDGE('',*,*,#6838,.F.);
#9456=ORIENTED_EDGE('',*,*,#6817,.F.);
#9457=ORIENTED_EDGE('',*,*,#6839,.F.);
#9458=ORIENTED_EDGE('',*,*,#6840,.F.);
#9459=ORIENTED_EDGE('',*,*,#6841,.F.);
#9460=ORIENTED_EDGE('',*,*,#6842,.F.);
#9461=ORIENTED_EDGE('',*,*,#6843,.F.);
#9462=ORIENTED_EDGE('',*,*,#6798,.T.);
#9463=ORIENTED_EDGE('',*,*,#6844,.F.);
#9464=ORIENTED_EDGE('',*,*,#6845,.F.);
#9465=ORIENTED_EDGE('',*,*,#6846,.F.);
#9466=ORIENTED_EDGE('',*,*,#6826,.F.);
#9467=ORIENTED_EDGE('',*,*,#6847,.F.);
#9468=ORIENTED_EDGE('',*,*,#6848,.F.);
#9469=ORIENTED_EDGE('',*,*,#6849,.F.);
#9470=ORIENTED_EDGE('',*,*,#6850,.F.);
#9471=ORIENTED_EDGE('',*,*,#6851,.F.);
#9472=ORIENTED_EDGE('',*,*,#6852,.F.);
#9473=ORIENTED_EDGE('',*,*,#6853,.F.);
#9474=ORIENTED_EDGE('',*,*,#6854,.F.);
#9475=ORIENTED_EDGE('',*,*,#6855,.F.);
#9476=ORIENTED_EDGE('',*,*,#6856,.F.);
#9477=ORIENTED_EDGE('',*,*,#6806,.F.);
#9478=ORIENTED_EDGE('',*,*,#6857,.F.);
#9479=ORIENTED_EDGE('',*,*,#6804,.F.);
#9480=ORIENTED_EDGE('',*,*,#6809,.F.);
#9481=ORIENTED_EDGE('',*,*,#6811,.F.);
#9482=ORIENTED_EDGE('',*,*,#6813,.F.);
#9483=ORIENTED_EDGE('',*,*,#6858,.F.);
#9484=ORIENTED_EDGE('',*,*,#6859,.F.);
#9485=ORIENTED_EDGE('',*,*,#6860,.F.);
#9486=ORIENTED_EDGE('',*,*,#6861,.F.);
#9487=ORIENTED_EDGE('',*,*,#6862,.F.);
#9488=ORIENTED_EDGE('',*,*,#6863,.F.);
#9489=ORIENTED_EDGE('',*,*,#6864,.F.);
#9490=ORIENTED_EDGE('',*,*,#6845,.T.);
#9491=ORIENTED_EDGE('',*,*,#6781,.T.);
#9492=ORIENTED_EDGE('',*,*,#6847,.T.);
#9493=ORIENTED_EDGE('',*,*,#6844,.T.);
#9494=ORIENTED_EDGE('',*,*,#6825,.T.);
#9495=ORIENTED_EDGE('',*,*,#6865,.F.);
#9496=ORIENTED_EDGE('',*,*,#6866,.T.);
#9497=ORIENTED_EDGE('',*,*,#6867,.T.);
#9498=ORIENTED_EDGE('',*,*,#6866,.F.);
#9499=ORIENTED_EDGE('',*,*,#6868,.F.);
#9500=ORIENTED_EDGE('',*,*,#6827,.T.);
#9501=ORIENTED_EDGE('',*,*,#6846,.T.);
#9502=ORIENTED_EDGE('',*,*,#6864,.T.);
#9503=ORIENTED_EDGE('',*,*,#6869,.F.);
#9504=ORIENTED_EDGE('',*,*,#6843,.T.);
#9505=ORIENTED_EDGE('',*,*,#6870,.F.);
#9506=ORIENTED_EDGE('',*,*,#6828,.T.);
#9507=ORIENTED_EDGE('',*,*,#6868,.T.);
#9508=ORIENTED_EDGE('',*,*,#6865,.T.);
#9509=ORIENTED_EDGE('',*,*,#6848,.T.);
#9510=ORIENTED_EDGE('',*,*,#6869,.T.);
#9511=ORIENTED_EDGE('',*,*,#6863,.T.);
#9512=ORIENTED_EDGE('',*,*,#6871,.F.);
#9513=ORIENTED_EDGE('',*,*,#6842,.T.);
#9514=ORIENTED_EDGE('',*,*,#6872,.T.);
#9515=ORIENTED_EDGE('',*,*,#6829,.T.);
#9516=ORIENTED_EDGE('',*,*,#6870,.T.);
#9517=ORIENTED_EDGE('',*,*,#6849,.T.);
#9518=ORIENTED_EDGE('',*,*,#6871,.T.);
#9519=ORIENTED_EDGE('',*,*,#6862,.T.);
#9520=ORIENTED_EDGE('',*,*,#6873,.T.);
#9521=ORIENTED_EDGE('',*,*,#6841,.T.);
#9522=ORIENTED_EDGE('',*,*,#6874,.F.);
#9523=ORIENTED_EDGE('',*,*,#6830,.T.);
#9524=ORIENTED_EDGE('',*,*,#6872,.F.);
#9525=ORIENTED_EDGE('',*,*,#6850,.T.);
#9526=ORIENTED_EDGE('',*,*,#6873,.F.);
#9527=ORIENTED_EDGE('',*,*,#6861,.T.);
#9528=ORIENTED_EDGE('',*,*,#6875,.F.);
#9529=ORIENTED_EDGE('',*,*,#6840,.T.);
#9530=ORIENTED_EDGE('',*,*,#6876,.F.);
#9531=ORIENTED_EDGE('',*,*,#6831,.T.);
#9532=ORIENTED_EDGE('',*,*,#6874,.T.);
#9533=ORIENTED_EDGE('',*,*,#6851,.T.);
#9534=ORIENTED_EDGE('',*,*,#6875,.T.);
#9535=ORIENTED_EDGE('',*,*,#6860,.T.);
#9536=ORIENTED_EDGE('',*,*,#6877,.F.);
#9537=ORIENTED_EDGE('',*,*,#6839,.T.);
#9538=ORIENTED_EDGE('',*,*,#6816,.F.);
#9539=ORIENTED_EDGE('',*,*,#6832,.T.);
#9540=ORIENTED_EDGE('',*,*,#6876,.T.);
#9541=ORIENTED_EDGE('',*,*,#6852,.T.);
#9542=ORIENTED_EDGE('',*,*,#6877,.T.);
#9543=ORIENTED_EDGE('',*,*,#6859,.T.);
#9544=ORIENTED_EDGE('',*,*,#6878,.F.);
#9545=ORIENTED_EDGE('',*,*,#6834,.T.);
#9546=ORIENTED_EDGE('',*,*,#6879,.F.);
#9547=ORIENTED_EDGE('',*,*,#6783,.T.);
#9548=ORIENTED_EDGE('',*,*,#6791,.T.);
#9549=ORIENTED_EDGE('',*,*,#6880,.T.);
#9550=ORIENTED_EDGE('',*,*,#6853,.T.);
#9551=ORIENTED_EDGE('',*,*,#6878,.T.);
#9552=ORIENTED_EDGE('',*,*,#6858,.T.);
#9553=ORIENTED_EDGE('',*,*,#6812,.T.);
#9554=ORIENTED_EDGE('',*,*,#6792,.T.);
#9555=ORIENTED_EDGE('',*,*,#6881,.T.);
#9556=ORIENTED_EDGE('',*,*,#6835,.T.);
#9557=ORIENTED_EDGE('',*,*,#6879,.T.);
#9558=ORIENTED_EDGE('',*,*,#6833,.T.);
#9559=ORIENTED_EDGE('',*,*,#6823,.T.);
#9560=ORIENTED_EDGE('',*,*,#6800,.T.);
#9561=ORIENTED_EDGE('',*,*,#6818,.F.);
#9562=ORIENTED_EDGE('',*,*,#6838,.T.);
#9563=ORIENTED_EDGE('',*,*,#6882,.F.);
#9564=ORIENTED_EDGE('',*,*,#6790,.T.);
#9565=ORIENTED_EDGE('',*,*,#6883,.F.);
#9566=ORIENTED_EDGE('',*,*,#6854,.T.);
#9567=ORIENTED_EDGE('',*,*,#6880,.F.);
#9568=ORIENTED_EDGE('',*,*,#6802,.T.);
#9569=ORIENTED_EDGE('',*,*,#6884,.T.);
#9570=ORIENTED_EDGE('',*,*,#6836,.T.);
#9571=ORIENTED_EDGE('',*,*,#6881,.F.);
#9572=ORIENTED_EDGE('',*,*,#6801,.T.);
#9573=ORIENTED_EDGE('',*,*,#6882,.T.);
#9574=ORIENTED_EDGE('',*,*,#6837,.T.);
#9575=ORIENTED_EDGE('',*,*,#6884,.F.);
#9576=ORIENTED_EDGE('',*,*,#6789,.T.);
#9577=ORIENTED_EDGE('',*,*,#6885,.F.);
#9578=ORIENTED_EDGE('',*,*,#6855,.T.);
#9579=ORIENTED_EDGE('',*,*,#6883,.T.);
#9580=ORIENTED_EDGE('',*,*,#6886,.F.);
#9581=ORIENTED_EDGE('',*,*,#6867,.F.);
#9582=ORIENTED_EDGE('',*,*,#6788,.T.);
#9583=ORIENTED_EDGE('',*,*,#6807,.F.);
#9584=ORIENTED_EDGE('',*,*,#6856,.T.);
#9585=ORIENTED_EDGE('',*,*,#6885,.T.);
#9586=ORIENTED_EDGE('',*,*,#6887,.F.);
#9587=ORIENTED_EDGE('',*,*,#6888,.T.);
#9588=ORIENTED_EDGE('',*,*,#6886,.T.);
#9589=ORIENTED_EDGE('',*,*,#6888,.F.);
#9590=ORIENTED_EDGE('',*,*,#6887,.T.);
#9591=ORIENTED_EDGE('',*,*,#6780,.T.);
#9592=ORIENTED_EDGE('',*,*,#6857,.T.);
#9593=ORIENTED_EDGE('',*,*,#6805,.F.);
#9594=ORIENTED_EDGE('',*,*,#6889,.T.);
#9595=ORIENTED_EDGE('',*,*,#6890,.T.);
#9596=ORIENTED_EDGE('',*,*,#6891,.T.);
#9597=ORIENTED_EDGE('',*,*,#6890,.F.);
#9598=ORIENTED_EDGE('',*,*,#6891,.F.);
#9599=ORIENTED_EDGE('',*,*,#6892,.T.);
#9600=ORIENTED_EDGE('',*,*,#6893,.F.);
#9601=ORIENTED_EDGE('',*,*,#6892,.F.);
#9602=ORIENTED_EDGE('',*,*,#6889,.F.);
#9603=ORIENTED_EDGE('',*,*,#6894,.F.);
#9604=ORIENTED_EDGE('',*,*,#6895,.T.);
#9605=ORIENTED_EDGE('',*,*,#6896,.F.);
#9606=ORIENTED_EDGE('',*,*,#6897,.F.);
#9607=ORIENTED_EDGE('',*,*,#6898,.F.);
#9608=ORIENTED_EDGE('',*,*,#6899,.F.);
#9609=ORIENTED_EDGE('',*,*,#6900,.F.);
#9610=ORIENTED_EDGE('',*,*,#6901,.F.);
#9611=ORIENTED_EDGE('',*,*,#6902,.F.);
#9612=ORIENTED_EDGE('',*,*,#6903,.F.);
#9613=ORIENTED_EDGE('',*,*,#6904,.F.);
#9614=ORIENTED_EDGE('',*,*,#6895,.F.);
#9615=ORIENTED_EDGE('',*,*,#6905,.F.);
#9616=ORIENTED_EDGE('',*,*,#6906,.F.);
#9617=ORIENTED_EDGE('',*,*,#6907,.F.);
#9618=ORIENTED_EDGE('',*,*,#6908,.F.);
#9619=ORIENTED_EDGE('',*,*,#6909,.F.);
#9620=ORIENTED_EDGE('',*,*,#6910,.T.);
#9621=ORIENTED_EDGE('',*,*,#6911,.F.);
#9622=ORIENTED_EDGE('',*,*,#6910,.F.);
#9623=ORIENTED_EDGE('',*,*,#6912,.F.);
#9624=ORIENTED_EDGE('',*,*,#6913,.F.);
#9625=ORIENTED_EDGE('',*,*,#6914,.F.);
#9626=ORIENTED_EDGE('',*,*,#6915,.F.);
#9627=ORIENTED_EDGE('',*,*,#6900,.T.);
#9628=ORIENTED_EDGE('',*,*,#6916,.T.);
#9629=ORIENTED_EDGE('',*,*,#6917,.T.);
#9630=ORIENTED_EDGE('',*,*,#6918,.T.);
#9631=ORIENTED_EDGE('',*,*,#6919,.T.);
#9632=ORIENTED_EDGE('',*,*,#6920,.T.);
#9633=ORIENTED_EDGE('',*,*,#6899,.T.);
#9634=ORIENTED_EDGE('',*,*,#6921,.T.);
#9635=ORIENTED_EDGE('',*,*,#6922,.T.);
#9636=ORIENTED_EDGE('',*,*,#6916,.F.);
#9637=ORIENTED_EDGE('',*,*,#6898,.T.);
#9638=ORIENTED_EDGE('',*,*,#6923,.T.);
#9639=ORIENTED_EDGE('',*,*,#6924,.T.);
#9640=ORIENTED_EDGE('',*,*,#6921,.F.);
#9641=ORIENTED_EDGE('',*,*,#6897,.T.);
#9642=ORIENTED_EDGE('',*,*,#6925,.F.);
#9643=ORIENTED_EDGE('',*,*,#6926,.T.);
#9644=ORIENTED_EDGE('',*,*,#6923,.F.);
#9645=ORIENTED_EDGE('',*,*,#6912,.T.);
#9646=ORIENTED_EDGE('',*,*,#6909,.T.);
#9647=ORIENTED_EDGE('',*,*,#6927,.T.);
#9648=ORIENTED_EDGE('',*,*,#6928,.T.);
#9649=ORIENTED_EDGE('',*,*,#6929,.T.);
#9650=ORIENTED_EDGE('',*,*,#6930,.T.);
#9651=ORIENTED_EDGE('',*,*,#6931,.T.);
#9652=ORIENTED_EDGE('',*,*,#6908,.T.);
#9653=ORIENTED_EDGE('',*,*,#6932,.F.);
#9654=ORIENTED_EDGE('',*,*,#6933,.T.);
#9655=ORIENTED_EDGE('',*,*,#6927,.F.);
#9656=ORIENTED_EDGE('',*,*,#6907,.T.);
#9657=ORIENTED_EDGE('',*,*,#6934,.F.);
#9658=ORIENTED_EDGE('',*,*,#6935,.T.);
#9659=ORIENTED_EDGE('',*,*,#6932,.T.);
#9660=ORIENTED_EDGE('',*,*,#6906,.T.);
#9661=ORIENTED_EDGE('',*,*,#6936,.F.);
#9662=ORIENTED_EDGE('',*,*,#6937,.T.);
#9663=ORIENTED_EDGE('',*,*,#6934,.T.);
#9664=ORIENTED_EDGE('',*,*,#6938,.F.);
#9665=ORIENTED_EDGE('',*,*,#6939,.T.);
#9666=ORIENTED_EDGE('',*,*,#6940,.F.);
#9667=ORIENTED_EDGE('',*,*,#6941,.F.);
#9668=ORIENTED_EDGE('',*,*,#6942,.F.);
#9669=ORIENTED_EDGE('',*,*,#6943,.F.);
#9670=ORIENTED_EDGE('',*,*,#6944,.F.);
#9671=ORIENTED_EDGE('',*,*,#6945,.F.);
#9672=ORIENTED_EDGE('',*,*,#6928,.F.);
#9673=ORIENTED_EDGE('',*,*,#6933,.F.);
#9674=ORIENTED_EDGE('',*,*,#6935,.F.);
#9675=ORIENTED_EDGE('',*,*,#6937,.F.);
#9676=ORIENTED_EDGE('',*,*,#6946,.F.);
#9677=ORIENTED_EDGE('',*,*,#6947,.F.);
#9678=ORIENTED_EDGE('',*,*,#6948,.F.);
#9679=ORIENTED_EDGE('',*,*,#6949,.F.);
#9680=ORIENTED_EDGE('',*,*,#6950,.F.);
#9681=ORIENTED_EDGE('',*,*,#6951,.F.);
#9682=ORIENTED_EDGE('',*,*,#6930,.F.);
#9683=ORIENTED_EDGE('',*,*,#6952,.F.);
#9684=ORIENTED_EDGE('',*,*,#6953,.F.);
#9685=ORIENTED_EDGE('',*,*,#6954,.F.);
#9686=ORIENTED_EDGE('',*,*,#6955,.F.);
#9687=ORIENTED_EDGE('',*,*,#6956,.F.);
#9688=ORIENTED_EDGE('',*,*,#6911,.T.);
#9689=ORIENTED_EDGE('',*,*,#6957,.F.);
#9690=ORIENTED_EDGE('',*,*,#6958,.F.);
#9691=ORIENTED_EDGE('',*,*,#6959,.F.);
#9692=ORIENTED_EDGE('',*,*,#6939,.F.);
#9693=ORIENTED_EDGE('',*,*,#6960,.F.);
#9694=ORIENTED_EDGE('',*,*,#6961,.F.);
#9695=ORIENTED_EDGE('',*,*,#6962,.F.);
#9696=ORIENTED_EDGE('',*,*,#6963,.F.);
#9697=ORIENTED_EDGE('',*,*,#6964,.F.);
#9698=ORIENTED_EDGE('',*,*,#6965,.F.);
#9699=ORIENTED_EDGE('',*,*,#6966,.F.);
#9700=ORIENTED_EDGE('',*,*,#6967,.F.);
#9701=ORIENTED_EDGE('',*,*,#6968,.F.);
#9702=ORIENTED_EDGE('',*,*,#6969,.F.);
#9703=ORIENTED_EDGE('',*,*,#6919,.F.);
#9704=ORIENTED_EDGE('',*,*,#6970,.F.);
#9705=ORIENTED_EDGE('',*,*,#6917,.F.);
#9706=ORIENTED_EDGE('',*,*,#6922,.F.);
#9707=ORIENTED_EDGE('',*,*,#6924,.F.);
#9708=ORIENTED_EDGE('',*,*,#6926,.F.);
#9709=ORIENTED_EDGE('',*,*,#6971,.F.);
#9710=ORIENTED_EDGE('',*,*,#6972,.F.);
#9711=ORIENTED_EDGE('',*,*,#6973,.F.);
#9712=ORIENTED_EDGE('',*,*,#6974,.F.);
#9713=ORIENTED_EDGE('',*,*,#6975,.F.);
#9714=ORIENTED_EDGE('',*,*,#6976,.F.);
#9715=ORIENTED_EDGE('',*,*,#6977,.F.);
#9716=ORIENTED_EDGE('',*,*,#6958,.T.);
#9717=ORIENTED_EDGE('',*,*,#6894,.T.);
#9718=ORIENTED_EDGE('',*,*,#6960,.T.);
#9719=ORIENTED_EDGE('',*,*,#6957,.T.);
#9720=ORIENTED_EDGE('',*,*,#6938,.T.);
#9721=ORIENTED_EDGE('',*,*,#6978,.F.);
#9722=ORIENTED_EDGE('',*,*,#6979,.T.);
#9723=ORIENTED_EDGE('',*,*,#6980,.T.);
#9724=ORIENTED_EDGE('',*,*,#6979,.F.);
#9725=ORIENTED_EDGE('',*,*,#6981,.F.);
#9726=ORIENTED_EDGE('',*,*,#6940,.T.);
#9727=ORIENTED_EDGE('',*,*,#6959,.T.);
#9728=ORIENTED_EDGE('',*,*,#6977,.T.);
#9729=ORIENTED_EDGE('',*,*,#6982,.F.);
#9730=ORIENTED_EDGE('',*,*,#6956,.T.);
#9731=ORIENTED_EDGE('',*,*,#6983,.F.);
#9732=ORIENTED_EDGE('',*,*,#6941,.T.);
#9733=ORIENTED_EDGE('',*,*,#6981,.T.);
#9734=ORIENTED_EDGE('',*,*,#6978,.T.);
#9735=ORIENTED_EDGE('',*,*,#6961,.T.);
#9736=ORIENTED_EDGE('',*,*,#6982,.T.);
#9737=ORIENTED_EDGE('',*,*,#6976,.T.);
#9738=ORIENTED_EDGE('',*,*,#6984,.F.);
#9739=ORIENTED_EDGE('',*,*,#6955,.T.);
#9740=ORIENTED_EDGE('',*,*,#6985,.T.);
#9741=ORIENTED_EDGE('',*,*,#6942,.T.);
#9742=ORIENTED_EDGE('',*,*,#6983,.T.);
#9743=ORIENTED_EDGE('',*,*,#6962,.T.);
#9744=ORIENTED_EDGE('',*,*,#6984,.T.);
#9745=ORIENTED_EDGE('',*,*,#6975,.T.);
#9746=ORIENTED_EDGE('',*,*,#6986,.T.);
#9747=ORIENTED_EDGE('',*,*,#6954,.T.);
#9748=ORIENTED_EDGE('',*,*,#6987,.F.);
#9749=ORIENTED_EDGE('',*,*,#6943,.T.);
#9750=ORIENTED_EDGE('',*,*,#6985,.F.);
#9751=ORIENTED_EDGE('',*,*,#6963,.T.);
#9752=ORIENTED_EDGE('',*,*,#6986,.F.);
#9753=ORIENTED_EDGE('',*,*,#6974,.T.);
#9754=ORIENTED_EDGE('',*,*,#6988,.F.);
#9755=ORIENTED_EDGE('',*,*,#6953,.T.);
#9756=ORIENTED_EDGE('',*,*,#6989,.F.);
#9757=ORIENTED_EDGE('',*,*,#6944,.T.);
#9758=ORIENTED_EDGE('',*,*,#6987,.T.);
#9759=ORIENTED_EDGE('',*,*,#6964,.T.);
#9760=ORIENTED_EDGE('',*,*,#6988,.T.);
#9761=ORIENTED_EDGE('',*,*,#6973,.T.);
#9762=ORIENTED_EDGE('',*,*,#6990,.F.);
#9763=ORIENTED_EDGE('',*,*,#6952,.T.);
#9764=ORIENTED_EDGE('',*,*,#6929,.F.);
#9765=ORIENTED_EDGE('',*,*,#6945,.T.);
#9766=ORIENTED_EDGE('',*,*,#6989,.T.);
#9767=ORIENTED_EDGE('',*,*,#6965,.T.);
#9768=ORIENTED_EDGE('',*,*,#6990,.T.);
#9769=ORIENTED_EDGE('',*,*,#6972,.T.);
#9770=ORIENTED_EDGE('',*,*,#6991,.F.);
#9771=ORIENTED_EDGE('',*,*,#6947,.T.);
#9772=ORIENTED_EDGE('',*,*,#6992,.F.);
#9773=ORIENTED_EDGE('',*,*,#6896,.T.);
#9774=ORIENTED_EDGE('',*,*,#6904,.T.);
#9775=ORIENTED_EDGE('',*,*,#6993,.T.);
#9776=ORIENTED_EDGE('',*,*,#6966,.T.);
#9777=ORIENTED_EDGE('',*,*,#6991,.T.);
#9778=ORIENTED_EDGE('',*,*,#6971,.T.);
#9779=ORIENTED_EDGE('',*,*,#6925,.T.);
#9780=ORIENTED_EDGE('',*,*,#6905,.T.);
#9781=ORIENTED_EDGE('',*,*,#6994,.T.);
#9782=ORIENTED_EDGE('',*,*,#6948,.T.);
#9783=ORIENTED_EDGE('',*,*,#6992,.T.);
#9784=ORIENTED_EDGE('',*,*,#6946,.T.);
#9785=ORIENTED_EDGE('',*,*,#6936,.T.);
#9786=ORIENTED_EDGE('',*,*,#6913,.T.);
#9787=ORIENTED_EDGE('',*,*,#6931,.F.);
#9788=ORIENTED_EDGE('',*,*,#6951,.T.);
#9789=ORIENTED_EDGE('',*,*,#6995,.F.);
#9790=ORIENTED_EDGE('',*,*,#6903,.T.);
#9791=ORIENTED_EDGE('',*,*,#6996,.F.);
#9792=ORIENTED_EDGE('',*,*,#6967,.T.);
#9793=ORIENTED_EDGE('',*,*,#6993,.F.);
#9794=ORIENTED_EDGE('',*,*,#6915,.T.);
#9795=ORIENTED_EDGE('',*,*,#6997,.T.);
#9796=ORIENTED_EDGE('',*,*,#6949,.T.);
#9797=ORIENTED_EDGE('',*,*,#6994,.F.);
#9798=ORIENTED_EDGE('',*,*,#6914,.T.);
#9799=ORIENTED_EDGE('',*,*,#6995,.T.);
#9800=ORIENTED_EDGE('',*,*,#6950,.T.);
#9801=ORIENTED_EDGE('',*,*,#6997,.F.);
#9802=ORIENTED_EDGE('',*,*,#6902,.T.);
#9803=ORIENTED_EDGE('',*,*,#6998,.F.);
#9804=ORIENTED_EDGE('',*,*,#6968,.T.);
#9805=ORIENTED_EDGE('',*,*,#6996,.T.);
#9806=ORIENTED_EDGE('',*,*,#6999,.F.);
#9807=ORIENTED_EDGE('',*,*,#6980,.F.);
#9808=ORIENTED_EDGE('',*,*,#6901,.T.);
#9809=ORIENTED_EDGE('',*,*,#6920,.F.);
#9810=ORIENTED_EDGE('',*,*,#6969,.T.);
#9811=ORIENTED_EDGE('',*,*,#6998,.T.);
#9812=ORIENTED_EDGE('',*,*,#7000,.F.);
#9813=ORIENTED_EDGE('',*,*,#7001,.T.);
#9814=ORIENTED_EDGE('',*,*,#6999,.T.);
#9815=ORIENTED_EDGE('',*,*,#7001,.F.);
#9816=ORIENTED_EDGE('',*,*,#7000,.T.);
#9817=ORIENTED_EDGE('',*,*,#6893,.T.);
#9818=ORIENTED_EDGE('',*,*,#6970,.T.);
#9819=ORIENTED_EDGE('',*,*,#6918,.F.);
#9820=ORIENTED_EDGE('',*,*,#7002,.F.);
#9821=ORIENTED_EDGE('',*,*,#7003,.T.);
#9822=ORIENTED_EDGE('',*,*,#7004,.T.);
#9823=ORIENTED_EDGE('',*,*,#7003,.F.);
#9824=ORIENTED_EDGE('',*,*,#7005,.F.);
#9825=ORIENTED_EDGE('',*,*,#7006,.T.);
#9826=ORIENTED_EDGE('',*,*,#7007,.T.);
#9827=ORIENTED_EDGE('',*,*,#7006,.F.);
#9828=ORIENTED_EDGE('',*,*,#7005,.T.);
#9829=ORIENTED_EDGE('',*,*,#7002,.T.);
#9830=ORIENTED_EDGE('',*,*,#7007,.F.);
#9831=ORIENTED_EDGE('',*,*,#7004,.F.);
#9832=ORIENTED_EDGE('',*,*,#7008,.F.);
#9833=ORIENTED_EDGE('',*,*,#7009,.T.);
#9834=ORIENTED_EDGE('',*,*,#7010,.T.);
#9835=ORIENTED_EDGE('',*,*,#7009,.F.);
#9836=ORIENTED_EDGE('',*,*,#7011,.F.);
#9837=ORIENTED_EDGE('',*,*,#7012,.T.);
#9838=ORIENTED_EDGE('',*,*,#7013,.T.);
#9839=ORIENTED_EDGE('',*,*,#7012,.F.);
#9840=ORIENTED_EDGE('',*,*,#7011,.T.);
#9841=ORIENTED_EDGE('',*,*,#7008,.T.);
#9842=ORIENTED_EDGE('',*,*,#7013,.F.);
#9843=ORIENTED_EDGE('',*,*,#7010,.F.);
#9844=ORIENTED_EDGE('',*,*,#7014,.F.);
#9845=ORIENTED_EDGE('',*,*,#7015,.T.);
#9846=ORIENTED_EDGE('',*,*,#7016,.T.);
#9847=ORIENTED_EDGE('',*,*,#7015,.F.);
#9848=ORIENTED_EDGE('',*,*,#7017,.F.);
#9849=ORIENTED_EDGE('',*,*,#7018,.T.);
#9850=ORIENTED_EDGE('',*,*,#7019,.T.);
#9851=ORIENTED_EDGE('',*,*,#7018,.F.);
#9852=ORIENTED_EDGE('',*,*,#7017,.T.);
#9853=ORIENTED_EDGE('',*,*,#7014,.T.);
#9854=ORIENTED_EDGE('',*,*,#7019,.F.);
#9855=ORIENTED_EDGE('',*,*,#7016,.F.);
#9856=ORIENTED_EDGE('',*,*,#7020,.F.);
#9857=ORIENTED_EDGE('',*,*,#7021,.T.);
#9858=ORIENTED_EDGE('',*,*,#7022,.T.);
#9859=ORIENTED_EDGE('',*,*,#7021,.F.);
#9860=ORIENTED_EDGE('',*,*,#7023,.F.);
#9861=ORIENTED_EDGE('',*,*,#7024,.T.);
#9862=ORIENTED_EDGE('',*,*,#7025,.T.);
#9863=ORIENTED_EDGE('',*,*,#7024,.F.);
#9864=ORIENTED_EDGE('',*,*,#7023,.T.);
#9865=ORIENTED_EDGE('',*,*,#7020,.T.);
#9866=ORIENTED_EDGE('',*,*,#7025,.F.);
#9867=ORIENTED_EDGE('',*,*,#7022,.F.);
#9868=ORIENTED_EDGE('',*,*,#7026,.F.);
#9869=ORIENTED_EDGE('',*,*,#7027,.T.);
#9870=ORIENTED_EDGE('',*,*,#7028,.F.);
#9871=ORIENTED_EDGE('',*,*,#7027,.F.);
#9872=ORIENTED_EDGE('',*,*,#7029,.F.);
#9873=ORIENTED_EDGE('',*,*,#7030,.T.);
#9874=ORIENTED_EDGE('',*,*,#7031,.F.);
#9875=ORIENTED_EDGE('',*,*,#7030,.F.);
#9876=ORIENTED_EDGE('',*,*,#7032,.T.);
#9877=ORIENTED_EDGE('',*,*,#7031,.T.);
#9878=ORIENTED_EDGE('',*,*,#7033,.F.);
#9879=ORIENTED_EDGE('',*,*,#7029,.T.);
#9880=ORIENTED_EDGE('',*,*,#7034,.T.);
#9881=ORIENTED_EDGE('',*,*,#7028,.T.);
#9882=ORIENTED_EDGE('',*,*,#7035,.F.);
#9883=ORIENTED_EDGE('',*,*,#7026,.T.);
#9884=ORIENTED_EDGE('',*,*,#7036,.T.);
#9885=ORIENTED_EDGE('',*,*,#7037,.T.);
#9886=ORIENTED_EDGE('',*,*,#7038,.T.);
#9887=ORIENTED_EDGE('',*,*,#7039,.T.);
#9888=ORIENTED_EDGE('',*,*,#7040,.T.);
#9889=ORIENTED_EDGE('',*,*,#7041,.T.);
#9890=ORIENTED_EDGE('',*,*,#7042,.T.);
#9891=ORIENTED_EDGE('',*,*,#7043,.T.);
#9892=ORIENTED_EDGE('',*,*,#7044,.T.);
#9893=ORIENTED_EDGE('',*,*,#7037,.F.);
#9894=ORIENTED_EDGE('',*,*,#7045,.T.);
#9895=ORIENTED_EDGE('',*,*,#7046,.F.);
#9896=ORIENTED_EDGE('',*,*,#7047,.F.);
#9897=ORIENTED_EDGE('',*,*,#7038,.F.);
#9898=ORIENTED_EDGE('',*,*,#7047,.T.);
#9899=ORIENTED_EDGE('',*,*,#7048,.F.);
#9900=ORIENTED_EDGE('',*,*,#7049,.F.);
#9901=ORIENTED_EDGE('',*,*,#7039,.F.);
#9902=ORIENTED_EDGE('',*,*,#7049,.T.);
#9903=ORIENTED_EDGE('',*,*,#7050,.F.);
#9904=ORIENTED_EDGE('',*,*,#7051,.F.);
#9905=ORIENTED_EDGE('',*,*,#7034,.F.);
#9906=ORIENTED_EDGE('',*,*,#7052,.T.);
#9907=ORIENTED_EDGE('',*,*,#7053,.F.);
#9908=ORIENTED_EDGE('',*,*,#7054,.F.);
#9909=ORIENTED_EDGE('',*,*,#7041,.F.);
#9910=ORIENTED_EDGE('',*,*,#7055,.T.);
#9911=ORIENTED_EDGE('',*,*,#7035,.T.);
#9912=ORIENTED_EDGE('',*,*,#7055,.F.);
#9913=ORIENTED_EDGE('',*,*,#7040,.F.);
#9914=ORIENTED_EDGE('',*,*,#7051,.T.);
#9915=ORIENTED_EDGE('',*,*,#7056,.F.);
#9916=ORIENTED_EDGE('',*,*,#7052,.F.);
#9917=ORIENTED_EDGE('',*,*,#7042,.F.);
#9918=ORIENTED_EDGE('',*,*,#7054,.T.);
#9919=ORIENTED_EDGE('',*,*,#7057,.F.);
#9920=ORIENTED_EDGE('',*,*,#7058,.F.);
#9921=ORIENTED_EDGE('',*,*,#7043,.F.);
#9922=ORIENTED_EDGE('',*,*,#7058,.T.);
#9923=ORIENTED_EDGE('',*,*,#7059,.F.);
#9924=ORIENTED_EDGE('',*,*,#7060,.F.);
#9925=ORIENTED_EDGE('',*,*,#7044,.F.);
#9926=ORIENTED_EDGE('',*,*,#7060,.T.);
#9927=ORIENTED_EDGE('',*,*,#7061,.F.);
#9928=ORIENTED_EDGE('',*,*,#7062,.F.);
#9929=ORIENTED_EDGE('',*,*,#7032,.F.);
#9930=ORIENTED_EDGE('',*,*,#7063,.T.);
#9931=ORIENTED_EDGE('',*,*,#7033,.T.);
#9932=ORIENTED_EDGE('',*,*,#7063,.F.);
#9933=ORIENTED_EDGE('',*,*,#7062,.T.);
#9934=ORIENTED_EDGE('',*,*,#7064,.F.);
#9935=ORIENTED_EDGE('',*,*,#7045,.F.);
#9936=ORIENTED_EDGE('',*,*,#7036,.F.);
#9937=ORIENTED_EDGE('',*,*,#7064,.T.);
#9938=ORIENTED_EDGE('',*,*,#7061,.T.);
#9939=ORIENTED_EDGE('',*,*,#7059,.T.);
#9940=ORIENTED_EDGE('',*,*,#7057,.T.);
#9941=ORIENTED_EDGE('',*,*,#7053,.T.);
#9942=ORIENTED_EDGE('',*,*,#7056,.T.);
#9943=ORIENTED_EDGE('',*,*,#7050,.T.);
#9944=ORIENTED_EDGE('',*,*,#7048,.T.);
#9945=ORIENTED_EDGE('',*,*,#7046,.T.);
#9946=ORIENTED_EDGE('',*,*,#7065,.F.);
#9947=ORIENTED_EDGE('',*,*,#7066,.T.);
#9948=ORIENTED_EDGE('',*,*,#7067,.F.);
#9949=ORIENTED_EDGE('',*,*,#7066,.F.);
#9950=ORIENTED_EDGE('',*,*,#7068,.F.);
#9951=ORIENTED_EDGE('',*,*,#7069,.T.);
#9952=ORIENTED_EDGE('',*,*,#7070,.F.);
#9953=ORIENTED_EDGE('',*,*,#7069,.F.);
#9954=ORIENTED_EDGE('',*,*,#7071,.T.);
#9955=ORIENTED_EDGE('',*,*,#7070,.T.);
#9956=ORIENTED_EDGE('',*,*,#7072,.F.);
#9957=ORIENTED_EDGE('',*,*,#7068,.T.);
#9958=ORIENTED_EDGE('',*,*,#7073,.T.);
#9959=ORIENTED_EDGE('',*,*,#7067,.T.);
#9960=ORIENTED_EDGE('',*,*,#7074,.F.);
#9961=ORIENTED_EDGE('',*,*,#7065,.T.);
#9962=ORIENTED_EDGE('',*,*,#7075,.T.);
#9963=ORIENTED_EDGE('',*,*,#7076,.T.);
#9964=ORIENTED_EDGE('',*,*,#7077,.T.);
#9965=ORIENTED_EDGE('',*,*,#7078,.T.);
#9966=ORIENTED_EDGE('',*,*,#7079,.T.);
#9967=ORIENTED_EDGE('',*,*,#7080,.T.);
#9968=ORIENTED_EDGE('',*,*,#7081,.T.);
#9969=ORIENTED_EDGE('',*,*,#7082,.T.);
#9970=ORIENTED_EDGE('',*,*,#7083,.T.);
#9971=ORIENTED_EDGE('',*,*,#7076,.F.);
#9972=ORIENTED_EDGE('',*,*,#7084,.T.);
#9973=ORIENTED_EDGE('',*,*,#7085,.F.);
#9974=ORIENTED_EDGE('',*,*,#7086,.F.);
#9975=ORIENTED_EDGE('',*,*,#7077,.F.);
#9976=ORIENTED_EDGE('',*,*,#7086,.T.);
#9977=ORIENTED_EDGE('',*,*,#7087,.F.);
#9978=ORIENTED_EDGE('',*,*,#7088,.F.);
#9979=ORIENTED_EDGE('',*,*,#7078,.F.);
#9980=ORIENTED_EDGE('',*,*,#7088,.T.);
#9981=ORIENTED_EDGE('',*,*,#7089,.F.);
#9982=ORIENTED_EDGE('',*,*,#7090,.F.);
#9983=ORIENTED_EDGE('',*,*,#7073,.F.);
#9984=ORIENTED_EDGE('',*,*,#7091,.T.);
#9985=ORIENTED_EDGE('',*,*,#7092,.F.);
#9986=ORIENTED_EDGE('',*,*,#7093,.F.);
#9987=ORIENTED_EDGE('',*,*,#7080,.F.);
#9988=ORIENTED_EDGE('',*,*,#7094,.T.);
#9989=ORIENTED_EDGE('',*,*,#7074,.T.);
#9990=ORIENTED_EDGE('',*,*,#7094,.F.);
#9991=ORIENTED_EDGE('',*,*,#7079,.F.);
#9992=ORIENTED_EDGE('',*,*,#7090,.T.);
#9993=ORIENTED_EDGE('',*,*,#7095,.F.);
#9994=ORIENTED_EDGE('',*,*,#7091,.F.);
#9995=ORIENTED_EDGE('',*,*,#7081,.F.);
#9996=ORIENTED_EDGE('',*,*,#7093,.T.);
#9997=ORIENTED_EDGE('',*,*,#7096,.F.);
#9998=ORIENTED_EDGE('',*,*,#7097,.F.);
#9999=ORIENTED_EDGE('',*,*,#7082,.F.);
#10000=ORIENTED_EDGE('',*,*,#7097,.T.);
#10001=ORIENTED_EDGE('',*,*,#7098,.F.);
#10002=ORIENTED_EDGE('',*,*,#7099,.F.);
#10003=ORIENTED_EDGE('',*,*,#7083,.F.);
#10004=ORIENTED_EDGE('',*,*,#7099,.T.);
#10005=ORIENTED_EDGE('',*,*,#7100,.F.);
#10006=ORIENTED_EDGE('',*,*,#7101,.F.);
#10007=ORIENTED_EDGE('',*,*,#7071,.F.);
#10008=ORIENTED_EDGE('',*,*,#7102,.T.);
#10009=ORIENTED_EDGE('',*,*,#7072,.T.);
#10010=ORIENTED_EDGE('',*,*,#7102,.F.);
#10011=ORIENTED_EDGE('',*,*,#7101,.T.);
#10012=ORIENTED_EDGE('',*,*,#7103,.F.);
#10013=ORIENTED_EDGE('',*,*,#7084,.F.);
#10014=ORIENTED_EDGE('',*,*,#7075,.F.);
#10015=ORIENTED_EDGE('',*,*,#7103,.T.);
#10016=ORIENTED_EDGE('',*,*,#7100,.T.);
#10017=ORIENTED_EDGE('',*,*,#7098,.T.);
#10018=ORIENTED_EDGE('',*,*,#7096,.T.);
#10019=ORIENTED_EDGE('',*,*,#7092,.T.);
#10020=ORIENTED_EDGE('',*,*,#7095,.T.);
#10021=ORIENTED_EDGE('',*,*,#7089,.T.);
#10022=ORIENTED_EDGE('',*,*,#7087,.T.);
#10023=ORIENTED_EDGE('',*,*,#7085,.T.);
#10024=ORIENTED_EDGE('',*,*,#7104,.F.);
#10025=ORIENTED_EDGE('',*,*,#7105,.T.);
#10026=ORIENTED_EDGE('',*,*,#7106,.F.);
#10027=ORIENTED_EDGE('',*,*,#7105,.F.);
#10028=ORIENTED_EDGE('',*,*,#7107,.F.);
#10029=ORIENTED_EDGE('',*,*,#7108,.T.);
#10030=ORIENTED_EDGE('',*,*,#7109,.F.);
#10031=ORIENTED_EDGE('',*,*,#7108,.F.);
#10032=ORIENTED_EDGE('',*,*,#7110,.T.);
#10033=ORIENTED_EDGE('',*,*,#7109,.T.);
#10034=ORIENTED_EDGE('',*,*,#7111,.F.);
#10035=ORIENTED_EDGE('',*,*,#7107,.T.);
#10036=ORIENTED_EDGE('',*,*,#7112,.T.);
#10037=ORIENTED_EDGE('',*,*,#7106,.T.);
#10038=ORIENTED_EDGE('',*,*,#7113,.F.);
#10039=ORIENTED_EDGE('',*,*,#7104,.T.);
#10040=ORIENTED_EDGE('',*,*,#7114,.T.);
#10041=ORIENTED_EDGE('',*,*,#7115,.T.);
#10042=ORIENTED_EDGE('',*,*,#7116,.T.);
#10043=ORIENTED_EDGE('',*,*,#7117,.T.);
#10044=ORIENTED_EDGE('',*,*,#7118,.T.);
#10045=ORIENTED_EDGE('',*,*,#7119,.T.);
#10046=ORIENTED_EDGE('',*,*,#7120,.T.);
#10047=ORIENTED_EDGE('',*,*,#7121,.T.);
#10048=ORIENTED_EDGE('',*,*,#7122,.T.);
#10049=ORIENTED_EDGE('',*,*,#7115,.F.);
#10050=ORIENTED_EDGE('',*,*,#7123,.T.);
#10051=ORIENTED_EDGE('',*,*,#7124,.F.);
#10052=ORIENTED_EDGE('',*,*,#7125,.F.);
#10053=ORIENTED_EDGE('',*,*,#7116,.F.);
#10054=ORIENTED_EDGE('',*,*,#7125,.T.);
#10055=ORIENTED_EDGE('',*,*,#7126,.F.);
#10056=ORIENTED_EDGE('',*,*,#7127,.F.);
#10057=ORIENTED_EDGE('',*,*,#7117,.F.);
#10058=ORIENTED_EDGE('',*,*,#7127,.T.);
#10059=ORIENTED_EDGE('',*,*,#7128,.F.);
#10060=ORIENTED_EDGE('',*,*,#7129,.F.);
#10061=ORIENTED_EDGE('',*,*,#7112,.F.);
#10062=ORIENTED_EDGE('',*,*,#7130,.T.);
#10063=ORIENTED_EDGE('',*,*,#7131,.F.);
#10064=ORIENTED_EDGE('',*,*,#7132,.F.);
#10065=ORIENTED_EDGE('',*,*,#7119,.F.);
#10066=ORIENTED_EDGE('',*,*,#7133,.T.);
#10067=ORIENTED_EDGE('',*,*,#7113,.T.);
#10068=ORIENTED_EDGE('',*,*,#7133,.F.);
#10069=ORIENTED_EDGE('',*,*,#7118,.F.);
#10070=ORIENTED_EDGE('',*,*,#7129,.T.);
#10071=ORIENTED_EDGE('',*,*,#7134,.F.);
#10072=ORIENTED_EDGE('',*,*,#7130,.F.);
#10073=ORIENTED_EDGE('',*,*,#7120,.F.);
#10074=ORIENTED_EDGE('',*,*,#7132,.T.);
#10075=ORIENTED_EDGE('',*,*,#7135,.F.);
#10076=ORIENTED_EDGE('',*,*,#7136,.F.);
#10077=ORIENTED_EDGE('',*,*,#7121,.F.);
#10078=ORIENTED_EDGE('',*,*,#7136,.T.);
#10079=ORIENTED_EDGE('',*,*,#7137,.F.);
#10080=ORIENTED_EDGE('',*,*,#7138,.F.);
#10081=ORIENTED_EDGE('',*,*,#7122,.F.);
#10082=ORIENTED_EDGE('',*,*,#7138,.T.);
#10083=ORIENTED_EDGE('',*,*,#7139,.F.);
#10084=ORIENTED_EDGE('',*,*,#7140,.F.);
#10085=ORIENTED_EDGE('',*,*,#7110,.F.);
#10086=ORIENTED_EDGE('',*,*,#7141,.T.);
#10087=ORIENTED_EDGE('',*,*,#7111,.T.);
#10088=ORIENTED_EDGE('',*,*,#7141,.F.);
#10089=ORIENTED_EDGE('',*,*,#7140,.T.);
#10090=ORIENTED_EDGE('',*,*,#7142,.F.);
#10091=ORIENTED_EDGE('',*,*,#7123,.F.);
#10092=ORIENTED_EDGE('',*,*,#7114,.F.);
#10093=ORIENTED_EDGE('',*,*,#7142,.T.);
#10094=ORIENTED_EDGE('',*,*,#7139,.T.);
#10095=ORIENTED_EDGE('',*,*,#7137,.T.);
#10096=ORIENTED_EDGE('',*,*,#7135,.T.);
#10097=ORIENTED_EDGE('',*,*,#7131,.T.);
#10098=ORIENTED_EDGE('',*,*,#7134,.T.);
#10099=ORIENTED_EDGE('',*,*,#7128,.T.);
#10100=ORIENTED_EDGE('',*,*,#7126,.T.);
#10101=ORIENTED_EDGE('',*,*,#7124,.T.);
#10102=ORIENTED_EDGE('',*,*,#7143,.F.);
#10103=ORIENTED_EDGE('',*,*,#7144,.T.);
#10104=ORIENTED_EDGE('',*,*,#7145,.F.);
#10105=ORIENTED_EDGE('',*,*,#7144,.F.);
#10106=ORIENTED_EDGE('',*,*,#7146,.F.);
#10107=ORIENTED_EDGE('',*,*,#7147,.T.);
#10108=ORIENTED_EDGE('',*,*,#7148,.F.);
#10109=ORIENTED_EDGE('',*,*,#7147,.F.);
#10110=ORIENTED_EDGE('',*,*,#7149,.T.);
#10111=ORIENTED_EDGE('',*,*,#7148,.T.);
#10112=ORIENTED_EDGE('',*,*,#7150,.F.);
#10113=ORIENTED_EDGE('',*,*,#7146,.T.);
#10114=ORIENTED_EDGE('',*,*,#7151,.T.);
#10115=ORIENTED_EDGE('',*,*,#7145,.T.);
#10116=ORIENTED_EDGE('',*,*,#7152,.F.);
#10117=ORIENTED_EDGE('',*,*,#7143,.T.);
#10118=ORIENTED_EDGE('',*,*,#7153,.T.);
#10119=ORIENTED_EDGE('',*,*,#7154,.T.);
#10120=ORIENTED_EDGE('',*,*,#7155,.T.);
#10121=ORIENTED_EDGE('',*,*,#7156,.T.);
#10122=ORIENTED_EDGE('',*,*,#7157,.T.);
#10123=ORIENTED_EDGE('',*,*,#7158,.T.);
#10124=ORIENTED_EDGE('',*,*,#7159,.T.);
#10125=ORIENTED_EDGE('',*,*,#7160,.T.);
#10126=ORIENTED_EDGE('',*,*,#7161,.T.);
#10127=ORIENTED_EDGE('',*,*,#7154,.F.);
#10128=ORIENTED_EDGE('',*,*,#7162,.T.);
#10129=ORIENTED_EDGE('',*,*,#7163,.F.);
#10130=ORIENTED_EDGE('',*,*,#7164,.F.);
#10131=ORIENTED_EDGE('',*,*,#7155,.F.);
#10132=ORIENTED_EDGE('',*,*,#7164,.T.);
#10133=ORIENTED_EDGE('',*,*,#7165,.F.);
#10134=ORIENTED_EDGE('',*,*,#7166,.F.);
#10135=ORIENTED_EDGE('',*,*,#7156,.F.);
#10136=ORIENTED_EDGE('',*,*,#7166,.T.);
#10137=ORIENTED_EDGE('',*,*,#7167,.F.);
#10138=ORIENTED_EDGE('',*,*,#7168,.F.);
#10139=ORIENTED_EDGE('',*,*,#7151,.F.);
#10140=ORIENTED_EDGE('',*,*,#7169,.T.);
#10141=ORIENTED_EDGE('',*,*,#7170,.F.);
#10142=ORIENTED_EDGE('',*,*,#7171,.F.);
#10143=ORIENTED_EDGE('',*,*,#7158,.F.);
#10144=ORIENTED_EDGE('',*,*,#7172,.T.);
#10145=ORIENTED_EDGE('',*,*,#7152,.T.);
#10146=ORIENTED_EDGE('',*,*,#7172,.F.);
#10147=ORIENTED_EDGE('',*,*,#7157,.F.);
#10148=ORIENTED_EDGE('',*,*,#7168,.T.);
#10149=ORIENTED_EDGE('',*,*,#7173,.F.);
#10150=ORIENTED_EDGE('',*,*,#7169,.F.);
#10151=ORIENTED_EDGE('',*,*,#7159,.F.);
#10152=ORIENTED_EDGE('',*,*,#7171,.T.);
#10153=ORIENTED_EDGE('',*,*,#7174,.F.);
#10154=ORIENTED_EDGE('',*,*,#7175,.F.);
#10155=ORIENTED_EDGE('',*,*,#7160,.F.);
#10156=ORIENTED_EDGE('',*,*,#7175,.T.);
#10157=ORIENTED_EDGE('',*,*,#7176,.F.);
#10158=ORIENTED_EDGE('',*,*,#7177,.F.);
#10159=ORIENTED_EDGE('',*,*,#7161,.F.);
#10160=ORIENTED_EDGE('',*,*,#7177,.T.);
#10161=ORIENTED_EDGE('',*,*,#7178,.F.);
#10162=ORIENTED_EDGE('',*,*,#7179,.F.);
#10163=ORIENTED_EDGE('',*,*,#7149,.F.);
#10164=ORIENTED_EDGE('',*,*,#7180,.T.);
#10165=ORIENTED_EDGE('',*,*,#7150,.T.);
#10166=ORIENTED_EDGE('',*,*,#7180,.F.);
#10167=ORIENTED_EDGE('',*,*,#7179,.T.);
#10168=ORIENTED_EDGE('',*,*,#7181,.F.);
#10169=ORIENTED_EDGE('',*,*,#7162,.F.);
#10170=ORIENTED_EDGE('',*,*,#7153,.F.);
#10171=ORIENTED_EDGE('',*,*,#7181,.T.);
#10172=ORIENTED_EDGE('',*,*,#7178,.T.);
#10173=ORIENTED_EDGE('',*,*,#7176,.T.);
#10174=ORIENTED_EDGE('',*,*,#7174,.T.);
#10175=ORIENTED_EDGE('',*,*,#7170,.T.);
#10176=ORIENTED_EDGE('',*,*,#7173,.T.);
#10177=ORIENTED_EDGE('',*,*,#7167,.T.);
#10178=ORIENTED_EDGE('',*,*,#7165,.T.);
#10179=ORIENTED_EDGE('',*,*,#7163,.T.);
#10180=CYLINDRICAL_SURFACE('',#11326,4.49999999999999);
#10181=CYLINDRICAL_SURFACE('',#11329,4.49999999999999);
#10182=CYLINDRICAL_SURFACE('',#11332,4.49999999999999);
#10183=CYLINDRICAL_SURFACE('',#11335,4.49999999999999);
#10184=CYLINDRICAL_SURFACE('',#11338,4.49999999999999);
#10185=CYLINDRICAL_SURFACE('',#11341,4.49999999999999);
#10186=CYLINDRICAL_SURFACE('',#11344,4.49999999999999);
#10187=CYLINDRICAL_SURFACE('',#11347,4.49999999999999);
#10188=CYLINDRICAL_SURFACE('',#11350,10.);
#10189=CYLINDRICAL_SURFACE('',#11353,10.);
#10190=CYLINDRICAL_SURFACE('',#11356,10.);
#10191=CYLINDRICAL_SURFACE('',#11359,10.);
#10192=CYLINDRICAL_SURFACE('',#11362,10.);
#10193=CYLINDRICAL_SURFACE('',#11397,9.1);
#10194=CYLINDRICAL_SURFACE('',#11400,10.);
#10195=CYLINDRICAL_SURFACE('',#11406,9.1);
#10196=CYLINDRICAL_SURFACE('',#11409,10.);
#10197=CYLINDRICAL_SURFACE('',#11415,9.1);
#10198=CYLINDRICAL_SURFACE('',#11418,10.);
#10199=CYLINDRICAL_SURFACE('',#11424,9.1);
#10200=CYLINDRICAL_SURFACE('',#11427,10.);
#10201=CYLINDRICAL_SURFACE('',#11433,9.1);
#10202=CYLINDRICAL_SURFACE('',#11436,10.);
#10203=CYLINDRICAL_SURFACE('',#11448,17.);
#10204=CYLINDRICAL_SURFACE('',#11449,9.);
#10205=CYLINDRICAL_SURFACE('',#11453,8.);
#10206=CYLINDRICAL_SURFACE('',#11465,11.5);
#10207=CYLINDRICAL_SURFACE('',#11468,26.);
#10208=CYLINDRICAL_SURFACE('',#11479,11.5);
#10209=CYLINDRICAL_SURFACE('',#11482,26.);
#10210=CYLINDRICAL_SURFACE('',#11484,7.);
#10211=CYLINDRICAL_SURFACE('',#11495,26.);
#10212=CYLINDRICAL_SURFACE('',#11498,11.5);
#10213=CYLINDRICAL_SURFACE('',#11509,26.);
#10214=CYLINDRICAL_SURFACE('',#11512,11.5);
#10215=CYLINDRICAL_SURFACE('',#11523,26.);
#10216=CYLINDRICAL_SURFACE('',#11526,11.5);
#10217=CYLINDRICAL_SURFACE('',#11537,26.);
#10218=CYLINDRICAL_SURFACE('',#11540,11.5);
#10219=CYLINDRICAL_SURFACE('',#11541,7.);
#10220=CYLINDRICAL_SURFACE('',#11551,11.5);
#10221=CYLINDRICAL_SURFACE('',#11554,26.);
#10222=CYLINDRICAL_SURFACE('',#11565,11.5);
#10223=CYLINDRICAL_SURFACE('',#11568,26.);
#10224=CYLINDRICAL_SURFACE('',#11570,9.);
#10225=CYLINDRICAL_SURFACE('',#11573,7.);
#10226=CYLINDRICAL_SURFACE('',#11574,9.);
#10227=CYLINDRICAL_SURFACE('',#11575,9.);
#10228=CYLINDRICAL_SURFACE('',#11576,7.);
#10229=CYLINDRICAL_SURFACE('',#11577,9.);
#10230=CYLINDRICAL_SURFACE('',#11578,9.);
#10231=CYLINDRICAL_SURFACE('',#11580,7.);
#10232=CYLINDRICAL_SURFACE('',#11583,7.);
#10233=CYLINDRICAL_SURFACE('',#11586,7.);
#10234=CYLINDRICAL_SURFACE('',#11589,7.);
#10235=CYLINDRICAL_SURFACE('',#11592,7.);
#10236=CYLINDRICAL_SURFACE('',#11595,7.);
#10237=CYLINDRICAL_SURFACE('',#11598,7.);
#10238=CYLINDRICAL_SURFACE('',#11601,7.);
#10239=CYLINDRICAL_SURFACE('',#11607,39.);
#10240=CYLINDRICAL_SURFACE('',#11611,45.);
#10241=CYLINDRICAL_SURFACE('',#11615,39.);
#10242=CYLINDRICAL_SURFACE('',#11619,9.1);
#10243=CYLINDRICAL_SURFACE('',#11621,2.5);
#10244=CYLINDRICAL_SURFACE('',#11624,2.5);
#10245=CYLINDRICAL_SURFACE('',#11627,2.5);
#10246=CYLINDRICAL_SURFACE('',#11630,2.5);
#10247=CYLINDRICAL_SURFACE('',#11633,2.5);
#10248=CYLINDRICAL_SURFACE('',#11636,2.5);
#10249=CYLINDRICAL_SURFACE('',#11642,30.);
#10250=CYLINDRICAL_SURFACE('',#11646,24.);
#10251=CYLINDRICAL_SURFACE('',#11650,30.);
#10252=CYLINDRICAL_SURFACE('',#11654,24.);
#10253=CYLINDRICAL_SURFACE('',#11658,30.);
#10254=CYLINDRICAL_SURFACE('',#11662,8.1);
#10255=CYLINDRICAL_SURFACE('',#11673,4.3);
#10256=CYLINDRICAL_SURFACE('',#11685,4.3);
#10257=CYLINDRICAL_SURFACE('',#11697,4.3);
#10258=CYLINDRICAL_SURFACE('',#11709,4.3);
#10259=CYLINDRICAL_SURFACE('',#11721,4.3);
#10260=CYLINDRICAL_SURFACE('',#11733,4.3);
#10261=CYLINDRICAL_SURFACE('',#11745,4.3);
#10262=CYLINDRICAL_SURFACE('',#11757,4.3);
#10263=CYLINDRICAL_SURFACE('',#11761,8.);
#10264=CYLINDRICAL_SURFACE('',#11779,8.);
#10265=CYLINDRICAL_SURFACE('',#11782,8.);
#10266=CYLINDRICAL_SURFACE('',#11784,8.);
#10267=CYLINDRICAL_SURFACE('',#11786,4.49999999999999);
#10268=CYLINDRICAL_SURFACE('',#11789,4.49999999999999);
#10269=CYLINDRICAL_SURFACE('',#11792,4.49999999999999);
#10270=CYLINDRICAL_SURFACE('',#11795,4.49999999999999);
#10271=CYLINDRICAL_SURFACE('',#11798,4.49999999999999);
#10272=CYLINDRICAL_SURFACE('',#11801,4.49999999999999);
#10273=CYLINDRICAL_SURFACE('',#11804,4.49999999999999);
#10274=CYLINDRICAL_SURFACE('',#11808,4.49999999999999);
#10275=CYLINDRICAL_SURFACE('',#11812,4.49999999999999);
#10276=CYLINDRICAL_SURFACE('',#11816,4.49999999999999);
#10277=CYLINDRICAL_SURFACE('',#11838,22.);
#10278=CYLINDRICAL_SURFACE('',#11845,22.);
#10279=CYLINDRICAL_SURFACE('',#11852,22.);
#10280=CYLINDRICAL_SURFACE('',#11859,22.);
#10281=CYLINDRICAL_SURFACE('',#11881,24.);
#10282=CYLINDRICAL_SURFACE('',#11883,20.);
#10283=CYLINDRICAL_SURFACE('',#11886,22.);
#10284=CYLINDRICAL_SURFACE('',#11902,24.);
#10285=CYLINDRICAL_SURFACE('',#11904,20.);
#10286=CYLINDRICAL_SURFACE('',#11907,22.);
#10287=CYLINDRICAL_SURFACE('',#11923,24.);
#10288=CYLINDRICAL_SURFACE('',#11925,20.);
#10289=CYLINDRICAL_SURFACE('',#11928,22.);
#10290=CYLINDRICAL_SURFACE('',#11944,24.);
#10291=CYLINDRICAL_SURFACE('',#11946,20.);
#10292=CYLINDRICAL_SURFACE('',#11949,22.);
#10293=CYLINDRICAL_SURFACE('',#11957,15.);
#10294=CYLINDRICAL_SURFACE('',#11960,5.1);
#10295=CYLINDRICAL_SURFACE('',#11962,5.1);
#10296=CYLINDRICAL_SURFACE('',#11964,19.7);
#10297=CYLINDRICAL_SURFACE('',#11970,17.7);
#10298=CYLINDRICAL_SURFACE('',#11974,19.7);
#10299=CYLINDRICAL_SURFACE('',#11980,17.7);
#10300=CYLINDRICAL_SURFACE('',#11989,17.7);
#10301=CYLINDRICAL_SURFACE('',#11998,19.7);
#10302=CYLINDRICAL_SURFACE('',#12000,19.7);
#10303=CYLINDRICAL_SURFACE('',#12006,17.7);
#10304=CYLINDRICAL_SURFACE('',#12008,17.7);
#10305=CYLINDRICAL_SURFACE('',#12015,19.7);
#10306=CYLINDRICAL_SURFACE('',#12017,19.7);
#10307=CYLINDRICAL_SURFACE('',#12025,17.7);
#10308=CYLINDRICAL_SURFACE('',#12026,17.7);
#10309=CYLINDRICAL_SURFACE('',#12031,19.7);
#10310=CYLINDRICAL_SURFACE('',#12039,15.);
#10311=CYLINDRICAL_SURFACE('',#12042,5.1);
#10312=CYLINDRICAL_SURFACE('',#12044,5.1);
#10313=CYLINDRICAL_SURFACE('',#12046,19.7);
#10314=CYLINDRICAL_SURFACE('',#12052,17.7);
#10315=CYLINDRICAL_SURFACE('',#12056,19.7);
#10316=CYLINDRICAL_SURFACE('',#12062,17.7);
#10317=CYLINDRICAL_SURFACE('',#12071,17.7);
#10318=CYLINDRICAL_SURFACE('',#12080,19.7);
#10319=CYLINDRICAL_SURFACE('',#12082,19.7);
#10320=CYLINDRICAL_SURFACE('',#12088,17.7);
#10321=CYLINDRICAL_SURFACE('',#12090,17.7);
#10322=CYLINDRICAL_SURFACE('',#12097,19.7);
#10323=CYLINDRICAL_SURFACE('',#12099,19.7);
#10324=CYLINDRICAL_SURFACE('',#12107,17.7);
#10325=CYLINDRICAL_SURFACE('',#12108,17.7);
#10326=CYLINDRICAL_SURFACE('',#12113,19.7);
#10327=CYLINDRICAL_SURFACE('',#12121,15.);
#10328=CYLINDRICAL_SURFACE('',#12124,5.1);
#10329=CYLINDRICAL_SURFACE('',#12126,5.1);
#10330=CYLINDRICAL_SURFACE('',#12128,19.7);
#10331=CYLINDRICAL_SURFACE('',#12134,17.7);
#10332=CYLINDRICAL_SURFACE('',#12138,19.7);
#10333=CYLINDRICAL_SURFACE('',#12144,17.7);
#10334=CYLINDRICAL_SURFACE('',#12153,17.7);
#10335=CYLINDRICAL_SURFACE('',#12162,19.7);
#10336=CYLINDRICAL_SURFACE('',#12164,19.7);
#10337=CYLINDRICAL_SURFACE('',#12170,17.7);
#10338=CYLINDRICAL_SURFACE('',#12172,17.7);
#10339=CYLINDRICAL_SURFACE('',#12179,19.7);
#10340=CYLINDRICAL_SURFACE('',#12181,19.7);
#10341=CYLINDRICAL_SURFACE('',#12189,17.7);
#10342=CYLINDRICAL_SURFACE('',#12190,17.7);
#10343=CYLINDRICAL_SURFACE('',#12195,19.7);
#10344=CYLINDRICAL_SURFACE('',#12203,15.);
#10345=CYLINDRICAL_SURFACE('',#12206,5.1);
#10346=CYLINDRICAL_SURFACE('',#12208,5.1);
#10347=CYLINDRICAL_SURFACE('',#12210,19.7);
#10348=CYLINDRICAL_SURFACE('',#12216,17.7);
#10349=CYLINDRICAL_SURFACE('',#12220,19.7);
#10350=CYLINDRICAL_SURFACE('',#12226,17.7);
#10351=CYLINDRICAL_SURFACE('',#12235,17.7);
#10352=CYLINDRICAL_SURFACE('',#12244,19.7);
#10353=CYLINDRICAL_SURFACE('',#12246,19.7);
#10354=CYLINDRICAL_SURFACE('',#12252,17.7);
#10355=CYLINDRICAL_SURFACE('',#12254,17.7);
#10356=CYLINDRICAL_SURFACE('',#12261,19.7);
#10357=CYLINDRICAL_SURFACE('',#12263,19.7);
#10358=CYLINDRICAL_SURFACE('',#12271,17.7);
#10359=CYLINDRICAL_SURFACE('',#12272,17.7);
#10360=CYLINDRICAL_SURFACE('',#12277,19.7);
#10361=CYLINDRICAL_SURFACE('',#12282,3.00000000000001);
#10362=CYLINDRICAL_SURFACE('',#12285,5.);
#10363=CYLINDRICAL_SURFACE('',#12291,3.);
#10364=CYLINDRICAL_SURFACE('',#12294,5.);
#10365=CYLINDRICAL_SURFACE('',#12300,3.);
#10366=CYLINDRICAL_SURFACE('',#12303,5.);
#10367=CYLINDRICAL_SURFACE('',#12309,3.00000000000001);
#10368=CYLINDRICAL_SURFACE('',#12312,5.);
#10369=CYLINDRICAL_SURFACE('',#12318,7.05);
#10370=CYLINDRICAL_SURFACE('',#12321,5.05000000000001);
#10371=CYLINDRICAL_SURFACE('',#12339,13.);
#10372=CYLINDRICAL_SURFACE('',#12345,9.);
#10373=CYLINDRICAL_SURFACE('',#12349,7.05);
#10374=CYLINDRICAL_SURFACE('',#12352,5.05);
#10375=CYLINDRICAL_SURFACE('',#12370,13.);
#10376=CYLINDRICAL_SURFACE('',#12376,9.);
#10377=CYLINDRICAL_SURFACE('',#12380,7.05);
#10378=CYLINDRICAL_SURFACE('',#12383,5.05);
#10379=CYLINDRICAL_SURFACE('',#12401,13.);
#10380=CYLINDRICAL_SURFACE('',#12407,9.);
#10381=CYLINDRICAL_SURFACE('',#12411,7.05);
#10382=CYLINDRICAL_SURFACE('',#12414,5.05000000000001);
#10383=CYLINDRICAL_SURFACE('',#12432,13.);
#10384=CYLINDRICAL_SURFACE('',#12438,9.);
#10385=ADVANCED_FACE('',(#865),#10180,.F.);
#10386=ADVANCED_FACE('',(#866),#10181,.F.);
#10387=ADVANCED_FACE('',(#867),#10182,.F.);
#10388=ADVANCED_FACE('',(#868),#10183,.F.);
#10389=ADVANCED_FACE('',(#869),#10184,.F.);
#10390=ADVANCED_FACE('',(#870),#10185,.F.);
#10391=ADVANCED_FACE('',(#871),#10186,.F.);
#10392=ADVANCED_FACE('',(#872),#10187,.F.);
#10393=ADVANCED_FACE('',(#873),#10188,.F.);
#10394=ADVANCED_FACE('',(#874),#10189,.F.);
#10395=ADVANCED_FACE('',(#875),#10190,.F.);
#10396=ADVANCED_FACE('',(#876),#10191,.F.);
#10397=ADVANCED_FACE('',(#877),#10192,.F.);
#10398=ADVANCED_FACE('',(#878),#471,.T.);
#10399=ADVANCED_FACE('',(#879,#289),#472,.T.);
#10400=ADVANCED_FACE('',(#880),#473,.T.);
#10401=ADVANCED_FACE('',(#881),#474,.T.);
#10402=ADVANCED_FACE('',(#882,#290),#475,.T.);
#10403=ADVANCED_FACE('',(#883),#476,.T.);
#10404=ADVANCED_FACE('',(#884,#291),#477,.T.);
#10405=ADVANCED_FACE('',(#885),#478,.T.);
#10406=ADVANCED_FACE('',(#886),#479,.T.);
#10407=ADVANCED_FACE('',(#887,#292),#480,.T.);
#10408=ADVANCED_FACE('',(#888),#481,.T.);
#10409=ADVANCED_FACE('',(#889,#293),#482,.T.);
#10410=ADVANCED_FACE('',(#890),#483,.T.);
#10411=ADVANCED_FACE('',(#891),#484,.T.);
#10412=ADVANCED_FACE('',(#892,#294),#485,.T.);
#10413=ADVANCED_FACE('',(#893),#486,.T.);
#10414=ADVANCED_FACE('',(#894,#295),#487,.T.);
#10415=ADVANCED_FACE('',(#895),#488,.T.);
#10416=ADVANCED_FACE('',(#896),#489,.T.);
#10417=ADVANCED_FACE('',(#897,#296),#490,.T.);
#10418=ADVANCED_FACE('',(#898),#491,.T.);
#10419=ADVANCED_FACE('',(#899,#297),#492,.T.);
#10420=ADVANCED_FACE('',(#900),#493,.T.);
#10421=ADVANCED_FACE('',(#901),#494,.T.);
#10422=ADVANCED_FACE('',(#902,#298),#495,.T.);
#10423=ADVANCED_FACE('',(#903),#496,.T.);
#10424=ADVANCED_FACE('',(#904),#497,.T.);
#10425=ADVANCED_FACE('',(#905),#498,.T.);
#10426=ADVANCED_FACE('',(#906),#499,.T.);
#10427=ADVANCED_FACE('',(#907,#299,#300,#301,#302,#303,#304,#305,#306,#307,
#308,#309,#310,#311),#500,.T.);
#10428=ADVANCED_FACE('',(#908,#312,#313,#314,#315,#316,#317,#318,#319),
#501,.F.);
#10429=ADVANCED_FACE('',(#909),#10193,.F.);
#10430=ADVANCED_FACE('',(#910),#10194,.T.);
#10431=ADVANCED_FACE('',(#911,#320),#502,.T.);
#10432=ADVANCED_FACE('',(#912,#321),#503,.F.);
#10433=ADVANCED_FACE('',(#913),#10195,.F.);
#10434=ADVANCED_FACE('',(#914),#10196,.T.);
#10435=ADVANCED_FACE('',(#915,#322),#504,.T.);
#10436=ADVANCED_FACE('',(#916,#323),#505,.F.);
#10437=ADVANCED_FACE('',(#917),#10197,.F.);
#10438=ADVANCED_FACE('',(#918),#10198,.T.);
#10439=ADVANCED_FACE('',(#919,#324),#506,.T.);
#10440=ADVANCED_FACE('',(#920,#325),#507,.F.);
#10441=ADVANCED_FACE('',(#921),#10199,.F.);
#10442=ADVANCED_FACE('',(#922),#10200,.T.);
#10443=ADVANCED_FACE('',(#923,#326),#508,.T.);
#10444=ADVANCED_FACE('',(#924,#327),#509,.F.);
#10445=ADVANCED_FACE('',(#925),#10201,.F.);
#10446=ADVANCED_FACE('',(#926),#10202,.T.);
#10447=ADVANCED_FACE('',(#927,#328),#510,.T.);
#10448=ADVANCED_FACE('',(#928,#329),#511,.F.);
#10449=ADVANCED_FACE('',(#929,#330),#512,.T.);
#10450=ADVANCED_FACE('',(#930,#331),#513,.F.);
#10451=ADVANCED_FACE('',(#931),#10203,.T.);
#10452=ADVANCED_FACE('',(#932),#10204,.T.);
#10453=ADVANCED_FACE('',(#933),#514,.T.);
#10454=ADVANCED_FACE('',(#934),#10205,.T.);
#10455=ADVANCED_FACE('',(#935),#515,.F.);
#10456=ADVANCED_FACE('',(#936,#332),#516,.T.);
#10457=ADVANCED_FACE('',(#937,#333),#517,.F.);
#10458=ADVANCED_FACE('',(#938),#518,.T.);
#10459=ADVANCED_FACE('',(#939),#10206,.T.);
#10460=ADVANCED_FACE('',(#940),#519,.T.);
#10461=ADVANCED_FACE('',(#941),#520,.T.);
#10462=ADVANCED_FACE('',(#942),#10207,.T.);
#10463=ADVANCED_FACE('',(#943),#521,.T.);
#10464=ADVANCED_FACE('',(#944,#334),#522,.F.);
#10465=ADVANCED_FACE('',(#945,#335),#523,.T.);
#10466=ADVANCED_FACE('',(#946),#524,.T.);
#10467=ADVANCED_FACE('',(#947),#10208,.T.);
#10468=ADVANCED_FACE('',(#948),#525,.T.);
#10469=ADVANCED_FACE('',(#949),#526,.T.);
#10470=ADVANCED_FACE('',(#950),#10209,.T.);
#10471=ADVANCED_FACE('',(#951),#527,.T.);
#10472=ADVANCED_FACE('',(#952),#10210,.T.);
#10473=ADVANCED_FACE('',(#953,#336),#528,.T.);
#10474=ADVANCED_FACE('',(#954,#337),#529,.F.);
#10475=ADVANCED_FACE('',(#955),#530,.T.);
#10476=ADVANCED_FACE('',(#956),#531,.T.);
#10477=ADVANCED_FACE('',(#957),#10211,.T.);
#10478=ADVANCED_FACE('',(#958),#532,.T.);
#10479=ADVANCED_FACE('',(#959),#533,.T.);
#10480=ADVANCED_FACE('',(#960),#10212,.T.);
#10481=ADVANCED_FACE('',(#961,#338),#534,.T.);
#10482=ADVANCED_FACE('',(#962,#339),#535,.F.);
#10483=ADVANCED_FACE('',(#963),#536,.T.);
#10484=ADVANCED_FACE('',(#964),#537,.T.);
#10485=ADVANCED_FACE('',(#965),#10213,.T.);
#10486=ADVANCED_FACE('',(#966),#538,.T.);
#10487=ADVANCED_FACE('',(#967),#539,.T.);
#10488=ADVANCED_FACE('',(#968),#10214,.T.);
#10489=ADVANCED_FACE('',(#969,#340),#540,.T.);
#10490=ADVANCED_FACE('',(#970,#341),#541,.F.);
#10491=ADVANCED_FACE('',(#971),#542,.T.);
#10492=ADVANCED_FACE('',(#972),#543,.T.);
#10493=ADVANCED_FACE('',(#973),#10215,.T.);
#10494=ADVANCED_FACE('',(#974),#544,.T.);
#10495=ADVANCED_FACE('',(#975),#545,.T.);
#10496=ADVANCED_FACE('',(#976),#10216,.T.);
#10497=ADVANCED_FACE('',(#977,#342),#546,.F.);
#10498=ADVANCED_FACE('',(#978,#343),#547,.T.);
#10499=ADVANCED_FACE('',(#979),#548,.T.);
#10500=ADVANCED_FACE('',(#980),#549,.T.);
#10501=ADVANCED_FACE('',(#981),#10217,.T.);
#10502=ADVANCED_FACE('',(#982),#550,.T.);
#10503=ADVANCED_FACE('',(#983),#551,.T.);
#10504=ADVANCED_FACE('',(#984),#10218,.T.);
#10505=ADVANCED_FACE('',(#985),#10219,.T.);
#10506=ADVANCED_FACE('',(#986,#344),#552,.T.);
#10507=ADVANCED_FACE('',(#987,#345),#553,.F.);
#10508=ADVANCED_FACE('',(#988),#554,.T.);
#10509=ADVANCED_FACE('',(#989),#10220,.T.);
#10510=ADVANCED_FACE('',(#990),#555,.T.);
#10511=ADVANCED_FACE('',(#991),#556,.T.);
#10512=ADVANCED_FACE('',(#992),#10221,.T.);
#10513=ADVANCED_FACE('',(#993),#557,.T.);
#10514=ADVANCED_FACE('',(#994,#346),#558,.T.);
#10515=ADVANCED_FACE('',(#995,#347),#559,.F.);
#10516=ADVANCED_FACE('',(#996),#560,.T.);
#10517=ADVANCED_FACE('',(#997),#10222,.T.);
#10518=ADVANCED_FACE('',(#998),#561,.T.);
#10519=ADVANCED_FACE('',(#999),#562,.T.);
#10520=ADVANCED_FACE('',(#1000),#10223,.T.);
#10521=ADVANCED_FACE('',(#1001),#563,.T.);
#10522=ADVANCED_FACE('',(#1002),#10224,.T.);
#10523=ADVANCED_FACE('',(#1003,#348),#564,.F.);
#10524=ADVANCED_FACE('',(#1004),#10225,.T.);
#10525=ADVANCED_FACE('',(#1005),#10226,.T.);
#10526=ADVANCED_FACE('',(#1006),#10227,.T.);
#10527=ADVANCED_FACE('',(#1007),#10228,.T.);
#10528=ADVANCED_FACE('',(#1008),#10229,.T.);
#10529=ADVANCED_FACE('',(#1009),#10230,.T.);
#10530=ADVANCED_FACE('',(#1010),#10231,.F.);
#10531=ADVANCED_FACE('',(#1011),#10232,.F.);
#10532=ADVANCED_FACE('',(#1012),#10233,.F.);
#10533=ADVANCED_FACE('',(#1013),#10234,.F.);
#10534=ADVANCED_FACE('',(#1014),#10235,.F.);
#10535=ADVANCED_FACE('',(#1015),#10236,.F.);
#10536=ADVANCED_FACE('',(#1016),#10237,.F.);
#10537=ADVANCED_FACE('',(#1017),#10238,.F.);
#10538=ADVANCED_FACE('',(#1018,#349,#350,#351,#352,#353,#354,#355,#356,
#357),#565,.T.);
#10539=ADVANCED_FACE('',(#1019),#10239,.F.);
#10540=ADVANCED_FACE('',(#1020,#358),#566,.T.);
#10541=ADVANCED_FACE('',(#1021),#10240,.T.);
#10542=ADVANCED_FACE('',(#1022,#359),#567,.T.);
#10543=ADVANCED_FACE('',(#1023),#10241,.F.);
#10544=ADVANCED_FACE('',(#1024,#360,#361,#362,#363,#364,#365,#366,#367,
#368),#568,.T.);
#10545=ADVANCED_FACE('',(#1025),#10242,.F.);
#10546=ADVANCED_FACE('',(#1026),#10243,.F.);
#10547=ADVANCED_FACE('',(#1027),#10244,.F.);
#10548=ADVANCED_FACE('',(#1028),#10245,.F.);
#10549=ADVANCED_FACE('',(#1029),#10246,.F.);
#10550=ADVANCED_FACE('',(#1030),#10247,.F.);
#10551=ADVANCED_FACE('',(#1031),#10248,.F.);
#10552=ADVANCED_FACE('',(#1032,#369,#370,#371,#372,#373,#374,#375),#569,
 .T.);
#10553=ADVANCED_FACE('',(#1033),#10249,.T.);
#10554=ADVANCED_FACE('',(#1034),#159,.T.);
#10555=ADVANCED_FACE('',(#1035),#10250,.T.);
#10556=ADVANCED_FACE('',(#1036),#160,.T.);
#10557=ADVANCED_FACE('',(#1037),#10251,.T.);
#10558=ADVANCED_FACE('',(#1038),#161,.T.);
#10559=ADVANCED_FACE('',(#1039),#10252,.T.);
#10560=ADVANCED_FACE('',(#1040),#162,.T.);
#10561=ADVANCED_FACE('',(#1041),#10253,.T.);
#10562=ADVANCED_FACE('',(#1042,#376,#377,#378,#379,#380,#381,#382),#570,
 .T.);
#10563=ADVANCED_FACE('',(#1043),#10254,.F.);
#10564=ADVANCED_FACE('',(#1044,#383),#571,.F.);
#10565=ADVANCED_FACE('',(#1045),#572,.T.);
#10566=ADVANCED_FACE('',(#1046),#573,.T.);
#10567=ADVANCED_FACE('',(#1047),#574,.T.);
#10568=ADVANCED_FACE('',(#1048),#575,.T.);
#10569=ADVANCED_FACE('',(#1049),#576,.T.);
#10570=ADVANCED_FACE('',(#1050),#577,.T.);
#10571=ADVANCED_FACE('',(#1051),#578,.T.);
#10572=ADVANCED_FACE('',(#1052),#10255,.T.);
#10573=ADVANCED_FACE('',(#1053),#579,.F.);
#10574=ADVANCED_FACE('',(#1054,#384),#580,.F.);
#10575=ADVANCED_FACE('',(#1055),#581,.T.);
#10576=ADVANCED_FACE('',(#1056),#582,.T.);
#10577=ADVANCED_FACE('',(#1057),#583,.T.);
#10578=ADVANCED_FACE('',(#1058),#584,.T.);
#10579=ADVANCED_FACE('',(#1059),#585,.T.);
#10580=ADVANCED_FACE('',(#1060),#586,.T.);
#10581=ADVANCED_FACE('',(#1061),#587,.T.);
#10582=ADVANCED_FACE('',(#1062),#10256,.T.);
#10583=ADVANCED_FACE('',(#1063),#588,.F.);
#10584=ADVANCED_FACE('',(#1064,#385),#589,.F.);
#10585=ADVANCED_FACE('',(#1065),#590,.T.);
#10586=ADVANCED_FACE('',(#1066),#591,.T.);
#10587=ADVANCED_FACE('',(#1067),#592,.T.);
#10588=ADVANCED_FACE('',(#1068),#593,.T.);
#10589=ADVANCED_FACE('',(#1069),#594,.T.);
#10590=ADVANCED_FACE('',(#1070),#595,.T.);
#10591=ADVANCED_FACE('',(#1071),#596,.T.);
#10592=ADVANCED_FACE('',(#1072),#10257,.T.);
#10593=ADVANCED_FACE('',(#1073),#597,.F.);
#10594=ADVANCED_FACE('',(#1074,#386),#598,.F.);
#10595=ADVANCED_FACE('',(#1075),#599,.T.);
#10596=ADVANCED_FACE('',(#1076),#600,.T.);
#10597=ADVANCED_FACE('',(#1077),#601,.T.);
#10598=ADVANCED_FACE('',(#1078),#602,.T.);
#10599=ADVANCED_FACE('',(#1079),#603,.T.);
#10600=ADVANCED_FACE('',(#1080),#604,.T.);
#10601=ADVANCED_FACE('',(#1081),#605,.T.);
#10602=ADVANCED_FACE('',(#1082),#10258,.T.);
#10603=ADVANCED_FACE('',(#1083),#606,.F.);
#10604=ADVANCED_FACE('',(#1084,#387),#607,.F.);
#10605=ADVANCED_FACE('',(#1085),#608,.T.);
#10606=ADVANCED_FACE('',(#1086),#609,.T.);
#10607=ADVANCED_FACE('',(#1087),#610,.T.);
#10608=ADVANCED_FACE('',(#1088),#611,.T.);
#10609=ADVANCED_FACE('',(#1089),#612,.T.);
#10610=ADVANCED_FACE('',(#1090),#613,.T.);
#10611=ADVANCED_FACE('',(#1091),#614,.T.);
#10612=ADVANCED_FACE('',(#1092),#10259,.T.);
#10613=ADVANCED_FACE('',(#1093),#615,.F.);
#10614=ADVANCED_FACE('',(#1094,#388),#616,.F.);
#10615=ADVANCED_FACE('',(#1095),#617,.T.);
#10616=ADVANCED_FACE('',(#1096),#618,.T.);
#10617=ADVANCED_FACE('',(#1097),#619,.T.);
#10618=ADVANCED_FACE('',(#1098),#620,.T.);
#10619=ADVANCED_FACE('',(#1099),#621,.T.);
#10620=ADVANCED_FACE('',(#1100),#622,.T.);
#10621=ADVANCED_FACE('',(#1101),#623,.T.);
#10622=ADVANCED_FACE('',(#1102),#10260,.T.);
#10623=ADVANCED_FACE('',(#1103),#624,.F.);
#10624=ADVANCED_FACE('',(#1104,#389),#625,.F.);
#10625=ADVANCED_FACE('',(#1105),#626,.T.);
#10626=ADVANCED_FACE('',(#1106),#627,.T.);
#10627=ADVANCED_FACE('',(#1107),#628,.T.);
#10628=ADVANCED_FACE('',(#1108),#629,.T.);
#10629=ADVANCED_FACE('',(#1109),#630,.T.);
#10630=ADVANCED_FACE('',(#1110),#631,.T.);
#10631=ADVANCED_FACE('',(#1111),#632,.T.);
#10632=ADVANCED_FACE('',(#1112),#10261,.T.);
#10633=ADVANCED_FACE('',(#1113),#633,.F.);
#10634=ADVANCED_FACE('',(#1114,#390),#634,.F.);
#10635=ADVANCED_FACE('',(#1115),#635,.T.);
#10636=ADVANCED_FACE('',(#1116),#636,.T.);
#10637=ADVANCED_FACE('',(#1117),#637,.T.);
#10638=ADVANCED_FACE('',(#1118),#638,.T.);
#10639=ADVANCED_FACE('',(#1119),#639,.T.);
#10640=ADVANCED_FACE('',(#1120),#640,.T.);
#10641=ADVANCED_FACE('',(#1121),#641,.T.);
#10642=ADVANCED_FACE('',(#1122),#10262,.T.);
#10643=ADVANCED_FACE('',(#1123),#642,.F.);
#10644=ADVANCED_FACE('',(#1124),#10263,.T.);
#10645=ADVANCED_FACE('',(#1125),#643,.T.);
#10646=ADVANCED_FACE('',(#1126,#391,#392,#393,#394,#395,#396,#397,#398,
#399,#400,#401),#644,.T.);
#10647=ADVANCED_FACE('',(#1127),#10264,.T.);
#10648=ADVANCED_FACE('',(#1128),#645,.T.);
#10649=ADVANCED_FACE('',(#1129),#10265,.T.);
#10650=ADVANCED_FACE('',(#1130),#10266,.T.);
#10651=ADVANCED_FACE('',(#1131),#10267,.F.);
#10652=ADVANCED_FACE('',(#1132),#646,.T.);
#10653=ADVANCED_FACE('',(#1133),#10268,.F.);
#10654=ADVANCED_FACE('',(#1134),#647,.T.);
#10655=ADVANCED_FACE('',(#1135),#10269,.F.);
#10656=ADVANCED_FACE('',(#1136),#648,.T.);
#10657=ADVANCED_FACE('',(#1137),#10270,.F.);
#10658=ADVANCED_FACE('',(#1138),#649,.T.);
#10659=ADVANCED_FACE('',(#1139),#10271,.F.);
#10660=ADVANCED_FACE('',(#1140),#650,.T.);
#10661=ADVANCED_FACE('',(#1141),#10272,.F.);
#10662=ADVANCED_FACE('',(#1142),#651,.T.);
#10663=ADVANCED_FACE('',(#1143),#10273,.F.);
#10664=ADVANCED_FACE('',(#1144),#652,.T.);
#10665=ADVANCED_FACE('',(#1145),#10274,.F.);
#10666=ADVANCED_FACE('',(#1146),#653,.T.);
#10667=ADVANCED_FACE('',(#1147),#10275,.F.);
#10668=ADVANCED_FACE('',(#1148),#654,.T.);
#10669=ADVANCED_FACE('',(#1149),#10276,.F.);
#10670=ADVANCED_FACE('',(#1150),#655,.T.);
#10671=ADVANCED_FACE('',(#1151),#656,.F.);
#10672=ADVANCED_FACE('',(#1152),#657,.F.);
#10673=ADVANCED_FACE('',(#1153),#658,.T.);
#10674=ADVANCED_FACE('',(#1154),#659,.F.);
#10675=ADVANCED_FACE('',(#1155),#660,.F.);
#10676=ADVANCED_FACE('',(#1156),#661,.F.);
#10677=ADVANCED_FACE('',(#1157),#662,.F.);
#10678=ADVANCED_FACE('',(#1158),#663,.F.);
#10679=ADVANCED_FACE('',(#1159),#664,.F.);
#10680=ADVANCED_FACE('',(#1160),#665,.F.);
#10681=ADVANCED_FACE('',(#1161),#666,.F.);
#10682=ADVANCED_FACE('',(#1162),#667,.F.);
#10683=ADVANCED_FACE('',(#1163),#668,.F.);
#10684=ADVANCED_FACE('',(#1164),#669,.T.);
#10685=ADVANCED_FACE('',(#1165),#10277,.F.);
#10686=ADVANCED_FACE('',(#1166),#670,.F.);
#10687=ADVANCED_FACE('',(#1167),#671,.F.);
#10688=ADVANCED_FACE('',(#1168),#672,.F.);
#10689=ADVANCED_FACE('',(#1169),#673,.F.);
#10690=ADVANCED_FACE('',(#1170),#674,.T.);
#10691=ADVANCED_FACE('',(#1171),#10278,.F.);
#10692=ADVANCED_FACE('',(#1172),#675,.F.);
#10693=ADVANCED_FACE('',(#1173),#676,.F.);
#10694=ADVANCED_FACE('',(#1174),#677,.F.);
#10695=ADVANCED_FACE('',(#1175),#678,.F.);
#10696=ADVANCED_FACE('',(#1176),#679,.T.);
#10697=ADVANCED_FACE('',(#1177),#10279,.F.);
#10698=ADVANCED_FACE('',(#1178),#680,.F.);
#10699=ADVANCED_FACE('',(#1179),#681,.F.);
#10700=ADVANCED_FACE('',(#1180),#682,.F.);
#10701=ADVANCED_FACE('',(#1181),#683,.F.);
#10702=ADVANCED_FACE('',(#1182),#684,.T.);
#10703=ADVANCED_FACE('',(#1183),#10280,.F.);
#10704=ADVANCED_FACE('',(#1184),#685,.F.);
#10705=ADVANCED_FACE('',(#1185),#686,.F.);
#10706=ADVANCED_FACE('',(#1186),#687,.F.);
#10707=ADVANCED_FACE('',(#1187),#688,.F.);
#10708=ADVANCED_FACE('',(#1188),#689,.F.);
#10709=ADVANCED_FACE('',(#1189),#690,.T.);
#10710=ADVANCED_FACE('',(#1190,#402,#403,#404,#405),#691,.T.);
#10711=ADVANCED_FACE('',(#1191,#406),#692,.F.);
#10712=ADVANCED_FACE('',(#1192),#693,.F.);
#10713=ADVANCED_FACE('',(#1193),#694,.F.);
#10714=ADVANCED_FACE('',(#1194),#695,.F.);
#10715=ADVANCED_FACE('',(#1195),#696,.T.);
#10716=ADVANCED_FACE('',(#1196,#407),#697,.F.);
#10717=ADVANCED_FACE('',(#1197),#10281,.T.);
#10718=ADVANCED_FACE('',(#1198,#408),#10282,.F.);
#10719=ADVANCED_FACE('',(#1199,#409),#10283,.T.);
#10720=ADVANCED_FACE('',(#1200,#410),#698,.T.);
#10721=ADVANCED_FACE('',(#1201,#411),#699,.F.);
#10722=ADVANCED_FACE('',(#1202),#700,.F.);
#10723=ADVANCED_FACE('',(#1203),#701,.F.);
#10724=ADVANCED_FACE('',(#1204),#702,.F.);
#10725=ADVANCED_FACE('',(#1205),#703,.T.);
#10726=ADVANCED_FACE('',(#1206,#412),#704,.F.);
#10727=ADVANCED_FACE('',(#1207),#10284,.T.);
#10728=ADVANCED_FACE('',(#1208,#413),#10285,.F.);
#10729=ADVANCED_FACE('',(#1209,#414),#10286,.T.);
#10730=ADVANCED_FACE('',(#1210,#415),#705,.T.);
#10731=ADVANCED_FACE('',(#1211,#416),#706,.F.);
#10732=ADVANCED_FACE('',(#1212),#707,.F.);
#10733=ADVANCED_FACE('',(#1213),#708,.F.);
#10734=ADVANCED_FACE('',(#1214),#709,.F.);
#10735=ADVANCED_FACE('',(#1215),#710,.T.);
#10736=ADVANCED_FACE('',(#1216,#417),#711,.F.);
#10737=ADVANCED_FACE('',(#1217),#10287,.T.);
#10738=ADVANCED_FACE('',(#1218,#418),#10288,.F.);
#10739=ADVANCED_FACE('',(#1219,#419),#10289,.T.);
#10740=ADVANCED_FACE('',(#1220,#420),#712,.T.);
#10741=ADVANCED_FACE('',(#1221,#421),#713,.F.);
#10742=ADVANCED_FACE('',(#1222),#714,.F.);
#10743=ADVANCED_FACE('',(#1223),#715,.F.);
#10744=ADVANCED_FACE('',(#1224),#716,.F.);
#10745=ADVANCED_FACE('',(#1225),#717,.T.);
#10746=ADVANCED_FACE('',(#1226,#422),#718,.F.);
#10747=ADVANCED_FACE('',(#1227),#10290,.T.);
#10748=ADVANCED_FACE('',(#1228,#423),#10291,.F.);
#10749=ADVANCED_FACE('',(#1229,#424),#10292,.T.);
#10750=ADVANCED_FACE('',(#1230,#425),#719,.T.);
#10751=ADVANCED_FACE('',(#1231,#426),#720,.F.);
#10752=ADVANCED_FACE('',(#1232),#163,.T.);
#10753=ADVANCED_FACE('',(#1233),#10293,.T.);
#10754=ADVANCED_FACE('',(#1234),#721,.T.);
#10755=ADVANCED_FACE('',(#1235),#10294,.F.);
#10756=ADVANCED_FACE('',(#1236),#10295,.F.);
#10757=ADVANCED_FACE('',(#1237),#10296,.T.);
#10758=ADVANCED_FACE('',(#1238),#722,.T.);
#10759=ADVANCED_FACE('',(#1239),#10297,.T.);
#10760=ADVANCED_FACE('',(#1240),#723,.F.);
#10761=ADVANCED_FACE('',(#1241),#10298,.T.);
#10762=ADVANCED_FACE('',(#1242),#724,.F.);
#10763=ADVANCED_FACE('',(#1243),#10299,.T.);
#10764=ADVANCED_FACE('',(#1244),#725,.T.);
#10765=ADVANCED_FACE('',(#1245,#427),#726,.F.);
#10766=ADVANCED_FACE('',(#1246),#727,.F.);
#10767=ADVANCED_FACE('',(#1247,#428),#728,.F.);
#10768=ADVANCED_FACE('',(#1248),#10300,.T.);
#10769=ADVANCED_FACE('',(#1249),#729,.T.);
#10770=ADVANCED_FACE('',(#1250),#730,.T.);
#10771=ADVANCED_FACE('',(#1251),#10301,.T.);
#10772=ADVANCED_FACE('',(#1252),#10302,.T.);
#10773=ADVANCED_FACE('',(#1253),#731,.F.);
#10774=ADVANCED_FACE('',(#1254),#732,.F.);
#10775=ADVANCED_FACE('',(#1255),#10303,.T.);
#10776=ADVANCED_FACE('',(#1256),#10304,.T.);
#10777=ADVANCED_FACE('',(#1257),#733,.T.);
#10778=ADVANCED_FACE('',(#1258),#734,.T.);
#10779=ADVANCED_FACE('',(#1259),#735,.F.);
#10780=ADVANCED_FACE('',(#1260),#10305,.T.);
#10781=ADVANCED_FACE('',(#1261),#10306,.T.);
#10782=ADVANCED_FACE('',(#1262),#736,.F.);
#10783=ADVANCED_FACE('',(#1263),#737,.F.);
#10784=ADVANCED_FACE('',(#1264),#738,.T.);
#10785=ADVANCED_FACE('',(#1265),#10307,.T.);
#10786=ADVANCED_FACE('',(#1266),#10308,.T.);
#10787=ADVANCED_FACE('',(#1267,#429),#739,.F.);
#10788=ADVANCED_FACE('',(#1268),#740,.T.);
#10789=ADVANCED_FACE('',(#1269),#10309,.T.);
#10790=ADVANCED_FACE('',(#1270,#430),#741,.T.);
#10791=ADVANCED_FACE('',(#1271),#742,.F.);
#10792=ADVANCED_FACE('',(#1272),#164,.T.);
#10793=ADVANCED_FACE('',(#1273),#10310,.T.);
#10794=ADVANCED_FACE('',(#1274),#743,.T.);
#10795=ADVANCED_FACE('',(#1275),#10311,.F.);
#10796=ADVANCED_FACE('',(#1276),#10312,.F.);
#10797=ADVANCED_FACE('',(#1277),#10313,.T.);
#10798=ADVANCED_FACE('',(#1278),#744,.T.);
#10799=ADVANCED_FACE('',(#1279),#10314,.T.);
#10800=ADVANCED_FACE('',(#1280),#745,.F.);
#10801=ADVANCED_FACE('',(#1281),#10315,.T.);
#10802=ADVANCED_FACE('',(#1282),#746,.F.);
#10803=ADVANCED_FACE('',(#1283),#10316,.T.);
#10804=ADVANCED_FACE('',(#1284),#747,.T.);
#10805=ADVANCED_FACE('',(#1285,#431),#748,.F.);
#10806=ADVANCED_FACE('',(#1286),#749,.F.);
#10807=ADVANCED_FACE('',(#1287,#432),#750,.F.);
#10808=ADVANCED_FACE('',(#1288),#10317,.T.);
#10809=ADVANCED_FACE('',(#1289),#751,.T.);
#10810=ADVANCED_FACE('',(#1290),#752,.T.);
#10811=ADVANCED_FACE('',(#1291),#10318,.T.);
#10812=ADVANCED_FACE('',(#1292),#10319,.T.);
#10813=ADVANCED_FACE('',(#1293),#753,.F.);
#10814=ADVANCED_FACE('',(#1294),#754,.F.);
#10815=ADVANCED_FACE('',(#1295),#10320,.T.);
#10816=ADVANCED_FACE('',(#1296),#10321,.T.);
#10817=ADVANCED_FACE('',(#1297),#755,.T.);
#10818=ADVANCED_FACE('',(#1298),#756,.T.);
#10819=ADVANCED_FACE('',(#1299),#757,.F.);
#10820=ADVANCED_FACE('',(#1300),#10322,.T.);
#10821=ADVANCED_FACE('',(#1301),#10323,.T.);
#10822=ADVANCED_FACE('',(#1302),#758,.F.);
#10823=ADVANCED_FACE('',(#1303),#759,.F.);
#10824=ADVANCED_FACE('',(#1304),#760,.T.);
#10825=ADVANCED_FACE('',(#1305),#10324,.T.);
#10826=ADVANCED_FACE('',(#1306),#10325,.T.);
#10827=ADVANCED_FACE('',(#1307,#433),#761,.F.);
#10828=ADVANCED_FACE('',(#1308),#762,.T.);
#10829=ADVANCED_FACE('',(#1309),#10326,.T.);
#10830=ADVANCED_FACE('',(#1310,#434),#763,.T.);
#10831=ADVANCED_FACE('',(#1311),#764,.F.);
#10832=ADVANCED_FACE('',(#1312),#165,.T.);
#10833=ADVANCED_FACE('',(#1313),#10327,.T.);
#10834=ADVANCED_FACE('',(#1314),#765,.T.);
#10835=ADVANCED_FACE('',(#1315),#10328,.F.);
#10836=ADVANCED_FACE('',(#1316),#10329,.F.);
#10837=ADVANCED_FACE('',(#1317),#10330,.T.);
#10838=ADVANCED_FACE('',(#1318),#766,.T.);
#10839=ADVANCED_FACE('',(#1319),#10331,.T.);
#10840=ADVANCED_FACE('',(#1320),#767,.F.);
#10841=ADVANCED_FACE('',(#1321),#10332,.T.);
#10842=ADVANCED_FACE('',(#1322),#768,.F.);
#10843=ADVANCED_FACE('',(#1323),#10333,.T.);
#10844=ADVANCED_FACE('',(#1324),#769,.T.);
#10845=ADVANCED_FACE('',(#1325,#435),#770,.F.);
#10846=ADVANCED_FACE('',(#1326),#771,.F.);
#10847=ADVANCED_FACE('',(#1327,#436),#772,.F.);
#10848=ADVANCED_FACE('',(#1328),#10334,.T.);
#10849=ADVANCED_FACE('',(#1329),#773,.T.);
#10850=ADVANCED_FACE('',(#1330),#774,.T.);
#10851=ADVANCED_FACE('',(#1331),#10335,.T.);
#10852=ADVANCED_FACE('',(#1332),#10336,.T.);
#10853=ADVANCED_FACE('',(#1333),#775,.F.);
#10854=ADVANCED_FACE('',(#1334),#776,.F.);
#10855=ADVANCED_FACE('',(#1335),#10337,.T.);
#10856=ADVANCED_FACE('',(#1336),#10338,.T.);
#10857=ADVANCED_FACE('',(#1337),#777,.T.);
#10858=ADVANCED_FACE('',(#1338),#778,.T.);
#10859=ADVANCED_FACE('',(#1339),#779,.F.);
#10860=ADVANCED_FACE('',(#1340),#10339,.T.);
#10861=ADVANCED_FACE('',(#1341),#10340,.T.);
#10862=ADVANCED_FACE('',(#1342),#780,.F.);
#10863=ADVANCED_FACE('',(#1343),#781,.F.);
#10864=ADVANCED_FACE('',(#1344),#782,.T.);
#10865=ADVANCED_FACE('',(#1345),#10341,.T.);
#10866=ADVANCED_FACE('',(#1346),#10342,.T.);
#10867=ADVANCED_FACE('',(#1347,#437),#783,.F.);
#10868=ADVANCED_FACE('',(#1348),#784,.T.);
#10869=ADVANCED_FACE('',(#1349),#10343,.T.);
#10870=ADVANCED_FACE('',(#1350,#438),#785,.T.);
#10871=ADVANCED_FACE('',(#1351),#786,.F.);
#10872=ADVANCED_FACE('',(#1352),#166,.T.);
#10873=ADVANCED_FACE('',(#1353),#10344,.T.);
#10874=ADVANCED_FACE('',(#1354),#787,.T.);
#10875=ADVANCED_FACE('',(#1355),#10345,.F.);
#10876=ADVANCED_FACE('',(#1356),#10346,.F.);
#10877=ADVANCED_FACE('',(#1357),#10347,.T.);
#10878=ADVANCED_FACE('',(#1358),#788,.T.);
#10879=ADVANCED_FACE('',(#1359),#10348,.T.);
#10880=ADVANCED_FACE('',(#1360),#789,.F.);
#10881=ADVANCED_FACE('',(#1361),#10349,.T.);
#10882=ADVANCED_FACE('',(#1362),#790,.F.);
#10883=ADVANCED_FACE('',(#1363),#10350,.T.);
#10884=ADVANCED_FACE('',(#1364),#791,.T.);
#10885=ADVANCED_FACE('',(#1365,#439),#792,.F.);
#10886=ADVANCED_FACE('',(#1366),#793,.F.);
#10887=ADVANCED_FACE('',(#1367,#440),#794,.F.);
#10888=ADVANCED_FACE('',(#1368),#10351,.T.);
#10889=ADVANCED_FACE('',(#1369),#795,.T.);
#10890=ADVANCED_FACE('',(#1370),#796,.T.);
#10891=ADVANCED_FACE('',(#1371),#10352,.T.);
#10892=ADVANCED_FACE('',(#1372),#10353,.T.);
#10893=ADVANCED_FACE('',(#1373),#797,.F.);
#10894=ADVANCED_FACE('',(#1374),#798,.F.);
#10895=ADVANCED_FACE('',(#1375),#10354,.T.);
#10896=ADVANCED_FACE('',(#1376),#10355,.T.);
#10897=ADVANCED_FACE('',(#1377),#799,.T.);
#10898=ADVANCED_FACE('',(#1378),#800,.T.);
#10899=ADVANCED_FACE('',(#1379),#801,.F.);
#10900=ADVANCED_FACE('',(#1380),#10356,.T.);
#10901=ADVANCED_FACE('',(#1381),#10357,.T.);
#10902=ADVANCED_FACE('',(#1382),#802,.F.);
#10903=ADVANCED_FACE('',(#1383),#803,.F.);
#10904=ADVANCED_FACE('',(#1384),#804,.T.);
#10905=ADVANCED_FACE('',(#1385),#10358,.T.);
#10906=ADVANCED_FACE('',(#1386),#10359,.T.);
#10907=ADVANCED_FACE('',(#1387,#441),#805,.F.);
#10908=ADVANCED_FACE('',(#1388),#806,.T.);
#10909=ADVANCED_FACE('',(#1389),#10360,.T.);
#10910=ADVANCED_FACE('',(#1390,#442),#807,.T.);
#10911=ADVANCED_FACE('',(#1391),#808,.F.);
#10912=ADVANCED_FACE('',(#1392),#10361,.F.);
#10913=ADVANCED_FACE('',(#1393),#10362,.T.);
#10914=ADVANCED_FACE('',(#1394,#443),#809,.T.);
#10915=ADVANCED_FACE('',(#1395,#444),#810,.F.);
#10916=ADVANCED_FACE('',(#1396),#10363,.F.);
#10917=ADVANCED_FACE('',(#1397),#10364,.T.);
#10918=ADVANCED_FACE('',(#1398,#445),#811,.T.);
#10919=ADVANCED_FACE('',(#1399,#446),#812,.F.);
#10920=ADVANCED_FACE('',(#1400),#10365,.F.);
#10921=ADVANCED_FACE('',(#1401),#10366,.T.);
#10922=ADVANCED_FACE('',(#1402,#447),#813,.T.);
#10923=ADVANCED_FACE('',(#1403,#448),#814,.F.);
#10924=ADVANCED_FACE('',(#1404),#10367,.F.);
#10925=ADVANCED_FACE('',(#1405),#10368,.T.);
#10926=ADVANCED_FACE('',(#1406,#449),#815,.T.);
#10927=ADVANCED_FACE('',(#1407,#450),#816,.F.);
#10928=ADVANCED_FACE('',(#1408),#10369,.F.);
#10929=ADVANCED_FACE('',(#1409),#10370,.F.);
#10930=ADVANCED_FACE('',(#1410,#451),#817,.T.);
#10931=ADVANCED_FACE('',(#1411,#452),#818,.F.);
#10932=ADVANCED_FACE('',(#1412,#453),#819,.T.);
#10933=ADVANCED_FACE('',(#1413,#454),#820,.F.);
#10934=ADVANCED_FACE('',(#1414),#821,.F.);
#10935=ADVANCED_FACE('',(#1415),#822,.T.);
#10936=ADVANCED_FACE('',(#1416),#823,.T.);
#10937=ADVANCED_FACE('',(#1417),#824,.T.);
#10938=ADVANCED_FACE('',(#1418),#10371,.T.);
#10939=ADVANCED_FACE('',(#1419),#825,.T.);
#10940=ADVANCED_FACE('',(#1420),#826,.T.);
#10941=ADVANCED_FACE('',(#1421),#827,.T.);
#10942=ADVANCED_FACE('',(#1422,#455),#10372,.T.);
#10943=ADVANCED_FACE('',(#1423),#828,.T.);
#10944=ADVANCED_FACE('',(#1424),#10373,.F.);
#10945=ADVANCED_FACE('',(#1425),#10374,.F.);
#10946=ADVANCED_FACE('',(#1426,#456),#829,.T.);
#10947=ADVANCED_FACE('',(#1427,#457),#830,.F.);
#10948=ADVANCED_FACE('',(#1428,#458),#831,.T.);
#10949=ADVANCED_FACE('',(#1429,#459),#832,.F.);
#10950=ADVANCED_FACE('',(#1430),#833,.F.);
#10951=ADVANCED_FACE('',(#1431),#834,.T.);
#10952=ADVANCED_FACE('',(#1432),#835,.T.);
#10953=ADVANCED_FACE('',(#1433),#836,.T.);
#10954=ADVANCED_FACE('',(#1434),#10375,.T.);
#10955=ADVANCED_FACE('',(#1435),#837,.T.);
#10956=ADVANCED_FACE('',(#1436),#838,.T.);
#10957=ADVANCED_FACE('',(#1437),#839,.T.);
#10958=ADVANCED_FACE('',(#1438,#460),#10376,.T.);
#10959=ADVANCED_FACE('',(#1439),#840,.T.);
#10960=ADVANCED_FACE('',(#1440),#10377,.F.);
#10961=ADVANCED_FACE('',(#1441),#10378,.F.);
#10962=ADVANCED_FACE('',(#1442,#461),#841,.T.);
#10963=ADVANCED_FACE('',(#1443,#462),#842,.F.);
#10964=ADVANCED_FACE('',(#1444,#463),#843,.T.);
#10965=ADVANCED_FACE('',(#1445,#464),#844,.F.);
#10966=ADVANCED_FACE('',(#1446),#845,.F.);
#10967=ADVANCED_FACE('',(#1447),#846,.T.);
#10968=ADVANCED_FACE('',(#1448),#847,.T.);
#10969=ADVANCED_FACE('',(#1449),#848,.T.);
#10970=ADVANCED_FACE('',(#1450),#10379,.T.);
#10971=ADVANCED_FACE('',(#1451),#849,.T.);
#10972=ADVANCED_FACE('',(#1452),#850,.T.);
#10973=ADVANCED_FACE('',(#1453),#851,.T.);
#10974=ADVANCED_FACE('',(#1454,#465),#10380,.T.);
#10975=ADVANCED_FACE('',(#1455),#852,.T.);
#10976=ADVANCED_FACE('',(#1456),#10381,.F.);
#10977=ADVANCED_FACE('',(#1457),#10382,.F.);
#10978=ADVANCED_FACE('',(#1458,#466),#853,.T.);
#10979=ADVANCED_FACE('',(#1459,#467),#854,.F.);
#10980=ADVANCED_FACE('',(#1460,#468),#855,.T.);
#10981=ADVANCED_FACE('',(#1461,#469),#856,.F.);
#10982=ADVANCED_FACE('',(#1462),#857,.F.);
#10983=ADVANCED_FACE('',(#1463),#858,.T.);
#10984=ADVANCED_FACE('',(#1464),#859,.T.);
#10985=ADVANCED_FACE('',(#1465),#860,.T.);
#10986=ADVANCED_FACE('',(#1466),#10383,.T.);
#10987=ADVANCED_FACE('',(#1467),#861,.T.);
#10988=ADVANCED_FACE('',(#1468),#862,.T.);
#10989=ADVANCED_FACE('',(#1469),#863,.T.);
#10990=ADVANCED_FACE('',(#1470,#470),#10384,.T.);
#10991=ADVANCED_FACE('',(#1471),#864,.T.);
#10992=CLOSED_SHELL('',(#10385,#10386,#10387,#10388,#10389,#10390,#10391,
#10392,#10393,#10394,#10395,#10396,#10397,#10398,#10399,#10400,#10401,#10402,
#10403,#10404,#10405,#10406,#10407,#10408,#10409,#10410,#10411,#10412,#10413,
#10414,#10415,#10416,#10417,#10418,#10419,#10420,#10421,#10422,#10423,#10424,
#10425,#10426,#10427,#10428));
#10993=CLOSED_SHELL('',(#10429,#10430,#10431,#10432));
#10994=CLOSED_SHELL('',(#10433,#10434,#10435,#10436));
#10995=CLOSED_SHELL('',(#10437,#10438,#10439,#10440));
#10996=CLOSED_SHELL('',(#10441,#10442,#10443,#10444));
#10997=CLOSED_SHELL('',(#10445,#10446,#10447,#10448));
#10998=CLOSED_SHELL('',(#10449,#10450,#10451,#10452,#10453,#10454,#10455,
#10456,#10457,#10458,#10459,#10460,#10461,#10462,#10463,#10464,#10465,#10466,
#10467,#10468,#10469,#10470,#10471,#10472,#10473,#10474,#10475,#10476,#10477,
#10478,#10479,#10480,#10481,#10482,#10483,#10484,#10485,#10486,#10487,#10488,
#10489,#10490,#10491,#10492,#10493,#10494,#10495,#10496,#10497,#10498,#10499,
#10500,#10501,#10502,#10503,#10504,#10505,#10506,#10507,#10508,#10509,#10510,
#10511,#10512,#10513,#10514,#10515,#10516,#10517,#10518,#10519,#10520,#10521,
#10522,#10523,#10524,#10525,#10526,#10527,#10528,#10529));
#10999=CLOSED_SHELL('',(#10530,#10531,#10532,#10533,#10534,#10535,#10536,
#10537,#10538,#10539,#10540,#10541,#10542,#10543,#10544,#10545));
#11000=CLOSED_SHELL('',(#10546,#10547,#10548,#10549,#10550,#10551,#10552,
#10553,#10554,#10555,#10556,#10557,#10558,#10559,#10560,#10561,#10562,#10563));
#11001=CLOSED_SHELL('',(#10564,#10565,#10566,#10567,#10568,#10569,#10570,
#10571,#10572,#10573));
#11002=CLOSED_SHELL('',(#10574,#10575,#10576,#10577,#10578,#10579,#10580,
#10581,#10582,#10583));
#11003=CLOSED_SHELL('',(#10584,#10585,#10586,#10587,#10588,#10589,#10590,
#10591,#10592,#10593));
#11004=CLOSED_SHELL('',(#10594,#10595,#10596,#10597,#10598,#10599,#10600,
#10601,#10602,#10603));
#11005=CLOSED_SHELL('',(#10604,#10605,#10606,#10607,#10608,#10609,#10610,
#10611,#10612,#10613));
#11006=CLOSED_SHELL('',(#10614,#10615,#10616,#10617,#10618,#10619,#10620,
#10621,#10622,#10623));
#11007=CLOSED_SHELL('',(#10624,#10625,#10626,#10627,#10628,#10629,#10630,
#10631,#10632,#10633));
#11008=CLOSED_SHELL('',(#10634,#10635,#10636,#10637,#10638,#10639,#10640,
#10641,#10642,#10643));
#11009=CLOSED_SHELL('',(#10644,#10645,#10646,#10647,#10648,#10649,#10650,
#10651,#10652,#10653,#10654,#10655,#10656,#10657,#10658,#10659,#10660,#10661,
#10662,#10663,#10664,#10665,#10666,#10667,#10668,#10669,#10670,#10671,#10672,
#10673,#10674,#10675,#10676,#10677,#10678,#10679,#10680,#10681,#10682,#10683,
#10684,#10685,#10686,#10687,#10688,#10689,#10690,#10691,#10692,#10693,#10694,
#10695,#10696,#10697,#10698,#10699,#10700,#10701,#10702,#10703,#10704,#10705,
#10706,#10707,#10708,#10709,#10710,#10711));
#11010=CLOSED_SHELL('',(#10712,#10713,#10714,#10715,#10716,#10717,#10718,
#10719,#10720,#10721));
#11011=CLOSED_SHELL('',(#10722,#10723,#10724,#10725,#10726,#10727,#10728,
#10729,#10730,#10731));
#11012=CLOSED_SHELL('',(#10732,#10733,#10734,#10735,#10736,#10737,#10738,
#10739,#10740,#10741));
#11013=CLOSED_SHELL('',(#10742,#10743,#10744,#10745,#10746,#10747,#10748,
#10749,#10750,#10751));
#11014=CLOSED_SHELL('',(#10752,#10753,#10754,#10755,#10756,#10757,#10758,
#10759,#10760,#10761,#10762,#10763,#10764,#10765,#10766,#10767,#10768,#10769,
#10770,#10771,#10772,#10773,#10774,#10775,#10776,#10777,#10778,#10779,#10780,
#10781,#10782,#10783,#10784,#10785,#10786,#10787,#10788,#10789,#10790,#10791));
#11015=CLOSED_SHELL('',(#10792,#10793,#10794,#10795,#10796,#10797,#10798,
#10799,#10800,#10801,#10802,#10803,#10804,#10805,#10806,#10807,#10808,#10809,
#10810,#10811,#10812,#10813,#10814,#10815,#10816,#10817,#10818,#10819,#10820,
#10821,#10822,#10823,#10824,#10825,#10826,#10827,#10828,#10829,#10830,#10831));
#11016=CLOSED_SHELL('',(#10832,#10833,#10834,#10835,#10836,#10837,#10838,
#10839,#10840,#10841,#10842,#10843,#10844,#10845,#10846,#10847,#10848,#10849,
#10850,#10851,#10852,#10853,#10854,#10855,#10856,#10857,#10858,#10859,#10860,
#10861,#10862,#10863,#10864,#10865,#10866,#10867,#10868,#10869,#10870,#10871));
#11017=CLOSED_SHELL('',(#10872,#10873,#10874,#10875,#10876,#10877,#10878,
#10879,#10880,#10881,#10882,#10883,#10884,#10885,#10886,#10887,#10888,#10889,
#10890,#10891,#10892,#10893,#10894,#10895,#10896,#10897,#10898,#10899,#10900,
#10901,#10902,#10903,#10904,#10905,#10906,#10907,#10908,#10909,#10910,#10911));
#11018=CLOSED_SHELL('',(#10912,#10913,#10914,#10915));
#11019=CLOSED_SHELL('',(#10916,#10917,#10918,#10919));
#11020=CLOSED_SHELL('',(#10920,#10921,#10922,#10923));
#11021=CLOSED_SHELL('',(#10924,#10925,#10926,#10927));
#11022=CLOSED_SHELL('',(#10928,#10929,#10930,#10931,#10932,#10933,#10934,
#10935,#10936,#10937,#10938,#10939,#10940,#10941,#10942,#10943));
#11023=CLOSED_SHELL('',(#10944,#10945,#10946,#10947,#10948,#10949,#10950,
#10951,#10952,#10953,#10954,#10955,#10956,#10957,#10958,#10959));
#11024=CLOSED_SHELL('',(#10960,#10961,#10962,#10963,#10964,#10965,#10966,
#10967,#10968,#10969,#10970,#10971,#10972,#10973,#10974,#10975));
#11025=CLOSED_SHELL('',(#10976,#10977,#10978,#10979,#10980,#10981,#10982,
#10983,#10984,#10985,#10986,#10987,#10988,#10989,#10990,#10991));
#11026=DERIVED_UNIT_ELEMENT(#11080,1.);
#11027=DERIVED_UNIT_ELEMENT(#19307,-3.);
#11028=DERIVED_UNIT_ELEMENT(#11080,1.);
#11029=DERIVED_UNIT_ELEMENT(#19307,-3.);
#11030=DERIVED_UNIT_ELEMENT(#11080,1.);
#11031=DERIVED_UNIT_ELEMENT(#19307,-3.);
#11032=DERIVED_UNIT_ELEMENT(#11080,1.);
#11033=DERIVED_UNIT_ELEMENT(#19307,-3.);
#11034=DERIVED_UNIT_ELEMENT(#11080,1.);
#11035=DERIVED_UNIT_ELEMENT(#19307,-3.);
#11036=DERIVED_UNIT_ELEMENT(#11080,1.);
#11037=DERIVED_UNIT_ELEMENT(#19307,-3.);
#11038=DERIVED_UNIT_ELEMENT(#11080,1.);
#11039=DERIVED_UNIT_ELEMENT(#19307,-3.);
#11040=DERIVED_UNIT_ELEMENT(#11080,1.);
#11041=DERIVED_UNIT_ELEMENT(#19307,-3.);
#11042=DERIVED_UNIT_ELEMENT(#11080,1.);
#11043=DERIVED_UNIT_ELEMENT(#19307,-3.);
#11044=DERIVED_UNIT_ELEMENT(#11080,1.);
#11045=DERIVED_UNIT_ELEMENT(#19307,-3.);
#11046=DERIVED_UNIT_ELEMENT(#11080,1.);
#11047=DERIVED_UNIT_ELEMENT(#19307,-3.);
#11048=DERIVED_UNIT_ELEMENT(#11080,1.);
#11049=DERIVED_UNIT_ELEMENT(#19307,-3.);
#11050=DERIVED_UNIT_ELEMENT(#11080,1.);
#11051=DERIVED_UNIT_ELEMENT(#19307,-3.);
#11052=DERIVED_UNIT_ELEMENT(#11080,1.);
#11053=DERIVED_UNIT_ELEMENT(#19307,-3.);
#11054=DERIVED_UNIT_ELEMENT(#11080,1.);
#11055=DERIVED_UNIT_ELEMENT(#19307,-3.);
#11056=DERIVED_UNIT_ELEMENT(#11080,1.);
#11057=DERIVED_UNIT_ELEMENT(#19307,-3.);
#11058=DERIVED_UNIT_ELEMENT(#11080,1.);
#11059=DERIVED_UNIT_ELEMENT(#19307,-3.);
#11060=DERIVED_UNIT_ELEMENT(#11080,1.);
#11061=DERIVED_UNIT_ELEMENT(#19307,-3.);
#11062=DERIVED_UNIT_ELEMENT(#11080,1.);
#11063=DERIVED_UNIT_ELEMENT(#19307,-3.);
#11064=DERIVED_UNIT_ELEMENT(#11080,1.);
#11065=DERIVED_UNIT_ELEMENT(#19307,-3.);
#11066=DERIVED_UNIT_ELEMENT(#11080,1.);
#11067=DERIVED_UNIT_ELEMENT(#19307,-3.);
#11068=DERIVED_UNIT_ELEMENT(#11080,1.);
#11069=DERIVED_UNIT_ELEMENT(#19307,-3.);
#11070=DERIVED_UNIT_ELEMENT(#11080,1.);
#11071=DERIVED_UNIT_ELEMENT(#19307,-3.);
#11072=DERIVED_UNIT_ELEMENT(#11080,1.);
#11073=DERIVED_UNIT_ELEMENT(#19307,-3.);
#11074=DERIVED_UNIT_ELEMENT(#11080,1.);
#11075=DERIVED_UNIT_ELEMENT(#19307,-3.);
#11076=DERIVED_UNIT_ELEMENT(#11080,1.);
#11077=DERIVED_UNIT_ELEMENT(#19307,-3.);
#11078=DERIVED_UNIT_ELEMENT(#11080,1.);
#11079=DERIVED_UNIT_ELEMENT(#19307,-3.);
#11080=(
MASS_UNIT()
NAMED_UNIT(*)
SI_UNIT(.KILO.,.GRAM.)
);
#11081=DERIVED_UNIT((#11026,#11027));
#11082=DERIVED_UNIT((#11028,#11029));
#11083=DERIVED_UNIT((#11030,#11031));
#11084=DERIVED_UNIT((#11032,#11033));
#11085=DERIVED_UNIT((#11034,#11035));
#11086=DERIVED_UNIT((#11036,#11037));
#11087=DERIVED_UNIT((#11038,#11039));
#11088=DERIVED_UNIT((#11040,#11041));
#11089=DERIVED_UNIT((#11042,#11043));
#11090=DERIVED_UNIT((#11044,#11045));
#11091=DERIVED_UNIT((#11046,#11047));
#11092=DERIVED_UNIT((#11048,#11049));
#11093=DERIVED_UNIT((#11050,#11051));
#11094=DERIVED_UNIT((#11052,#11053));
#11095=DERIVED_UNIT((#11054,#11055));
#11096=DERIVED_UNIT((#11056,#11057));
#11097=DERIVED_UNIT((#11058,#11059));
#11098=DERIVED_UNIT((#11060,#11061));
#11099=DERIVED_UNIT((#11062,#11063));
#11100=DERIVED_UNIT((#11064,#11065));
#11101=DERIVED_UNIT((#11066,#11067));
#11102=DERIVED_UNIT((#11068,#11069));
#11103=DERIVED_UNIT((#11070,#11071));
#11104=DERIVED_UNIT((#11072,#11073));
#11105=DERIVED_UNIT((#11074,#11075));
#11106=DERIVED_UNIT((#11076,#11077));
#11107=DERIVED_UNIT((#11078,#11079));
#11108=MEASURE_REPRESENTATION_ITEM('density measure',
POSITIVE_RATIO_MEASURE(7850.),#11081);
#11109=MEASURE_REPRESENTATION_ITEM('density measure',
POSITIVE_RATIO_MEASURE(7850.),#11082);
#11110=MEASURE_REPRESENTATION_ITEM('density measure',
POSITIVE_RATIO_MEASURE(7850.),#11083);
#11111=MEASURE_REPRESENTATION_ITEM('density measure',
POSITIVE_RATIO_MEASURE(7850.),#11084);
#11112=MEASURE_REPRESENTATION_ITEM('density measure',
POSITIVE_RATIO_MEASURE(7850.),#11085);
#11113=MEASURE_REPRESENTATION_ITEM('density measure',
POSITIVE_RATIO_MEASURE(7850.),#11086);
#11114=MEASURE_REPRESENTATION_ITEM('density measure',
POSITIVE_RATIO_MEASURE(7850.),#11087);
#11115=MEASURE_REPRESENTATION_ITEM('density measure',
POSITIVE_RATIO_MEASURE(7850.),#11088);
#11116=MEASURE_REPRESENTATION_ITEM('density measure',
POSITIVE_RATIO_MEASURE(7850.),#11089);
#11117=MEASURE_REPRESENTATION_ITEM('density measure',
POSITIVE_RATIO_MEASURE(7850.),#11090);
#11118=MEASURE_REPRESENTATION_ITEM('density measure',
POSITIVE_RATIO_MEASURE(7850.),#11091);
#11119=MEASURE_REPRESENTATION_ITEM('density measure',
POSITIVE_RATIO_MEASURE(7850.),#11092);
#11120=MEASURE_REPRESENTATION_ITEM('density measure',
POSITIVE_RATIO_MEASURE(7850.),#11093);
#11121=MEASURE_REPRESENTATION_ITEM('density measure',
POSITIVE_RATIO_MEASURE(7850.),#11094);
#11122=MEASURE_REPRESENTATION_ITEM('density measure',
POSITIVE_RATIO_MEASURE(7850.),#11095);
#11123=MEASURE_REPRESENTATION_ITEM('density measure',
POSITIVE_RATIO_MEASURE(7850.),#11096);
#11124=MEASURE_REPRESENTATION_ITEM('density measure',
POSITIVE_RATIO_MEASURE(7850.),#11097);
#11125=MEASURE_REPRESENTATION_ITEM('density measure',
POSITIVE_RATIO_MEASURE(7850.),#11098);
#11126=MEASURE_REPRESENTATION_ITEM('density measure',
POSITIVE_RATIO_MEASURE(7850.),#11099);
#11127=MEASURE_REPRESENTATION_ITEM('density measure',
POSITIVE_RATIO_MEASURE(7850.),#11100);
#11128=MEASURE_REPRESENTATION_ITEM('density measure',
POSITIVE_RATIO_MEASURE(7850.),#11101);
#11129=MEASURE_REPRESENTATION_ITEM('density measure',
POSITIVE_RATIO_MEASURE(7850.),#11102);
#11130=MEASURE_REPRESENTATION_ITEM('density measure',
POSITIVE_RATIO_MEASURE(7850.),#11103);
#11131=MEASURE_REPRESENTATION_ITEM('density measure',
POSITIVE_RATIO_MEASURE(7850.),#11104);
#11132=MEASURE_REPRESENTATION_ITEM('density measure',
POSITIVE_RATIO_MEASURE(7850.),#11105);
#11133=MEASURE_REPRESENTATION_ITEM('density measure',
POSITIVE_RATIO_MEASURE(7850.),#11106);
#11134=MEASURE_REPRESENTATION_ITEM('density measure',
POSITIVE_RATIO_MEASURE(7850.),#11107);
#11135=PROPERTY_DEFINITION_REPRESENTATION(#11270,#11189);
#11136=PROPERTY_DEFINITION_REPRESENTATION(#11271,#11190);
#11137=PROPERTY_DEFINITION_REPRESENTATION(#11272,#11191);
#11138=PROPERTY_DEFINITION_REPRESENTATION(#11273,#11192);
#11139=PROPERTY_DEFINITION_REPRESENTATION(#11274,#11193);
#11140=PROPERTY_DEFINITION_REPRESENTATION(#11275,#11194);
#11141=PROPERTY_DEFINITION_REPRESENTATION(#11276,#11195);
#11142=PROPERTY_DEFINITION_REPRESENTATION(#11277,#11196);
#11143=PROPERTY_DEFINITION_REPRESENTATION(#11278,#11197);
#11144=PROPERTY_DEFINITION_REPRESENTATION(#11279,#11198);
#11145=PROPERTY_DEFINITION_REPRESENTATION(#11280,#11199);
#11146=PROPERTY_DEFINITION_REPRESENTATION(#11281,#11200);
#11147=PROPERTY_DEFINITION_REPRESENTATION(#11282,#11201);
#11148=PROPERTY_DEFINITION_REPRESENTATION(#11283,#11202);
#11149=PROPERTY_DEFINITION_REPRESENTATION(#11284,#11203);
#11150=PROPERTY_DEFINITION_REPRESENTATION(#11285,#11204);
#11151=PROPERTY_DEFINITION_REPRESENTATION(#11286,#11205);
#11152=PROPERTY_DEFINITION_REPRESENTATION(#11287,#11206);
#11153=PROPERTY_DEFINITION_REPRESENTATION(#11288,#11207);
#11154=PROPERTY_DEFINITION_REPRESENTATION(#11289,#11208);
#11155=PROPERTY_DEFINITION_REPRESENTATION(#11290,#11209);
#11156=PROPERTY_DEFINITION_REPRESENTATION(#11291,#11210);
#11157=PROPERTY_DEFINITION_REPRESENTATION(#11292,#11211);
#11158=PROPERTY_DEFINITION_REPRESENTATION(#11293,#11212);
#11159=PROPERTY_DEFINITION_REPRESENTATION(#11294,#11213);
#11160=PROPERTY_DEFINITION_REPRESENTATION(#11295,#11214);
#11161=PROPERTY_DEFINITION_REPRESENTATION(#11296,#11215);
#11162=PROPERTY_DEFINITION_REPRESENTATION(#11297,#11216);
#11163=PROPERTY_DEFINITION_REPRESENTATION(#11298,#11217);
#11164=PROPERTY_DEFINITION_REPRESENTATION(#11299,#11218);
#11165=PROPERTY_DEFINITION_REPRESENTATION(#11300,#11219);
#11166=PROPERTY_DEFINITION_REPRESENTATION(#11301,#11220);
#11167=PROPERTY_DEFINITION_REPRESENTATION(#11302,#11221);
#11168=PROPERTY_DEFINITION_REPRESENTATION(#11303,#11222);
#11169=PROPERTY_DEFINITION_REPRESENTATION(#11304,#11223);
#11170=PROPERTY_DEFINITION_REPRESENTATION(#11305,#11224);
#11171=PROPERTY_DEFINITION_REPRESENTATION(#11306,#11225);
#11172=PROPERTY_DEFINITION_REPRESENTATION(#11307,#11226);
#11173=PROPERTY_DEFINITION_REPRESENTATION(#11308,#11227);
#11174=PROPERTY_DEFINITION_REPRESENTATION(#11309,#11228);
#11175=PROPERTY_DEFINITION_REPRESENTATION(#11310,#11229);
#11176=PROPERTY_DEFINITION_REPRESENTATION(#11311,#11230);
#11177=PROPERTY_DEFINITION_REPRESENTATION(#11312,#11231);
#11178=PROPERTY_DEFINITION_REPRESENTATION(#11313,#11232);
#11179=PROPERTY_DEFINITION_REPRESENTATION(#11314,#11233);
#11180=PROPERTY_DEFINITION_REPRESENTATION(#11315,#11234);
#11181=PROPERTY_DEFINITION_REPRESENTATION(#11316,#11235);
#11182=PROPERTY_DEFINITION_REPRESENTATION(#11317,#11236);
#11183=PROPERTY_DEFINITION_REPRESENTATION(#11318,#11237);
#11184=PROPERTY_DEFINITION_REPRESENTATION(#11319,#11238);
#11185=PROPERTY_DEFINITION_REPRESENTATION(#11320,#11239);
#11186=PROPERTY_DEFINITION_REPRESENTATION(#11321,#11240);
#11187=PROPERTY_DEFINITION_REPRESENTATION(#11322,#11241);
#11188=PROPERTY_DEFINITION_REPRESENTATION(#11323,#11242);
#11189=REPRESENTATION('material name',(#11243),#19278);
#11190=REPRESENTATION('density',(#11108),#19278);
#11191=REPRESENTATION('material name',(#11244),#19279);
#11192=REPRESENTATION('density',(#11109),#19279);
#11193=REPRESENTATION('material name',(#11245),#19280);
#11194=REPRESENTATION('density',(#11110),#19280);
#11195=REPRESENTATION('material name',(#11246),#19281);
#11196=REPRESENTATION('density',(#11111),#19281);
#11197=REPRESENTATION('material name',(#11247),#19282);
#11198=REPRESENTATION('density',(#11112),#19282);
#11199=REPRESENTATION('material name',(#11248),#19283);
#11200=REPRESENTATION('density',(#11113),#19283);
#11201=REPRESENTATION('material name',(#11249),#19284);
#11202=REPRESENTATION('density',(#11114),#19284);
#11203=REPRESENTATION('material name',(#11250),#19285);
#11204=REPRESENTATION('density',(#11115),#19285);
#11205=REPRESENTATION('material name',(#11251),#19286);
#11206=REPRESENTATION('density',(#11116),#19286);
#11207=REPRESENTATION('material name',(#11252),#19287);
#11208=REPRESENTATION('density',(#11117),#19287);
#11209=REPRESENTATION('material name',(#11253),#19288);
#11210=REPRESENTATION('density',(#11118),#19288);
#11211=REPRESENTATION('material name',(#11254),#19289);
#11212=REPRESENTATION('density',(#11119),#19289);
#11213=REPRESENTATION('material name',(#11255),#19290);
#11214=REPRESENTATION('density',(#11120),#19290);
#11215=REPRESENTATION('material name',(#11256),#19291);
#11216=REPRESENTATION('density',(#11121),#19291);
#11217=REPRESENTATION('material name',(#11257),#19292);
#11218=REPRESENTATION('density',(#11122),#19292);
#11219=REPRESENTATION('material name',(#11258),#19293);
#11220=REPRESENTATION('density',(#11123),#19293);
#11221=REPRESENTATION('material name',(#11259),#19294);
#11222=REPRESENTATION('density',(#11124),#19294);
#11223=REPRESENTATION('material name',(#11260),#19295);
#11224=REPRESENTATION('density',(#11125),#19295);
#11225=REPRESENTATION('material name',(#11261),#19296);
#11226=REPRESENTATION('density',(#11126),#19296);
#11227=REPRESENTATION('material name',(#11262),#19297);
#11228=REPRESENTATION('density',(#11127),#19297);
#11229=REPRESENTATION('material name',(#11263),#19298);
#11230=REPRESENTATION('density',(#11128),#19298);
#11231=REPRESENTATION('material name',(#11264),#19299);
#11232=REPRESENTATION('density',(#11129),#19299);
#11233=REPRESENTATION('material name',(#11265),#19300);
#11234=REPRESENTATION('density',(#11130),#19300);
#11235=REPRESENTATION('material name',(#11266),#19301);
#11236=REPRESENTATION('density',(#11131),#19301);
#11237=REPRESENTATION('material name',(#11267),#19302);
#11238=REPRESENTATION('density',(#11132),#19302);
#11239=REPRESENTATION('material name',(#11268),#19303);
#11240=REPRESENTATION('density',(#11133),#19303);
#11241=REPRESENTATION('material name',(#11269),#19304);
#11242=REPRESENTATION('density',(#11134),#19304);
#11243=DESCRIPTIVE_REPRESENTATION_ITEM('\X2\92FC\X0\','\X2\92FC\X0\');
#11244=DESCRIPTIVE_REPRESENTATION_ITEM('\X2\92FC\X0\','\X2\92FC\X0\');
#11245=DESCRIPTIVE_REPRESENTATION_ITEM('\X2\92FC\X0\','\X2\92FC\X0\');
#11246=DESCRIPTIVE_REPRESENTATION_ITEM('\X2\92FC\X0\','\X2\92FC\X0\');
#11247=DESCRIPTIVE_REPRESENTATION_ITEM('\X2\92FC\X0\','\X2\92FC\X0\');
#11248=DESCRIPTIVE_REPRESENTATION_ITEM('\X2\92FC\X0\','\X2\92FC\X0\');
#11249=DESCRIPTIVE_REPRESENTATION_ITEM('\X2\92FC\X0\','\X2\92FC\X0\');
#11250=DESCRIPTIVE_REPRESENTATION_ITEM('\X2\92FC\X0\','\X2\92FC\X0\');
#11251=DESCRIPTIVE_REPRESENTATION_ITEM('\X2\92FC\X0\','\X2\92FC\X0\');
#11252=DESCRIPTIVE_REPRESENTATION_ITEM('\X2\92FC\X0\','\X2\92FC\X0\');
#11253=DESCRIPTIVE_REPRESENTATION_ITEM('\X2\92FC\X0\','\X2\92FC\X0\');
#11254=DESCRIPTIVE_REPRESENTATION_ITEM('\X2\92FC\X0\','\X2\92FC\X0\');
#11255=DESCRIPTIVE_REPRESENTATION_ITEM('\X2\92FC\X0\','\X2\92FC\X0\');
#11256=DESCRIPTIVE_REPRESENTATION_ITEM('\X2\92FC\X0\','\X2\92FC\X0\');
#11257=DESCRIPTIVE_REPRESENTATION_ITEM('\X2\92FC\X0\','\X2\92FC\X0\');
#11258=DESCRIPTIVE_REPRESENTATION_ITEM('\X2\92FC\X0\','\X2\92FC\X0\');
#11259=DESCRIPTIVE_REPRESENTATION_ITEM('\X2\92FC\X0\','\X2\92FC\X0\');
#11260=DESCRIPTIVE_REPRESENTATION_ITEM('\X2\92FC\X0\','\X2\92FC\X0\');
#11261=DESCRIPTIVE_REPRESENTATION_ITEM('\X2\92FC\X0\','\X2\92FC\X0\');
#11262=DESCRIPTIVE_REPRESENTATION_ITEM('\X2\92FC\X0\','\X2\92FC\X0\');
#11263=DESCRIPTIVE_REPRESENTATION_ITEM('\X2\92FC\X0\','\X2\92FC\X0\');
#11264=DESCRIPTIVE_REPRESENTATION_ITEM('\X2\92FC\X0\','\X2\92FC\X0\');
#11265=DESCRIPTIVE_REPRESENTATION_ITEM('\X2\92FC\X0\','\X2\92FC\X0\');
#11266=DESCRIPTIVE_REPRESENTATION_ITEM('\X2\92FC\X0\','\X2\92FC\X0\');
#11267=DESCRIPTIVE_REPRESENTATION_ITEM('\X2\92FC\X0\','\X2\92FC\X0\');
#11268=DESCRIPTIVE_REPRESENTATION_ITEM('\X2\92FC\X0\','\X2\92FC\X0\');
#11269=DESCRIPTIVE_REPRESENTATION_ITEM('\X2\92FC\X0\','\X2\92FC\X0\');
#11270=PROPERTY_DEFINITION('material property','material name',#19423);
#11271=PROPERTY_DEFINITION('material property','density of part',#19423);
#11272=PROPERTY_DEFINITION('material property','material name',#19424);
#11273=PROPERTY_DEFINITION('material property','density of part',#19424);
#11274=PROPERTY_DEFINITION('material property','material name',#19425);
#11275=PROPERTY_DEFINITION('material property','density of part',#19425);
#11276=PROPERTY_DEFINITION('material property','material name',#19426);
#11277=PROPERTY_DEFINITION('material property','density of part',#19426);
#11278=PROPERTY_DEFINITION('material property','material name',#19427);
#11279=PROPERTY_DEFINITION('material property','density of part',#19427);
#11280=PROPERTY_DEFINITION('material property','material name',#19428);
#11281=PROPERTY_DEFINITION('material property','density of part',#19428);
#11282=PROPERTY_DEFINITION('material property','material name',#19429);
#11283=PROPERTY_DEFINITION('material property','density of part',#19429);
#11284=PROPERTY_DEFINITION('material property','material name',#19430);
#11285=PROPERTY_DEFINITION('material property','density of part',#19430);
#11286=PROPERTY_DEFINITION('material property','material name',#19431);
#11287=PROPERTY_DEFINITION('material property','density of part',#19431);
#11288=PROPERTY_DEFINITION('material property','material name',#19432);
#11289=PROPERTY_DEFINITION('material property','density of part',#19432);
#11290=PROPERTY_DEFINITION('material property','material name',#19433);
#11291=PROPERTY_DEFINITION('material property','density of part',#19433);
#11292=PROPERTY_DEFINITION('material property','material name',#19434);
#11293=PROPERTY_DEFINITION('material property','density of part',#19434);
#11294=PROPERTY_DEFINITION('material property','material name',#19435);
#11295=PROPERTY_DEFINITION('material property','density of part',#19435);
#11296=PROPERTY_DEFINITION('material property','material name',#19436);
#11297=PROPERTY_DEFINITION('material property','density of part',#19436);
#11298=PROPERTY_DEFINITION('material property','material name',#19437);
#11299=PROPERTY_DEFINITION('material property','density of part',#19437);
#11300=PROPERTY_DEFINITION('material property','material name',#19438);
#11301=PROPERTY_DEFINITION('material property','density of part',#19438);
#11302=PROPERTY_DEFINITION('material property','material name',#19439);
#11303=PROPERTY_DEFINITION('material property','density of part',#19439);
#11304=PROPERTY_DEFINITION('material property','material name',#19440);
#11305=PROPERTY_DEFINITION('material property','density of part',#19440);
#11306=PROPERTY_DEFINITION('material property','material name',#19441);
#11307=PROPERTY_DEFINITION('material property','density of part',#19441);
#11308=PROPERTY_DEFINITION('material property','material name',#19442);
#11309=PROPERTY_DEFINITION('material property','density of part',#19442);
#11310=PROPERTY_DEFINITION('material property','material name',#19443);
#11311=PROPERTY_DEFINITION('material property','density of part',#19443);
#11312=PROPERTY_DEFINITION('material property','material name',#19444);
#11313=PROPERTY_DEFINITION('material property','density of part',#19444);
#11314=PROPERTY_DEFINITION('material property','material name',#19445);
#11315=PROPERTY_DEFINITION('material property','density of part',#19445);
#11316=PROPERTY_DEFINITION('material property','material name',#19446);
#11317=PROPERTY_DEFINITION('material property','density of part',#19446);
#11318=PROPERTY_DEFINITION('material property','material name',#19447);
#11319=PROPERTY_DEFINITION('material property','density of part',#19447);
#11320=PROPERTY_DEFINITION('material property','material name',#19448);
#11321=PROPERTY_DEFINITION('material property','density of part',#19448);
#11322=PROPERTY_DEFINITION('material property','material name',#19449);
#11323=PROPERTY_DEFINITION('material property','density of part',#19449);
#11324=AXIS2_PLACEMENT_3D('',#15733,#12468,#12469);
#11325=AXIS2_PLACEMENT_3D('',#15734,#12470,#12471);
#11326=AXIS2_PLACEMENT_3D('',#15735,#12472,#12473);
#11327=AXIS2_PLACEMENT_3D('',#15737,#12474,#12475);
#11328=AXIS2_PLACEMENT_3D('',#15740,#12477,#12478);
#11329=AXIS2_PLACEMENT_3D('',#15741,#12479,#12480);
#11330=AXIS2_PLACEMENT_3D('',#15743,#12481,#12482);
#11331=AXIS2_PLACEMENT_3D('',#15746,#12484,#12485);
#11332=AXIS2_PLACEMENT_3D('',#15747,#12486,#12487);
#11333=AXIS2_PLACEMENT_3D('',#15749,#12488,#12489);
#11334=AXIS2_PLACEMENT_3D('',#15752,#12491,#12492);
#11335=AXIS2_PLACEMENT_3D('',#15753,#12493,#12494);
#11336=AXIS2_PLACEMENT_3D('',#15755,#12495,#12496);
#11337=AXIS2_PLACEMENT_3D('',#15758,#12498,#12499);
#11338=AXIS2_PLACEMENT_3D('',#15759,#12500,#12501);
#11339=AXIS2_PLACEMENT_3D('',#15761,#12502,#12503);
#11340=AXIS2_PLACEMENT_3D('',#15764,#12505,#12506);
#11341=AXIS2_PLACEMENT_3D('',#15765,#12507,#12508);
#11342=AXIS2_PLACEMENT_3D('',#15767,#12509,#12510);
#11343=AXIS2_PLACEMENT_3D('',#15770,#12512,#12513);
#11344=AXIS2_PLACEMENT_3D('',#15771,#12514,#12515);
#11345=AXIS2_PLACEMENT_3D('',#15773,#12516,#12517);
#11346=AXIS2_PLACEMENT_3D('',#15776,#12519,#12520);
#11347=AXIS2_PLACEMENT_3D('',#15777,#12521,#12522);
#11348=AXIS2_PLACEMENT_3D('',#15779,#12523,#12524);
#11349=AXIS2_PLACEMENT_3D('',#15782,#12526,#12527);
#11350=AXIS2_PLACEMENT_3D('',#15783,#12528,#12529);
#11351=AXIS2_PLACEMENT_3D('',#15785,#12530,#12531);
#11352=AXIS2_PLACEMENT_3D('',#15788,#12533,#12534);
#11353=AXIS2_PLACEMENT_3D('',#15789,#12535,#12536);
#11354=AXIS2_PLACEMENT_3D('',#15791,#12537,#12538);
#11355=AXIS2_PLACEMENT_3D('',#15794,#12540,#12541);
#11356=AXIS2_PLACEMENT_3D('',#15795,#12542,#12543);
#11357=AXIS2_PLACEMENT_3D('',#15797,#12544,#12545);
#11358=AXIS2_PLACEMENT_3D('',#15800,#12547,#12548);
#11359=AXIS2_PLACEMENT_3D('',#15801,#12549,#12550);
#11360=AXIS2_PLACEMENT_3D('',#15803,#12551,#12552);
#11361=AXIS2_PLACEMENT_3D('',#15806,#12554,#12555);
#11362=AXIS2_PLACEMENT_3D('',#15807,#12556,#12557);
#11363=AXIS2_PLACEMENT_3D('',#15809,#12558,#12559);
#11364=AXIS2_PLACEMENT_3D('',#15812,#12561,#12562);
#11365=AXIS2_PLACEMENT_3D('',#15813,#12563,#12564);
#11366=AXIS2_PLACEMENT_3D('',#15822,#12569,#12570);
#11367=AXIS2_PLACEMENT_3D('',#15828,#12574,#12575);
#11368=AXIS2_PLACEMENT_3D('',#15834,#12579,#12580);
#11369=AXIS2_PLACEMENT_3D('',#15836,#12582,#12583);
#11370=AXIS2_PLACEMENT_3D('',#15838,#12585,#12586);
#11371=AXIS2_PLACEMENT_3D('',#15847,#12591,#12592);
#11372=AXIS2_PLACEMENT_3D('',#15853,#12596,#12597);
#11373=AXIS2_PLACEMENT_3D('',#15859,#12601,#12602);
#11374=AXIS2_PLACEMENT_3D('',#15861,#12604,#12605);
#11375=AXIS2_PLACEMENT_3D('',#15863,#12607,#12608);
#11376=AXIS2_PLACEMENT_3D('',#15872,#12613,#12614);
#11377=AXIS2_PLACEMENT_3D('',#15878,#12618,#12619);
#11378=AXIS2_PLACEMENT_3D('',#15884,#12623,#12624);
#11379=AXIS2_PLACEMENT_3D('',#15886,#12626,#12627);
#11380=AXIS2_PLACEMENT_3D('',#15888,#12629,#12630);
#11381=AXIS2_PLACEMENT_3D('',#15897,#12635,#12636);
#11382=AXIS2_PLACEMENT_3D('',#15903,#12640,#12641);
#11383=AXIS2_PLACEMENT_3D('',#15909,#12645,#12646);
#11384=AXIS2_PLACEMENT_3D('',#15911,#12648,#12649);
#11385=AXIS2_PLACEMENT_3D('',#15913,#12651,#12652);
#11386=AXIS2_PLACEMENT_3D('',#15922,#12657,#12658);
#11387=AXIS2_PLACEMENT_3D('',#15928,#12662,#12663);
#11388=AXIS2_PLACEMENT_3D('',#15934,#12667,#12668);
#11389=AXIS2_PLACEMENT_3D('',#15936,#12670,#12671);
#11390=AXIS2_PLACEMENT_3D('',#15938,#12673,#12674);
#11391=AXIS2_PLACEMENT_3D('',#15947,#12679,#12680);
#11392=AXIS2_PLACEMENT_3D('',#15953,#12684,#12685);
#11393=AXIS2_PLACEMENT_3D('',#15959,#12689,#12690);
#11394=AXIS2_PLACEMENT_3D('',#15962,#12693,#12694);
#11395=AXIS2_PLACEMENT_3D('',#15963,#12695,#12696);
#11396=AXIS2_PLACEMENT_3D('',#15964,#12697,#12698);
#11397=AXIS2_PLACEMENT_3D('',#15965,#12699,#12700);
#11398=AXIS2_PLACEMENT_3D('',#15967,#12701,#12702);
#11399=AXIS2_PLACEMENT_3D('',#15970,#12704,#12705);
#11400=AXIS2_PLACEMENT_3D('',#15971,#12706,#12707);
#11401=AXIS2_PLACEMENT_3D('',#15973,#12708,#12709);
#11402=AXIS2_PLACEMENT_3D('',#15976,#12711,#12712);
#11403=AXIS2_PLACEMENT_3D('',#15977,#12713,#12714);
#11404=AXIS2_PLACEMENT_3D('',#15978,#12715,#12716);
#11405=AXIS2_PLACEMENT_3D('',#15979,#12717,#12718);
#11406=AXIS2_PLACEMENT_3D('',#15980,#12719,#12720);
#11407=AXIS2_PLACEMENT_3D('',#15982,#12721,#12722);
#11408=AXIS2_PLACEMENT_3D('',#15985,#12724,#12725);
#11409=AXIS2_PLACEMENT_3D('',#15986,#12726,#12727);
#11410=AXIS2_PLACEMENT_3D('',#15988,#12728,#12729);
#11411=AXIS2_PLACEMENT_3D('',#15991,#12731,#12732);
#11412=AXIS2_PLACEMENT_3D('',#15992,#12733,#12734);
#11413=AXIS2_PLACEMENT_3D('',#15993,#12735,#12736);
#11414=AXIS2_PLACEMENT_3D('',#15994,#12737,#12738);
#11415=AXIS2_PLACEMENT_3D('',#15995,#12739,#12740);
#11416=AXIS2_PLACEMENT_3D('',#15997,#12741,#12742);
#11417=AXIS2_PLACEMENT_3D('',#16000,#12744,#12745);
#11418=AXIS2_PLACEMENT_3D('',#16001,#12746,#12747);
#11419=AXIS2_PLACEMENT_3D('',#16003,#12748,#12749);
#11420=AXIS2_PLACEMENT_3D('',#16006,#12751,#12752);
#11421=AXIS2_PLACEMENT_3D('',#16007,#12753,#12754);
#11422=AXIS2_PLACEMENT_3D('',#16008,#12755,#12756);
#11423=AXIS2_PLACEMENT_3D('',#16009,#12757,#12758);
#11424=AXIS2_PLACEMENT_3D('',#16010,#12759,#12760);
#11425=AXIS2_PLACEMENT_3D('',#16012,#12761,#12762);
#11426=AXIS2_PLACEMENT_3D('',#16015,#12764,#12765);
#11427=AXIS2_PLACEMENT_3D('',#16016,#12766,#12767);
#11428=AXIS2_PLACEMENT_3D('',#16018,#12768,#12769);
#11429=AXIS2_PLACEMENT_3D('',#16021,#12771,#12772);
#11430=AXIS2_PLACEMENT_3D('',#16022,#12773,#12774);
#11431=AXIS2_PLACEMENT_3D('',#16023,#12775,#12776);
#11432=AXIS2_PLACEMENT_3D('',#16024,#12777,#12778);
#11433=AXIS2_PLACEMENT_3D('',#16025,#12779,#12780);
#11434=AXIS2_PLACEMENT_3D('',#16027,#12781,#12782);
#11435=AXIS2_PLACEMENT_3D('',#16030,#12784,#12785);
#11436=AXIS2_PLACEMENT_3D('',#16031,#12786,#12787);
#11437=AXIS2_PLACEMENT_3D('',#16033,#12788,#12789);
#11438=AXIS2_PLACEMENT_3D('',#16036,#12791,#12792);
#11439=AXIS2_PLACEMENT_3D('',#16037,#12793,#12794);
#11440=AXIS2_PLACEMENT_3D('',#16038,#12795,#12796);
#11441=AXIS2_PLACEMENT_3D('',#16039,#12797,#12798);
#11442=AXIS2_PLACEMENT_3D('',#16040,#12799,#12800);
#11443=AXIS2_PLACEMENT_3D('',#16042,#12801,#12802);
#11444=AXIS2_PLACEMENT_3D('',#16044,#12803,#12804);
#11445=AXIS2_PLACEMENT_3D('',#16045,#12805,#12806);
#11446=AXIS2_PLACEMENT_3D('',#16047,#12807,#12808);
#11447=AXIS2_PLACEMENT_3D('',#16049,#12809,#12810);
#11448=AXIS2_PLACEMENT_3D('',#16050,#12811,#12812);
#11449=AXIS2_PLACEMENT_3D('',#16052,#12814,#12815);
#11450=AXIS2_PLACEMENT_3D('',#16055,#12817,#12818);
#11451=AXIS2_PLACEMENT_3D('',#16056,#12819,#12820);
#11452=AXIS2_PLACEMENT_3D('',#16058,#12821,#12822);
#11453=AXIS2_PLACEMENT_3D('',#16059,#12823,#12824);
#11454=AXIS2_PLACEMENT_3D('',#16061,#12825,#12826);
#11455=AXIS2_PLACEMENT_3D('',#16064,#12828,#12829);
#11456=AXIS2_PLACEMENT_3D('',#16065,#12830,#12831);
#11457=AXIS2_PLACEMENT_3D('',#16066,#12832,#12833);
#11458=AXIS2_PLACEMENT_3D('',#16071,#12835,#12836);
#11459=AXIS2_PLACEMENT_3D('',#16077,#12839,#12840);
#11460=AXIS2_PLACEMENT_3D('',#16079,#12842,#12843);
#11461=AXIS2_PLACEMENT_3D('',#16086,#12846,#12847);
#11462=AXIS2_PLACEMENT_3D('',#16091,#12850,#12851);
#11463=AXIS2_PLACEMENT_3D('',#16093,#12852,#12853);
#11464=AXIS2_PLACEMENT_3D('',#16094,#12854,#12855);
#11465=AXIS2_PLACEMENT_3D('',#16097,#12858,#12859);
#11466=AXIS2_PLACEMENT_3D('',#16099,#12861,#12862);
#11467=AXIS2_PLACEMENT_3D('',#16101,#12864,#12865);
#11468=AXIS2_PLACEMENT_3D('',#16103,#12867,#12868);
#11469=AXIS2_PLACEMENT_3D('',#16105,#12870,#12871);
#11470=AXIS2_PLACEMENT_3D('',#16106,#12872,#12873);
#11471=AXIS2_PLACEMENT_3D('',#16113,#12876,#12877);
#11472=AXIS2_PLACEMENT_3D('',#16118,#12880,#12881);
#11473=AXIS2_PLACEMENT_3D('',#16120,#12882,#12883);
#11474=AXIS2_PLACEMENT_3D('',#16121,#12884,#12885);
#11475=AXIS2_PLACEMENT_3D('',#16126,#12887,#12888);
#11476=AXIS2_PLACEMENT_3D('',#16132,#12891,#12892);
#11477=AXIS2_PLACEMENT_3D('',#16135,#12894,#12895);
#11478=AXIS2_PLACEMENT_3D('',#16136,#12896,#12897);
#11479=AXIS2_PLACEMENT_3D('',#16139,#12900,#12901);
#11480=AXIS2_PLACEMENT_3D('',#16141,#12903,#12904);
#11481=AXIS2_PLACEMENT_3D('',#16143,#12906,#12907);
#11482=AXIS2_PLACEMENT_3D('',#16145,#12909,#12910);
#11483=AXIS2_PLACEMENT_3D('',#16147,#12912,#12913);
#11484=AXIS2_PLACEMENT_3D('',#16148,#12914,#12915);
#11485=AXIS2_PLACEMENT_3D('',#16150,#12917,#12918);
#11486=AXIS2_PLACEMENT_3D('',#16153,#12919,#12920);
#11487=AXIS2_PLACEMENT_3D('',#16159,#12923,#12924);
#11488=AXIS2_PLACEMENT_3D('',#16164,#12927,#12928);
#11489=AXIS2_PLACEMENT_3D('',#16165,#12929,#12930);
#11490=AXIS2_PLACEMENT_3D('',#16168,#12931,#12932);
#11491=AXIS2_PLACEMENT_3D('',#16174,#12935,#12936);
#11492=AXIS2_PLACEMENT_3D('',#16179,#12939,#12940);
#11493=AXIS2_PLACEMENT_3D('',#16180,#12941,#12942);
#11494=AXIS2_PLACEMENT_3D('',#16183,#12945,#12946);
#11495=AXIS2_PLACEMENT_3D('',#16185,#12948,#12949);
#11496=AXIS2_PLACEMENT_3D('',#16187,#12951,#12952);
#11497=AXIS2_PLACEMENT_3D('',#16189,#12954,#12955);
#11498=AXIS2_PLACEMENT_3D('',#16191,#12957,#12958);
#11499=AXIS2_PLACEMENT_3D('',#16192,#12959,#12960);
#11500=AXIS2_PLACEMENT_3D('',#16195,#12961,#12962);
#11501=AXIS2_PLACEMENT_3D('',#16201,#12965,#12966);
#11502=AXIS2_PLACEMENT_3D('',#16206,#12969,#12970);
#11503=AXIS2_PLACEMENT_3D('',#16207,#12971,#12972);
#11504=AXIS2_PLACEMENT_3D('',#16210,#12973,#12974);
#11505=AXIS2_PLACEMENT_3D('',#16216,#12977,#12978);
#11506=AXIS2_PLACEMENT_3D('',#16221,#12981,#12982);
#11507=AXIS2_PLACEMENT_3D('',#16222,#12983,#12984);
#11508=AXIS2_PLACEMENT_3D('',#16225,#12987,#12988);
#11509=AXIS2_PLACEMENT_3D('',#16227,#12990,#12991);
#11510=AXIS2_PLACEMENT_3D('',#16229,#12993,#12994);
#11511=AXIS2_PLACEMENT_3D('',#16231,#12996,#12997);
#11512=AXIS2_PLACEMENT_3D('',#16233,#12999,#13000);
#11513=AXIS2_PLACEMENT_3D('',#16234,#13001,#13002);
#11514=AXIS2_PLACEMENT_3D('',#16237,#13003,#13004);
#11515=AXIS2_PLACEMENT_3D('',#16243,#13007,#13008);
#11516=AXIS2_PLACEMENT_3D('',#16248,#13011,#13012);
#11517=AXIS2_PLACEMENT_3D('',#16249,#13013,#13014);
#11518=AXIS2_PLACEMENT_3D('',#16252,#13015,#13016);
#11519=AXIS2_PLACEMENT_3D('',#16258,#13019,#13020);
#11520=AXIS2_PLACEMENT_3D('',#16263,#13023,#13024);
#11521=AXIS2_PLACEMENT_3D('',#16264,#13025,#13026);
#11522=AXIS2_PLACEMENT_3D('',#16267,#13029,#13030);
#11523=AXIS2_PLACEMENT_3D('',#16269,#13032,#13033);
#11524=AXIS2_PLACEMENT_3D('',#16271,#13035,#13036);
#11525=AXIS2_PLACEMENT_3D('',#16273,#13038,#13039);
#11526=AXIS2_PLACEMENT_3D('',#16275,#13041,#13042);
#11527=AXIS2_PLACEMENT_3D('',#16276,#13043,#13044);
#11528=AXIS2_PLACEMENT_3D('',#16279,#13045,#13046);
#11529=AXIS2_PLACEMENT_3D('',#16285,#13049,#13050);
#11530=AXIS2_PLACEMENT_3D('',#16290,#13053,#13054);
#11531=AXIS2_PLACEMENT_3D('',#16291,#13055,#13056);
#11532=AXIS2_PLACEMENT_3D('',#16294,#13057,#13058);
#11533=AXIS2_PLACEMENT_3D('',#16300,#13061,#13062);
#11534=AXIS2_PLACEMENT_3D('',#16305,#13065,#13066);
#11535=AXIS2_PLACEMENT_3D('',#16306,#13067,#13068);
#11536=AXIS2_PLACEMENT_3D('',#16309,#13071,#13072);
#11537=AXIS2_PLACEMENT_3D('',#16311,#13074,#13075);
#11538=AXIS2_PLACEMENT_3D('',#16313,#13077,#13078);
#11539=AXIS2_PLACEMENT_3D('',#16315,#13080,#13081);
#11540=AXIS2_PLACEMENT_3D('',#16317,#13083,#13084);
#11541=AXIS2_PLACEMENT_3D('',#16318,#13085,#13086);
#11542=AXIS2_PLACEMENT_3D('',#16320,#13088,#13089);
#11543=AXIS2_PLACEMENT_3D('',#16325,#13091,#13092);
#11544=AXIS2_PLACEMENT_3D('',#16331,#13095,#13096);
#11545=AXIS2_PLACEMENT_3D('',#16334,#13098,#13099);
#11546=AXIS2_PLACEMENT_3D('',#16335,#13100,#13101);
#11547=AXIS2_PLACEMENT_3D('',#16342,#13104,#13105);
#11548=AXIS2_PLACEMENT_3D('',#16347,#13108,#13109);
#11549=AXIS2_PLACEMENT_3D('',#16349,#13110,#13111);
#11550=AXIS2_PLACEMENT_3D('',#16350,#13112,#13113);
#11551=AXIS2_PLACEMENT_3D('',#16353,#13116,#13117);
#11552=AXIS2_PLACEMENT_3D('',#16355,#13119,#13120);
#11553=AXIS2_PLACEMENT_3D('',#16357,#13122,#13123);
#11554=AXIS2_PLACEMENT_3D('',#16359,#13125,#13126);
#11555=AXIS2_PLACEMENT_3D('',#16361,#13128,#13129);
#11556=AXIS2_PLACEMENT_3D('',#16362,#13130,#13131);
#11557=AXIS2_PLACEMENT_3D('',#16367,#13133,#13134);
#11558=AXIS2_PLACEMENT_3D('',#16373,#13137,#13138);
#11559=AXIS2_PLACEMENT_3D('',#16376,#13140,#13141);
#11560=AXIS2_PLACEMENT_3D('',#16377,#13142,#13143);
#11561=AXIS2_PLACEMENT_3D('',#16384,#13146,#13147);
#11562=AXIS2_PLACEMENT_3D('',#16389,#13150,#13151);
#11563=AXIS2_PLACEMENT_3D('',#16391,#13152,#13153);
#11564=AXIS2_PLACEMENT_3D('',#16392,#13154,#13155);
#11565=AXIS2_PLACEMENT_3D('',#16395,#13158,#13159);
#11566=AXIS2_PLACEMENT_3D('',#16397,#13161,#13162);
#11567=AXIS2_PLACEMENT_3D('',#16399,#13164,#13165);
#11568=AXIS2_PLACEMENT_3D('',#16401,#13167,#13168);
#11569=AXIS2_PLACEMENT_3D('',#16403,#13170,#13171);
#11570=AXIS2_PLACEMENT_3D('',#16404,#13172,#13173);
#11571=AXIS2_PLACEMENT_3D('',#16407,#13175,#13176);
#11572=AXIS2_PLACEMENT_3D('',#16408,#13177,#13178);
#11573=AXIS2_PLACEMENT_3D('',#16409,#13179,#13180);
#11574=AXIS2_PLACEMENT_3D('',#16411,#13182,#13183);
#11575=AXIS2_PLACEMENT_3D('',#16413,#13185,#13186);
#11576=AXIS2_PLACEMENT_3D('',#16415,#13188,#13189);
#11577=AXIS2_PLACEMENT_3D('',#16417,#13191,#13192);
#11578=AXIS2_PLACEMENT_3D('',#16419,#13194,#13195);
#11579=AXIS2_PLACEMENT_3D('',#16421,#13197,#13198);
#11580=AXIS2_PLACEMENT_3D('',#16422,#13199,#13200);
#11581=AXIS2_PLACEMENT_3D('',#16424,#13201,#13202);
#11582=AXIS2_PLACEMENT_3D('',#16427,#13204,#13205);
#11583=AXIS2_PLACEMENT_3D('',#16428,#13206,#13207);
#11584=AXIS2_PLACEMENT_3D('',#16430,#13208,#13209);
#11585=AXIS2_PLACEMENT_3D('',#16433,#13211,#13212);
#11586=AXIS2_PLACEMENT_3D('',#16434,#13213,#13214);
#11587=AXIS2_PLACEMENT_3D('',#16436,#13215,#13216);
#11588=AXIS2_PLACEMENT_3D('',#16439,#13218,#13219);
#11589=AXIS2_PLACEMENT_3D('',#16440,#13220,#13221);
#11590=AXIS2_PLACEMENT_3D('',#16442,#13222,#13223);
#11591=AXIS2_PLACEMENT_3D('',#16445,#13225,#13226);
#11592=AXIS2_PLACEMENT_3D('',#16446,#13227,#13228);
#11593=AXIS2_PLACEMENT_3D('',#16448,#13229,#13230);
#11594=AXIS2_PLACEMENT_3D('',#16451,#13232,#13233);
#11595=AXIS2_PLACEMENT_3D('',#16452,#13234,#13235);
#11596=AXIS2_PLACEMENT_3D('',#16454,#13236,#13237);
#11597=AXIS2_PLACEMENT_3D('',#16457,#13239,#13240);
#11598=AXIS2_PLACEMENT_3D('',#16458,#13241,#13242);
#11599=AXIS2_PLACEMENT_3D('',#16460,#13243,#13244);
#11600=AXIS2_PLACEMENT_3D('',#16463,#13246,#13247);
#11601=AXIS2_PLACEMENT_3D('',#16464,#13248,#13249);
#11602=AXIS2_PLACEMENT_3D('',#16466,#13250,#13251);
#11603=AXIS2_PLACEMENT_3D('',#16469,#13253,#13254);
#11604=AXIS2_PLACEMENT_3D('',#16470,#13255,#13256);
#11605=AXIS2_PLACEMENT_3D('',#16472,#13257,#13258);
#11606=AXIS2_PLACEMENT_3D('',#16474,#13259,#13260);
#11607=AXIS2_PLACEMENT_3D('',#16475,#13261,#13262);
#11608=AXIS2_PLACEMENT_3D('',#16478,#13264,#13265);
#11609=AXIS2_PLACEMENT_3D('',#16479,#13266,#13267);
#11610=AXIS2_PLACEMENT_3D('',#16481,#13268,#13269);
#11611=AXIS2_PLACEMENT_3D('',#16482,#13270,#13271);
#11612=AXIS2_PLACEMENT_3D('',#16484,#13272,#13273);
#11613=AXIS2_PLACEMENT_3D('',#16486,#13275,#13276);
#11614=AXIS2_PLACEMENT_3D('',#16488,#13277,#13278);
#11615=AXIS2_PLACEMENT_3D('',#16489,#13279,#13280);
#11616=AXIS2_PLACEMENT_3D('',#16492,#13282,#13283);
#11617=AXIS2_PLACEMENT_3D('',#16493,#13284,#13285);
#11618=AXIS2_PLACEMENT_3D('',#16495,#13286,#13287);
#11619=AXIS2_PLACEMENT_3D('',#16496,#13288,#13289);
#11620=AXIS2_PLACEMENT_3D('',#16498,#13291,#13292);
#11621=AXIS2_PLACEMENT_3D('',#16499,#13293,#13294);
#11622=AXIS2_PLACEMENT_3D('',#16501,#13295,#13296);
#11623=AXIS2_PLACEMENT_3D('',#16504,#13298,#13299);
#11624=AXIS2_PLACEMENT_3D('',#16505,#13300,#13301);
#11625=AXIS2_PLACEMENT_3D('',#16507,#13302,#13303);
#11626=AXIS2_PLACEMENT_3D('',#16510,#13305,#13306);
#11627=AXIS2_PLACEMENT_3D('',#16511,#13307,#13308);
#11628=AXIS2_PLACEMENT_3D('',#16513,#13309,#13310);
#11629=AXIS2_PLACEMENT_3D('',#16516,#13312,#13313);
#11630=AXIS2_PLACEMENT_3D('',#16517,#13314,#13315);
#11631=AXIS2_PLACEMENT_3D('',#16519,#13316,#13317);
#11632=AXIS2_PLACEMENT_3D('',#16522,#13319,#13320);
#11633=AXIS2_PLACEMENT_3D('',#16523,#13321,#13322);
#11634=AXIS2_PLACEMENT_3D('',#16525,#13323,#13324);
#11635=AXIS2_PLACEMENT_3D('',#16528,#13326,#13327);
#11636=AXIS2_PLACEMENT_3D('',#16529,#13328,#13329);
#11637=AXIS2_PLACEMENT_3D('',#16531,#13330,#13331);
#11638=AXIS2_PLACEMENT_3D('',#16534,#13333,#13334);
#11639=AXIS2_PLACEMENT_3D('',#16535,#13335,#13336);
#11640=AXIS2_PLACEMENT_3D('',#16537,#13337,#13338);
#11641=AXIS2_PLACEMENT_3D('',#16539,#13339,#13340);
#11642=AXIS2_PLACEMENT_3D('',#16540,#13341,#13342);
#11643=AXIS2_PLACEMENT_3D('',#16542,#13343,#13344);
#11644=AXIS2_PLACEMENT_3D('',#16544,#13346,#13347);
#11645=AXIS2_PLACEMENT_3D('',#16546,#13348,#13349);
#11646=AXIS2_PLACEMENT_3D('',#16548,#13351,#13352);
#11647=AXIS2_PLACEMENT_3D('',#16550,#13353,#13354);
#11648=AXIS2_PLACEMENT_3D('',#16552,#13356,#13357);
#11649=AXIS2_PLACEMENT_3D('',#16554,#13358,#13359);
#11650=AXIS2_PLACEMENT_3D('',#16556,#13361,#13362);
#11651=AXIS2_PLACEMENT_3D('',#16558,#13363,#13364);
#11652=AXIS2_PLACEMENT_3D('',#16560,#13366,#13367);
#11653=AXIS2_PLACEMENT_3D('',#16562,#13368,#13369);
#11654=AXIS2_PLACEMENT_3D('',#16564,#13371,#13372);
#11655=AXIS2_PLACEMENT_3D('',#16566,#13373,#13374);
#11656=AXIS2_PLACEMENT_3D('',#16568,#13376,#13377);
#11657=AXIS2_PLACEMENT_3D('',#16570,#13378,#13379);
#11658=AXIS2_PLACEMENT_3D('',#16572,#13381,#13382);
#11659=AXIS2_PLACEMENT_3D('',#16574,#13383,#13384);
#11660=AXIS2_PLACEMENT_3D('',#16576,#13386,#13387);
#11661=AXIS2_PLACEMENT_3D('',#16578,#13388,#13389);
#11662=AXIS2_PLACEMENT_3D('',#16579,#13390,#13391);
#11663=AXIS2_PLACEMENT_3D('',#16581,#13393,#13394);
#11664=AXIS2_PLACEMENT_3D('',#16582,#13395,#13396);
#11665=AXIS2_PLACEMENT_3D('',#16596,#13403,#13404);
#11666=AXIS2_PLACEMENT_3D('',#16597,#13405,#13406);
#11667=AXIS2_PLACEMENT_3D('',#16603,#13410,#13411);
#11668=AXIS2_PLACEMENT_3D('',#16607,#13414,#13415);
#11669=AXIS2_PLACEMENT_3D('',#16611,#13418,#13419);
#11670=AXIS2_PLACEMENT_3D('',#16615,#13422,#13423);
#11671=AXIS2_PLACEMENT_3D('',#16619,#13426,#13427);
#11672=AXIS2_PLACEMENT_3D('',#16621,#13429,#13430);
#11673=AXIS2_PLACEMENT_3D('',#16622,#13431,#13432);
#11674=AXIS2_PLACEMENT_3D('',#16625,#13434,#13435);
#11675=AXIS2_PLACEMENT_3D('',#16626,#13436,#13437);
#11676=AXIS2_PLACEMENT_3D('',#16627,#13438,#13439);
#11677=AXIS2_PLACEMENT_3D('',#16641,#13446,#13447);
#11678=AXIS2_PLACEMENT_3D('',#16642,#13448,#13449);
#11679=AXIS2_PLACEMENT_3D('',#16648,#13453,#13454);
#11680=AXIS2_PLACEMENT_3D('',#16652,#13457,#13458);
#11681=AXIS2_PLACEMENT_3D('',#16656,#13461,#13462);
#11682=AXIS2_PLACEMENT_3D('',#16660,#13465,#13466);
#11683=AXIS2_PLACEMENT_3D('',#16664,#13469,#13470);
#11684=AXIS2_PLACEMENT_3D('',#16666,#13472,#13473);
#11685=AXIS2_PLACEMENT_3D('',#16667,#13474,#13475);
#11686=AXIS2_PLACEMENT_3D('',#16670,#13477,#13478);
#11687=AXIS2_PLACEMENT_3D('',#16671,#13479,#13480);
#11688=AXIS2_PLACEMENT_3D('',#16672,#13481,#13482);
#11689=AXIS2_PLACEMENT_3D('',#16686,#13489,#13490);
#11690=AXIS2_PLACEMENT_3D('',#16687,#13491,#13492);
#11691=AXIS2_PLACEMENT_3D('',#16693,#13496,#13497);
#11692=AXIS2_PLACEMENT_3D('',#16697,#13500,#13501);
#11693=AXIS2_PLACEMENT_3D('',#16701,#13504,#13505);
#11694=AXIS2_PLACEMENT_3D('',#16705,#13508,#13509);
#11695=AXIS2_PLACEMENT_3D('',#16709,#13512,#13513);
#11696=AXIS2_PLACEMENT_3D('',#16711,#13515,#13516);
#11697=AXIS2_PLACEMENT_3D('',#16712,#13517,#13518);
#11698=AXIS2_PLACEMENT_3D('',#16715,#13520,#13521);
#11699=AXIS2_PLACEMENT_3D('',#16716,#13522,#13523);
#11700=AXIS2_PLACEMENT_3D('',#16717,#13524,#13525);
#11701=AXIS2_PLACEMENT_3D('',#16731,#13532,#13533);
#11702=AXIS2_PLACEMENT_3D('',#16732,#13534,#13535);
#11703=AXIS2_PLACEMENT_3D('',#16738,#13539,#13540);
#11704=AXIS2_PLACEMENT_3D('',#16742,#13543,#13544);
#11705=AXIS2_PLACEMENT_3D('',#16746,#13547,#13548);
#11706=AXIS2_PLACEMENT_3D('',#16750,#13551,#13552);
#11707=AXIS2_PLACEMENT_3D('',#16754,#13555,#13556);
#11708=AXIS2_PLACEMENT_3D('',#16756,#13558,#13559);
#11709=AXIS2_PLACEMENT_3D('',#16757,#13560,#13561);
#11710=AXIS2_PLACEMENT_3D('',#16760,#13563,#13564);
#11711=AXIS2_PLACEMENT_3D('',#16761,#13565,#13566);
#11712=AXIS2_PLACEMENT_3D('',#16762,#13567,#13568);
#11713=AXIS2_PLACEMENT_3D('',#16776,#13575,#13576);
#11714=AXIS2_PLACEMENT_3D('',#16777,#13577,#13578);
#11715=AXIS2_PLACEMENT_3D('',#16783,#13582,#13583);
#11716=AXIS2_PLACEMENT_3D('',#16787,#13586,#13587);
#11717=AXIS2_PLACEMENT_3D('',#16791,#13590,#13591);
#11718=AXIS2_PLACEMENT_3D('',#16795,#13594,#13595);
#11719=AXIS2_PLACEMENT_3D('',#16799,#13598,#13599);
#11720=AXIS2_PLACEMENT_3D('',#16801,#13601,#13602);
#11721=AXIS2_PLACEMENT_3D('',#16802,#13603,#13604);
#11722=AXIS2_PLACEMENT_3D('',#16805,#13606,#13607);
#11723=AXIS2_PLACEMENT_3D('',#16806,#13608,#13609);
#11724=AXIS2_PLACEMENT_3D('',#16807,#13610,#13611);
#11725=AXIS2_PLACEMENT_3D('',#16821,#13618,#13619);
#11726=AXIS2_PLACEMENT_3D('',#16822,#13620,#13621);
#11727=AXIS2_PLACEMENT_3D('',#16828,#13625,#13626);
#11728=AXIS2_PLACEMENT_3D('',#16832,#13629,#13630);
#11729=AXIS2_PLACEMENT_3D('',#16836,#13633,#13634);
#11730=AXIS2_PLACEMENT_3D('',#16840,#13637,#13638);
#11731=AXIS2_PLACEMENT_3D('',#16844,#13641,#13642);
#11732=AXIS2_PLACEMENT_3D('',#16846,#13644,#13645);
#11733=AXIS2_PLACEMENT_3D('',#16847,#13646,#13647);
#11734=AXIS2_PLACEMENT_3D('',#16850,#13649,#13650);
#11735=AXIS2_PLACEMENT_3D('',#16851,#13651,#13652);
#11736=AXIS2_PLACEMENT_3D('',#16852,#13653,#13654);
#11737=AXIS2_PLACEMENT_3D('',#16866,#13661,#13662);
#11738=AXIS2_PLACEMENT_3D('',#16867,#13663,#13664);
#11739=AXIS2_PLACEMENT_3D('',#16873,#13668,#13669);
#11740=AXIS2_PLACEMENT_3D('',#16877,#13672,#13673);
#11741=AXIS2_PLACEMENT_3D('',#16881,#13676,#13677);
#11742=AXIS2_PLACEMENT_3D('',#16885,#13680,#13681);
#11743=AXIS2_PLACEMENT_3D('',#16889,#13684,#13685);
#11744=AXIS2_PLACEMENT_3D('',#16891,#13687,#13688);
#11745=AXIS2_PLACEMENT_3D('',#16892,#13689,#13690);
#11746=AXIS2_PLACEMENT_3D('',#16895,#13692,#13693);
#11747=AXIS2_PLACEMENT_3D('',#16896,#13694,#13695);
#11748=AXIS2_PLACEMENT_3D('',#16897,#13696,#13697);
#11749=AXIS2_PLACEMENT_3D('',#16911,#13704,#13705);
#11750=AXIS2_PLACEMENT_3D('',#16912,#13706,#13707);
#11751=AXIS2_PLACEMENT_3D('',#16918,#13711,#13712);
#11752=AXIS2_PLACEMENT_3D('',#16922,#13715,#13716);
#11753=AXIS2_PLACEMENT_3D('',#16926,#13719,#13720);
#11754=AXIS2_PLACEMENT_3D('',#16930,#13723,#13724);
#11755=AXIS2_PLACEMENT_3D('',#16934,#13727,#13728);
#11756=AXIS2_PLACEMENT_3D('',#16936,#13730,#13731);
#11757=AXIS2_PLACEMENT_3D('',#16937,#13732,#13733);
#11758=AXIS2_PLACEMENT_3D('',#16940,#13735,#13736);
#11759=AXIS2_PLACEMENT_3D('',#16941,#13737,#13738);
#11760=AXIS2_PLACEMENT_3D('',#16942,#13739,#13740);
#11761=AXIS2_PLACEMENT_3D('',#16943,#13741,#13742);
#11762=AXIS2_PLACEMENT_3D('',#16946,#13743,#13744);
#11763=AXIS2_PLACEMENT_3D('',#16950,#13746,#13747);
#11764=AXIS2_PLACEMENT_3D('',#16952,#13749,#13750);
#11765=AXIS2_PLACEMENT_3D('',#16958,#13754,#13755);
#11766=AXIS2_PLACEMENT_3D('',#16962,#13757,#13758);
#11767=AXIS2_PLACEMENT_3D('',#16966,#13760,#13761);
#11768=AXIS2_PLACEMENT_3D('',#16969,#13763,#13764);
#11769=AXIS2_PLACEMENT_3D('',#16971,#13765,#13766);
#11770=AXIS2_PLACEMENT_3D('',#16973,#13767,#13768);
#11771=AXIS2_PLACEMENT_3D('',#16975,#13769,#13770);
#11772=AXIS2_PLACEMENT_3D('',#16977,#13771,#13772);
#11773=AXIS2_PLACEMENT_3D('',#16979,#13773,#13774);
#11774=AXIS2_PLACEMENT_3D('',#16981,#13775,#13776);
#11775=AXIS2_PLACEMENT_3D('',#16983,#13777,#13778);
#11776=AXIS2_PLACEMENT_3D('',#16985,#13779,#13780);
#11777=AXIS2_PLACEMENT_3D('',#16995,#13785,#13786);
#11778=AXIS2_PLACEMENT_3D('',#16997,#13787,#13788);
#11779=AXIS2_PLACEMENT_3D('',#16998,#13789,#13790);
#11780=AXIS2_PLACEMENT_3D('',#17002,#13792,#13793);
#11781=AXIS2_PLACEMENT_3D('',#17004,#13795,#13796);
#11782=AXIS2_PLACEMENT_3D('',#17008,#13799,#13800);
#11783=AXIS2_PLACEMENT_3D('',#17010,#13801,#13802);
#11784=AXIS2_PLACEMENT_3D('',#17012,#13804,#13805);
#11785=AXIS2_PLACEMENT_3D('',#17015,#13807,#13808);
#11786=AXIS2_PLACEMENT_3D('',#17016,#13809,#13810);
#11787=AXIS2_PLACEMENT_3D('',#17018,#13811,#13812);
#11788=AXIS2_PLACEMENT_3D('',#17020,#13814,#13815);
#11789=AXIS2_PLACEMENT_3D('',#17021,#13816,#13817);
#11790=AXIS2_PLACEMENT_3D('',#17023,#13818,#13819);
#11791=AXIS2_PLACEMENT_3D('',#17025,#13821,#13822);
#11792=AXIS2_PLACEMENT_3D('',#17026,#13823,#13824);
#11793=AXIS2_PLACEMENT_3D('',#17028,#13825,#13826);
#11794=AXIS2_PLACEMENT_3D('',#17030,#13828,#13829);
#11795=AXIS2_PLACEMENT_3D('',#17031,#13830,#13831);
#11796=AXIS2_PLACEMENT_3D('',#17033,#13832,#13833);
#11797=AXIS2_PLACEMENT_3D('',#17035,#13835,#13836);
#11798=AXIS2_PLACEMENT_3D('',#17036,#13837,#13838);
#11799=AXIS2_PLACEMENT_3D('',#17038,#13839,#13840);
#11800=AXIS2_PLACEMENT_3D('',#17040,#13842,#13843);
#11801=AXIS2_PLACEMENT_3D('',#17041,#13844,#13845);
#11802=AXIS2_PLACEMENT_3D('',#17043,#13846,#13847);
#11803=AXIS2_PLACEMENT_3D('',#17048,#13851,#13852);
#11804=AXIS2_PLACEMENT_3D('',#17049,#13853,#13854);
#11805=AXIS2_PLACEMENT_3D('',#17052,#13855,#13856);
#11806=AXIS2_PLACEMENT_3D('',#17057,#13860,#13861);
#11807=AXIS2_PLACEMENT_3D('',#17061,#13864,#13865);
#11808=AXIS2_PLACEMENT_3D('',#17062,#13866,#13867);
#11809=AXIS2_PLACEMENT_3D('',#17065,#13868,#13869);
#11810=AXIS2_PLACEMENT_3D('',#17070,#13873,#13874);
#11811=AXIS2_PLACEMENT_3D('',#17074,#13877,#13878);
#11812=AXIS2_PLACEMENT_3D('',#17075,#13879,#13880);
#11813=AXIS2_PLACEMENT_3D('',#17078,#13881,#13882);
#11814=AXIS2_PLACEMENT_3D('',#17083,#13886,#13887);
#11815=AXIS2_PLACEMENT_3D('',#17087,#13890,#13891);
#11816=AXIS2_PLACEMENT_3D('',#17088,#13892,#13893);
#11817=AXIS2_PLACEMENT_3D('',#17091,#13894,#13895);
#11818=AXIS2_PLACEMENT_3D('',#17095,#13898,#13899);
#11819=AXIS2_PLACEMENT_3D('',#17097,#13901,#13902);
#11820=AXIS2_PLACEMENT_3D('',#17098,#13903,#13904);
#11821=AXIS2_PLACEMENT_3D('',#17120,#13916,#13917);
#11822=AXIS2_PLACEMENT_3D('',#17124,#13920,#13921);
#11823=AXIS2_PLACEMENT_3D('',#17130,#13924,#13925);
#11824=AXIS2_PLACEMENT_3D('',#17142,#13932,#13933);
#11825=AXIS2_PLACEMENT_3D('',#17151,#13938,#13939);
#11826=AXIS2_PLACEMENT_3D('',#17160,#13944,#13945);
#11827=AXIS2_PLACEMENT_3D('',#17164,#13948,#13949);
#11828=AXIS2_PLACEMENT_3D('',#17166,#13951,#13952);
#11829=AXIS2_PLACEMENT_3D('',#17167,#13953,#13954);
#11830=AXIS2_PLACEMENT_3D('',#17175,#13960,#13961);
#11831=AXIS2_PLACEMENT_3D('',#17183,#13967,#13968);
#11832=AXIS2_PLACEMENT_3D('',#17191,#13974,#13975);
#11833=AXIS2_PLACEMENT_3D('',#17199,#13981,#13982);
#11834=AXIS2_PLACEMENT_3D('',#17205,#13986,#13987);
#11835=AXIS2_PLACEMENT_3D('',#17213,#13992,#13993);
#11836=AXIS2_PLACEMENT_3D('',#17219,#13997,#13998);
#11837=AXIS2_PLACEMENT_3D('',#17227,#14003,#14004);
#11838=AXIS2_PLACEMENT_3D('',#17230,#14007,#14008);
#11839=AXIS2_PLACEMENT_3D('',#17231,#14009,#14010);
#11840=AXIS2_PLACEMENT_3D('',#17232,#14011,#14012);
#11841=AXIS2_PLACEMENT_3D('',#17238,#14016,#14017);
#11842=AXIS2_PLACEMENT_3D('',#17246,#14022,#14023);
#11843=AXIS2_PLACEMENT_3D('',#17252,#14027,#14028);
#11844=AXIS2_PLACEMENT_3D('',#17260,#14033,#14034);
#11845=AXIS2_PLACEMENT_3D('',#17263,#14037,#14038);
#11846=AXIS2_PLACEMENT_3D('',#17264,#14039,#14040);
#11847=AXIS2_PLACEMENT_3D('',#17265,#14041,#14042);
#11848=AXIS2_PLACEMENT_3D('',#17271,#14046,#14047);
#11849=AXIS2_PLACEMENT_3D('',#17279,#14052,#14053);
#11850=AXIS2_PLACEMENT_3D('',#17285,#14057,#14058);
#11851=AXIS2_PLACEMENT_3D('',#17293,#14063,#14064);
#11852=AXIS2_PLACEMENT_3D('',#17296,#14067,#14068);
#11853=AXIS2_PLACEMENT_3D('',#17297,#14069,#14070);
#11854=AXIS2_PLACEMENT_3D('',#17298,#14071,#14072);
#11855=AXIS2_PLACEMENT_3D('',#17304,#14076,#14077);
#11856=AXIS2_PLACEMENT_3D('',#17312,#14082,#14083);
#11857=AXIS2_PLACEMENT_3D('',#17318,#14087,#14088);
#11858=AXIS2_PLACEMENT_3D('',#17326,#14093,#14094);
#11859=AXIS2_PLACEMENT_3D('',#17329,#14097,#14098);
#11860=AXIS2_PLACEMENT_3D('',#17330,#14099,#14100);
#11861=AXIS2_PLACEMENT_3D('',#17331,#14101,#14102);
#11862=AXIS2_PLACEMENT_3D('',#17344,#14111,#14112);
#11863=AXIS2_PLACEMENT_3D('',#17350,#14116,#14117);
#11864=AXIS2_PLACEMENT_3D('',#17356,#14121,#14122);
#11865=AXIS2_PLACEMENT_3D('',#17359,#14125,#14126);
#11866=AXIS2_PLACEMENT_3D('',#17360,#14127,#14128);
#11867=AXIS2_PLACEMENT_3D('',#17362,#14130,#14131);
#11868=AXIS2_PLACEMENT_3D('',#17364,#14133,#14134);
#11869=AXIS2_PLACEMENT_3D('',#17365,#14135,#14136);
#11870=AXIS2_PLACEMENT_3D('',#17366,#14137,#14138);
#11871=AXIS2_PLACEMENT_3D('',#17369,#14139,#14140);
#11872=AXIS2_PLACEMENT_3D('',#17373,#14142,#14143);
#11873=AXIS2_PLACEMENT_3D('',#17375,#14145,#14146);
#11874=AXIS2_PLACEMENT_3D('',#17381,#14150,#14151);
#11875=AXIS2_PLACEMENT_3D('',#17387,#14155,#14156);
#11876=AXIS2_PLACEMENT_3D('',#17388,#14157,#14158);
#11877=AXIS2_PLACEMENT_3D('',#17389,#14159,#14160);
#11878=AXIS2_PLACEMENT_3D('',#17390,#14161,#14162);
#11879=AXIS2_PLACEMENT_3D('',#17392,#14163,#14164);
#11880=AXIS2_PLACEMENT_3D('',#17394,#14165,#14166);
#11881=AXIS2_PLACEMENT_3D('',#17395,#14167,#14168);
#11882=AXIS2_PLACEMENT_3D('',#17397,#14169,#14170);
#11883=AXIS2_PLACEMENT_3D('',#17399,#14172,#14173);
#11884=AXIS2_PLACEMENT_3D('',#17401,#14174,#14175);
#11885=AXIS2_PLACEMENT_3D('',#17404,#14177,#14178);
#11886=AXIS2_PLACEMENT_3D('',#17405,#14179,#14180);
#11887=AXIS2_PLACEMENT_3D('',#17408,#14182,#14183);
#11888=AXIS2_PLACEMENT_3D('',#17409,#14184,#14185);
#11889=AXIS2_PLACEMENT_3D('',#17410,#14186,#14187);
#11890=AXIS2_PLACEMENT_3D('',#17411,#14188,#14189);
#11891=AXIS2_PLACEMENT_3D('',#17412,#14190,#14191);
#11892=AXIS2_PLACEMENT_3D('',#17415,#14192,#14193);
#11893=AXIS2_PLACEMENT_3D('',#17419,#14195,#14196);
#11894=AXIS2_PLACEMENT_3D('',#17421,#14198,#14199);
#11895=AXIS2_PLACEMENT_3D('',#17427,#14203,#14204);
#11896=AXIS2_PLACEMENT_3D('',#17433,#14208,#14209);
#11897=AXIS2_PLACEMENT_3D('',#17434,#14210,#14211);
#11898=AXIS2_PLACEMENT_3D('',#17435,#14212,#14213);
#11899=AXIS2_PLACEMENT_3D('',#17436,#14214,#14215);
#11900=AXIS2_PLACEMENT_3D('',#17438,#14216,#14217);
#11901=AXIS2_PLACEMENT_3D('',#17440,#14218,#14219);
#11902=AXIS2_PLACEMENT_3D('',#17441,#14220,#14221);
#11903=AXIS2_PLACEMENT_3D('',#17443,#14222,#14223);
#11904=AXIS2_PLACEMENT_3D('',#17445,#14225,#14226);
#11905=AXIS2_PLACEMENT_3D('',#17447,#14227,#14228);
#11906=AXIS2_PLACEMENT_3D('',#17450,#14230,#14231);
#11907=AXIS2_PLACEMENT_3D('',#17451,#14232,#14233);
#11908=AXIS2_PLACEMENT_3D('',#17454,#14235,#14236);
#11909=AXIS2_PLACEMENT_3D('',#17455,#14237,#14238);
#11910=AXIS2_PLACEMENT_3D('',#17456,#14239,#14240);
#11911=AXIS2_PLACEMENT_3D('',#17457,#14241,#14242);
#11912=AXIS2_PLACEMENT_3D('',#17458,#14243,#14244);
#11913=AXIS2_PLACEMENT_3D('',#17461,#14245,#14246);
#11914=AXIS2_PLACEMENT_3D('',#17465,#14248,#14249);
#11915=AXIS2_PLACEMENT_3D('',#17467,#14251,#14252);
#11916=AXIS2_PLACEMENT_3D('',#17473,#14256,#14257);
#11917=AXIS2_PLACEMENT_3D('',#17479,#14261,#14262);
#11918=AXIS2_PLACEMENT_3D('',#17480,#14263,#14264);
#11919=AXIS2_PLACEMENT_3D('',#17481,#14265,#14266);
#11920=AXIS2_PLACEMENT_3D('',#17482,#14267,#14268);
#11921=AXIS2_PLACEMENT_3D('',#17484,#14269,#14270);
#11922=AXIS2_PLACEMENT_3D('',#17486,#14271,#14272);
#11923=AXIS2_PLACEMENT_3D('',#17487,#14273,#14274);
#11924=AXIS2_PLACEMENT_3D('',#17489,#14275,#14276);
#11925=AXIS2_PLACEMENT_3D('',#17491,#14278,#14279);
#11926=AXIS2_PLACEMENT_3D('',#17493,#14280,#14281);
#11927=AXIS2_PLACEMENT_3D('',#17496,#14283,#14284);
#11928=AXIS2_PLACEMENT_3D('',#17497,#14285,#14286);
#11929=AXIS2_PLACEMENT_3D('',#17500,#14288,#14289);
#11930=AXIS2_PLACEMENT_3D('',#17501,#14290,#14291);
#11931=AXIS2_PLACEMENT_3D('',#17502,#14292,#14293);
#11932=AXIS2_PLACEMENT_3D('',#17503,#14294,#14295);
#11933=AXIS2_PLACEMENT_3D('',#17504,#14296,#14297);
#11934=AXIS2_PLACEMENT_3D('',#17507,#14298,#14299);
#11935=AXIS2_PLACEMENT_3D('',#17511,#14301,#14302);
#11936=AXIS2_PLACEMENT_3D('',#17513,#14304,#14305);
#11937=AXIS2_PLACEMENT_3D('',#17519,#14309,#14310);
#11938=AXIS2_PLACEMENT_3D('',#17525,#14314,#14315);
#11939=AXIS2_PLACEMENT_3D('',#17526,#14316,#14317);
#11940=AXIS2_PLACEMENT_3D('',#17527,#14318,#14319);
#11941=AXIS2_PLACEMENT_3D('',#17528,#14320,#14321);
#11942=AXIS2_PLACEMENT_3D('',#17530,#14322,#14323);
#11943=AXIS2_PLACEMENT_3D('',#17532,#14324,#14325);
#11944=AXIS2_PLACEMENT_3D('',#17533,#14326,#14327);
#11945=AXIS2_PLACEMENT_3D('',#17535,#14328,#14329);
#11946=AXIS2_PLACEMENT_3D('',#17537,#14331,#14332);
#11947=AXIS2_PLACEMENT_3D('',#17539,#14333,#14334);
#11948=AXIS2_PLACEMENT_3D('',#17542,#14336,#14337);
#11949=AXIS2_PLACEMENT_3D('',#17543,#14338,#14339);
#11950=AXIS2_PLACEMENT_3D('',#17546,#14341,#14342);
#11951=AXIS2_PLACEMENT_3D('',#17547,#14343,#14344);
#11952=AXIS2_PLACEMENT_3D('',#17548,#14345,#14346);
#11953=AXIS2_PLACEMENT_3D('',#17549,#14347,#14348);
#11954=AXIS2_PLACEMENT_3D('',#17550,#14349,#14350);
#11955=AXIS2_PLACEMENT_3D('',#17552,#14351,#14352);
#11956=AXIS2_PLACEMENT_3D('',#17555,#14354,#14355);
#11957=AXIS2_PLACEMENT_3D('',#17556,#14356,#14357);
#11958=AXIS2_PLACEMENT_3D('',#17559,#14359,#14360);
#11959=AXIS2_PLACEMENT_3D('',#17560,#14361,#14362);
#11960=AXIS2_PLACEMENT_3D('',#17561,#14363,#14364);
#11961=AXIS2_PLACEMENT_3D('',#17563,#14365,#14366);
#11962=AXIS2_PLACEMENT_3D('',#17629,#14372,#14373);
#11963=AXIS2_PLACEMENT_3D('',#17679,#14377,#14378);
#11964=AXIS2_PLACEMENT_3D('',#17697,#14381,#14382);
#11965=AXIS2_PLACEMENT_3D('',#17699,#14383,#14384);
#11966=AXIS2_PLACEMENT_3D('',#17703,#14386,#14387);
#11967=AXIS2_PLACEMENT_3D('',#17706,#14389,#14390);
#11968=AXIS2_PLACEMENT_3D('',#17707,#14391,#14392);
#11969=AXIS2_PLACEMENT_3D('',#17709,#14393,#14394);
#11970=AXIS2_PLACEMENT_3D('',#17711,#14396,#14397);
#11971=AXIS2_PLACEMENT_3D('',#17713,#14398,#14399);
#11972=AXIS2_PLACEMENT_3D('',#17715,#14401,#14402);
#11973=AXIS2_PLACEMENT_3D('',#17717,#14403,#14404);
#11974=AXIS2_PLACEMENT_3D('',#17719,#14406,#14407);
#11975=AXIS2_PLACEMENT_3D('',#17721,#14408,#14409);
#11976=AXIS2_PLACEMENT_3D('',#17725,#14411,#14412);
#11977=AXIS2_PLACEMENT_3D('',#17728,#14414,#14415);
#11978=AXIS2_PLACEMENT_3D('',#17729,#14416,#14417);
#11979=AXIS2_PLACEMENT_3D('',#17731,#14418,#14419);
#11980=AXIS2_PLACEMENT_3D('',#17733,#14421,#14422);
#11981=AXIS2_PLACEMENT_3D('',#17735,#14423,#14424);
#11982=AXIS2_PLACEMENT_3D('',#17737,#14426,#14427);
#11983=AXIS2_PLACEMENT_3D('',#17739,#14428,#14429);
#11984=AXIS2_PLACEMENT_3D('',#17741,#14431,#14432);
#11985=AXIS2_PLACEMENT_3D('',#17778,#14452,#14453);
#11986=AXIS2_PLACEMENT_3D('',#17780,#14454,#14455);
#11987=AXIS2_PLACEMENT_3D('',#17783,#14457,#14458);
#11988=AXIS2_PLACEMENT_3D('',#17784,#14459,#14460);
#11989=AXIS2_PLACEMENT_3D('',#17818,#14479,#14480);
#11990=AXIS2_PLACEMENT_3D('',#17820,#14481,#14482);
#11991=AXIS2_PLACEMENT_3D('',#17823,#14484,#14485);
#11992=AXIS2_PLACEMENT_3D('',#17824,#14486,#14487);
#11993=AXIS2_PLACEMENT_3D('',#17825,#14488,#14489);
#11994=AXIS2_PLACEMENT_3D('',#17826,#14490,#14491);
#11995=AXIS2_PLACEMENT_3D('',#17827,#14492,#14493);
#11996=AXIS2_PLACEMENT_3D('',#17828,#14494,#14495);
#11997=AXIS2_PLACEMENT_3D('',#17829,#14496,#14497);
#11998=AXIS2_PLACEMENT_3D('',#17830,#14498,#14499);
#11999=AXIS2_PLACEMENT_3D('',#17831,#14500,#14501);
#12000=AXIS2_PLACEMENT_3D('',#17832,#14502,#14503);
#12001=AXIS2_PLACEMENT_3D('',#17833,#14504,#14505);
#12002=AXIS2_PLACEMENT_3D('',#17834,#14506,#14507);
#12003=AXIS2_PLACEMENT_3D('',#17835,#14508,#14509);
#12004=AXIS2_PLACEMENT_3D('',#17836,#14510,#14511);
#12005=AXIS2_PLACEMENT_3D('',#17837,#14512,#14513);
#12006=AXIS2_PLACEMENT_3D('',#17838,#14514,#14515);
#12007=AXIS2_PLACEMENT_3D('',#17839,#14516,#14517);
#12008=AXIS2_PLACEMENT_3D('',#17840,#14518,#14519);
#12009=AXIS2_PLACEMENT_3D('',#17841,#14520,#14521);
#12010=AXIS2_PLACEMENT_3D('',#17842,#14522,#14523);
#12011=AXIS2_PLACEMENT_3D('',#17843,#14524,#14525);
#12012=AXIS2_PLACEMENT_3D('',#17844,#14526,#14527);
#12013=AXIS2_PLACEMENT_3D('',#17845,#14528,#14529);
#12014=AXIS2_PLACEMENT_3D('',#17846,#14530,#14531);
#12015=AXIS2_PLACEMENT_3D('',#17847,#14532,#14533);
#12016=AXIS2_PLACEMENT_3D('',#17848,#14534,#14535);
#12017=AXIS2_PLACEMENT_3D('',#17849,#14536,#14537);
#12018=AXIS2_PLACEMENT_3D('',#17850,#14538,#14539);
#12019=AXIS2_PLACEMENT_3D('',#17851,#14540,#14541);
#12020=AXIS2_PLACEMENT_3D('',#17852,#14542,#14543);
#12021=AXIS2_PLACEMENT_3D('',#17853,#14544,#14545);
#12022=AXIS2_PLACEMENT_3D('',#17854,#14546,#14547);
#12023=AXIS2_PLACEMENT_3D('',#17855,#14548,#14549);
#12024=AXIS2_PLACEMENT_3D('',#17856,#14550,#14551);
#12025=AXIS2_PLACEMENT_3D('',#17857,#14552,#14553);
#12026=AXIS2_PLACEMENT_3D('',#17858,#14554,#14555);
#12027=AXIS2_PLACEMENT_3D('',#17859,#14556,#14557);
#12028=AXIS2_PLACEMENT_3D('',#17860,#14558,#14559);
#12029=AXIS2_PLACEMENT_3D('',#17862,#14560,#14561);
#12030=AXIS2_PLACEMENT_3D('',#17863,#14562,#14563);
#12031=AXIS2_PLACEMENT_3D('',#17864,#14564,#14565);
#12032=AXIS2_PLACEMENT_3D('',#17866,#14566,#14567);
#12033=AXIS2_PLACEMENT_3D('',#17868,#14569,#14570);
#12034=AXIS2_PLACEMENT_3D('',#17869,#14571,#14572);
#12035=AXIS2_PLACEMENT_3D('',#17870,#14573,#14574);
#12036=AXIS2_PLACEMENT_3D('',#17871,#14575,#14576);
#12037=AXIS2_PLACEMENT_3D('',#17873,#14577,#14578);
#12038=AXIS2_PLACEMENT_3D('',#17876,#14580,#14581);
#12039=AXIS2_PLACEMENT_3D('',#17877,#14582,#14583);
#12040=AXIS2_PLACEMENT_3D('',#17880,#14585,#14586);
#12041=AXIS2_PLACEMENT_3D('',#17881,#14587,#14588);
#12042=AXIS2_PLACEMENT_3D('',#17882,#14589,#14590);
#12043=AXIS2_PLACEMENT_3D('',#17884,#14591,#14592);
#12044=AXIS2_PLACEMENT_3D('',#17950,#14598,#14599);
#12045=AXIS2_PLACEMENT_3D('',#18000,#14603,#14604);
#12046=AXIS2_PLACEMENT_3D('',#18018,#14607,#14608);
#12047=AXIS2_PLACEMENT_3D('',#18020,#14609,#14610);
#12048=AXIS2_PLACEMENT_3D('',#18024,#14612,#14613);
#12049=AXIS2_PLACEMENT_3D('',#18027,#14615,#14616);
#12050=AXIS2_PLACEMENT_3D('',#18028,#14617,#14618);
#12051=AXIS2_PLACEMENT_3D('',#18030,#14619,#14620);
#12052=AXIS2_PLACEMENT_3D('',#18032,#14622,#14623);
#12053=AXIS2_PLACEMENT_3D('',#18034,#14624,#14625);
#12054=AXIS2_PLACEMENT_3D('',#18036,#14627,#14628);
#12055=AXIS2_PLACEMENT_3D('',#18038,#14629,#14630);
#12056=AXIS2_PLACEMENT_3D('',#18040,#14632,#14633);
#12057=AXIS2_PLACEMENT_3D('',#18042,#14634,#14635);
#12058=AXIS2_PLACEMENT_3D('',#18046,#14637,#14638);
#12059=AXIS2_PLACEMENT_3D('',#18049,#14640,#14641);
#12060=AXIS2_PLACEMENT_3D('',#18050,#14642,#14643);
#12061=AXIS2_PLACEMENT_3D('',#18052,#14644,#14645);
#12062=AXIS2_PLACEMENT_3D('',#18054,#14647,#14648);
#12063=AXIS2_PLACEMENT_3D('',#18056,#14649,#14650);
#12064=AXIS2_PLACEMENT_3D('',#18058,#14652,#14653);
#12065=AXIS2_PLACEMENT_3D('',#18060,#14654,#14655);
#12066=AXIS2_PLACEMENT_3D('',#18062,#14657,#14658);
#12067=AXIS2_PLACEMENT_3D('',#18099,#14678,#14679);
#12068=AXIS2_PLACEMENT_3D('',#18101,#14680,#14681);
#12069=AXIS2_PLACEMENT_3D('',#18104,#14683,#14684);
#12070=AXIS2_PLACEMENT_3D('',#18105,#14685,#14686);
#12071=AXIS2_PLACEMENT_3D('',#18139,#14705,#14706);
#12072=AXIS2_PLACEMENT_3D('',#18141,#14707,#14708);
#12073=AXIS2_PLACEMENT_3D('',#18144,#14710,#14711);
#12074=AXIS2_PLACEMENT_3D('',#18145,#14712,#14713);
#12075=AXIS2_PLACEMENT_3D('',#18146,#14714,#14715);
#12076=AXIS2_PLACEMENT_3D('',#18147,#14716,#14717);
#12077=AXIS2_PLACEMENT_3D('',#18148,#14718,#14719);
#12078=AXIS2_PLACEMENT_3D('',#18149,#14720,#14721);
#12079=AXIS2_PLACEMENT_3D('',#18150,#14722,#14723);
#12080=AXIS2_PLACEMENT_3D('',#18151,#14724,#14725);
#12081=AXIS2_PLACEMENT_3D('',#18152,#14726,#14727);
#12082=AXIS2_PLACEMENT_3D('',#18153,#14728,#14729);
#12083=AXIS2_PLACEMENT_3D('',#18154,#14730,#14731);
#12084=AXIS2_PLACEMENT_3D('',#18155,#14732,#14733);
#12085=AXIS2_PLACEMENT_3D('',#18156,#14734,#14735);
#12086=AXIS2_PLACEMENT_3D('',#18157,#14736,#14737);
#12087=AXIS2_PLACEMENT_3D('',#18158,#14738,#14739);
#12088=AXIS2_PLACEMENT_3D('',#18159,#14740,#14741);
#12089=AXIS2_PLACEMENT_3D('',#18160,#14742,#14743);
#12090=AXIS2_PLACEMENT_3D('',#18161,#14744,#14745);
#12091=AXIS2_PLACEMENT_3D('',#18162,#14746,#14747);
#12092=AXIS2_PLACEMENT_3D('',#18163,#14748,#14749);
#12093=AXIS2_PLACEMENT_3D('',#18164,#14750,#14751);
#12094=AXIS2_PLACEMENT_3D('',#18165,#14752,#14753);
#12095=AXIS2_PLACEMENT_3D('',#18166,#14754,#14755);
#12096=AXIS2_PLACEMENT_3D('',#18167,#14756,#14757);
#12097=AXIS2_PLACEMENT_3D('',#18168,#14758,#14759);
#12098=AXIS2_PLACEMENT_3D('',#18169,#14760,#14761);
#12099=AXIS2_PLACEMENT_3D('',#18170,#14762,#14763);
#12100=AXIS2_PLACEMENT_3D('',#18171,#14764,#14765);
#12101=AXIS2_PLACEMENT_3D('',#18172,#14766,#14767);
#12102=AXIS2_PLACEMENT_3D('',#18173,#14768,#14769);
#12103=AXIS2_PLACEMENT_3D('',#18174,#14770,#14771);
#12104=AXIS2_PLACEMENT_3D('',#18175,#14772,#14773);
#12105=AXIS2_PLACEMENT_3D('',#18176,#14774,#14775);
#12106=AXIS2_PLACEMENT_3D('',#18177,#14776,#14777);
#12107=AXIS2_PLACEMENT_3D('',#18178,#14778,#14779);
#12108=AXIS2_PLACEMENT_3D('',#18179,#14780,#14781);
#12109=AXIS2_PLACEMENT_3D('',#18180,#14782,#14783);
#12110=AXIS2_PLACEMENT_3D('',#18181,#14784,#14785);
#12111=AXIS2_PLACEMENT_3D('',#18183,#14786,#14787);
#12112=AXIS2_PLACEMENT_3D('',#18184,#14788,#14789);
#12113=AXIS2_PLACEMENT_3D('',#18185,#14790,#14791);
#12114=AXIS2_PLACEMENT_3D('',#18187,#14792,#14793);
#12115=AXIS2_PLACEMENT_3D('',#18189,#14795,#14796);
#12116=AXIS2_PLACEMENT_3D('',#18190,#14797,#14798);
#12117=AXIS2_PLACEMENT_3D('',#18191,#14799,#14800);
#12118=AXIS2_PLACEMENT_3D('',#18192,#14801,#14802);
#12119=AXIS2_PLACEMENT_3D('',#18194,#14803,#14804);
#12120=AXIS2_PLACEMENT_3D('',#18197,#14806,#14807);
#12121=AXIS2_PLACEMENT_3D('',#18198,#14808,#14809);
#12122=AXIS2_PLACEMENT_3D('',#18201,#14811,#14812);
#12123=AXIS2_PLACEMENT_3D('',#18202,#14813,#14814);
#12124=AXIS2_PLACEMENT_3D('',#18203,#14815,#14816);
#12125=AXIS2_PLACEMENT_3D('',#18205,#14817,#14818);
#12126=AXIS2_PLACEMENT_3D('',#18271,#14824,#14825);
#12127=AXIS2_PLACEMENT_3D('',#18321,#14829,#14830);
#12128=AXIS2_PLACEMENT_3D('',#18339,#14833,#14834);
#12129=AXIS2_PLACEMENT_3D('',#18341,#14835,#14836);
#12130=AXIS2_PLACEMENT_3D('',#18345,#14838,#14839);
#12131=AXIS2_PLACEMENT_3D('',#18348,#14841,#14842);
#12132=AXIS2_PLACEMENT_3D('',#18349,#14843,#14844);
#12133=AXIS2_PLACEMENT_3D('',#18351,#14845,#14846);
#12134=AXIS2_PLACEMENT_3D('',#18353,#14848,#14849);
#12135=AXIS2_PLACEMENT_3D('',#18355,#14850,#14851);
#12136=AXIS2_PLACEMENT_3D('',#18357,#14853,#14854);
#12137=AXIS2_PLACEMENT_3D('',#18359,#14855,#14856);
#12138=AXIS2_PLACEMENT_3D('',#18361,#14858,#14859);
#12139=AXIS2_PLACEMENT_3D('',#18363,#14860,#14861);
#12140=AXIS2_PLACEMENT_3D('',#18367,#14863,#14864);
#12141=AXIS2_PLACEMENT_3D('',#18370,#14866,#14867);
#12142=AXIS2_PLACEMENT_3D('',#18371,#14868,#14869);
#12143=AXIS2_PLACEMENT_3D('',#18373,#14870,#14871);
#12144=AXIS2_PLACEMENT_3D('',#18375,#14873,#14874);
#12145=AXIS2_PLACEMENT_3D('',#18377,#14875,#14876);
#12146=AXIS2_PLACEMENT_3D('',#18379,#14878,#14879);
#12147=AXIS2_PLACEMENT_3D('',#18381,#14880,#14881);
#12148=AXIS2_PLACEMENT_3D('',#18383,#14883,#14884);
#12149=AXIS2_PLACEMENT_3D('',#18420,#14904,#14905);
#12150=AXIS2_PLACEMENT_3D('',#18422,#14906,#14907);
#12151=AXIS2_PLACEMENT_3D('',#18425,#14909,#14910);
#12152=AXIS2_PLACEMENT_3D('',#18426,#14911,#14912);
#12153=AXIS2_PLACEMENT_3D('',#18460,#14931,#14932);
#12154=AXIS2_PLACEMENT_3D('',#18462,#14933,#14934);
#12155=AXIS2_PLACEMENT_3D('',#18465,#14936,#14937);
#12156=AXIS2_PLACEMENT_3D('',#18466,#14938,#14939);
#12157=AXIS2_PLACEMENT_3D('',#18467,#14940,#14941);
#12158=AXIS2_PLACEMENT_3D('',#18468,#14942,#14943);
#12159=AXIS2_PLACEMENT_3D('',#18469,#14944,#14945);
#12160=AXIS2_PLACEMENT_3D('',#18470,#14946,#14947);
#12161=AXIS2_PLACEMENT_3D('',#18471,#14948,#14949);
#12162=AXIS2_PLACEMENT_3D('',#18472,#14950,#14951);
#12163=AXIS2_PLACEMENT_3D('',#18473,#14952,#14953);
#12164=AXIS2_PLACEMENT_3D('',#18474,#14954,#14955);
#12165=AXIS2_PLACEMENT_3D('',#18475,#14956,#14957);
#12166=AXIS2_PLACEMENT_3D('',#18476,#14958,#14959);
#12167=AXIS2_PLACEMENT_3D('',#18477,#14960,#14961);
#12168=AXIS2_PLACEMENT_3D('',#18478,#14962,#14963);
#12169=AXIS2_PLACEMENT_3D('',#18479,#14964,#14965);
#12170=AXIS2_PLACEMENT_3D('',#18480,#14966,#14967);
#12171=AXIS2_PLACEMENT_3D('',#18481,#14968,#14969);
#12172=AXIS2_PLACEMENT_3D('',#18482,#14970,#14971);
#12173=AXIS2_PLACEMENT_3D('',#18483,#14972,#14973);
#12174=AXIS2_PLACEMENT_3D('',#18484,#14974,#14975);
#12175=AXIS2_PLACEMENT_3D('',#18485,#14976,#14977);
#12176=AXIS2_PLACEMENT_3D('',#18486,#14978,#14979);
#12177=AXIS2_PLACEMENT_3D('',#18487,#14980,#14981);
#12178=AXIS2_PLACEMENT_3D('',#18488,#14982,#14983);
#12179=AXIS2_PLACEMENT_3D('',#18489,#14984,#14985);
#12180=AXIS2_PLACEMENT_3D('',#18490,#14986,#14987);
#12181=AXIS2_PLACEMENT_3D('',#18491,#14988,#14989);
#12182=AXIS2_PLACEMENT_3D('',#18492,#14990,#14991);
#12183=AXIS2_PLACEMENT_3D('',#18493,#14992,#14993);
#12184=AXIS2_PLACEMENT_3D('',#18494,#14994,#14995);
#12185=AXIS2_PLACEMENT_3D('',#18495,#14996,#14997);
#12186=AXIS2_PLACEMENT_3D('',#18496,#14998,#14999);
#12187=AXIS2_PLACEMENT_3D('',#18497,#15000,#15001);
#12188=AXIS2_PLACEMENT_3D('',#18498,#15002,#15003);
#12189=AXIS2_PLACEMENT_3D('',#18499,#15004,#15005);
#12190=AXIS2_PLACEMENT_3D('',#18500,#15006,#15007);
#12191=AXIS2_PLACEMENT_3D('',#18501,#15008,#15009);
#12192=AXIS2_PLACEMENT_3D('',#18502,#15010,#15011);
#12193=AXIS2_PLACEMENT_3D('',#18504,#15012,#15013);
#12194=AXIS2_PLACEMENT_3D('',#18505,#15014,#15015);
#12195=AXIS2_PLACEMENT_3D('',#18506,#15016,#15017);
#12196=AXIS2_PLACEMENT_3D('',#18508,#15018,#15019);
#12197=AXIS2_PLACEMENT_3D('',#18510,#15021,#15022);
#12198=AXIS2_PLACEMENT_3D('',#18511,#15023,#15024);
#12199=AXIS2_PLACEMENT_3D('',#18512,#15025,#15026);
#12200=AXIS2_PLACEMENT_3D('',#18513,#15027,#15028);
#12201=AXIS2_PLACEMENT_3D('',#18515,#15029,#15030);
#12202=AXIS2_PLACEMENT_3D('',#18518,#15032,#15033);
#12203=AXIS2_PLACEMENT_3D('',#18519,#15034,#15035);
#12204=AXIS2_PLACEMENT_3D('',#18522,#15037,#15038);
#12205=AXIS2_PLACEMENT_3D('',#18523,#15039,#15040);
#12206=AXIS2_PLACEMENT_3D('',#18524,#15041,#15042);
#12207=AXIS2_PLACEMENT_3D('',#18526,#15043,#15044);
#12208=AXIS2_PLACEMENT_3D('',#18592,#15050,#15051);
#12209=AXIS2_PLACEMENT_3D('',#18642,#15055,#15056);
#12210=AXIS2_PLACEMENT_3D('',#18660,#15059,#15060);
#12211=AXIS2_PLACEMENT_3D('',#18662,#15061,#15062);
#12212=AXIS2_PLACEMENT_3D('',#18666,#15064,#15065);
#12213=AXIS2_PLACEMENT_3D('',#18669,#15067,#15068);
#12214=AXIS2_PLACEMENT_3D('',#18670,#15069,#15070);
#12215=AXIS2_PLACEMENT_3D('',#18672,#15071,#15072);
#12216=AXIS2_PLACEMENT_3D('',#18674,#15074,#15075);
#12217=AXIS2_PLACEMENT_3D('',#18676,#15076,#15077);
#12218=AXIS2_PLACEMENT_3D('',#18678,#15079,#15080);
#12219=AXIS2_PLACEMENT_3D('',#18680,#15081,#15082);
#12220=AXIS2_PLACEMENT_3D('',#18682,#15084,#15085);
#12221=AXIS2_PLACEMENT_3D('',#18684,#15086,#15087);
#12222=AXIS2_PLACEMENT_3D('',#18688,#15089,#15090);
#12223=AXIS2_PLACEMENT_3D('',#18691,#15092,#15093);
#12224=AXIS2_PLACEMENT_3D('',#18692,#15094,#15095);
#12225=AXIS2_PLACEMENT_3D('',#18694,#15096,#15097);
#12226=AXIS2_PLACEMENT_3D('',#18696,#15099,#15100);
#12227=AXIS2_PLACEMENT_3D('',#18698,#15101,#15102);
#12228=AXIS2_PLACEMENT_3D('',#18700,#15104,#15105);
#12229=AXIS2_PLACEMENT_3D('',#18702,#15106,#15107);
#12230=AXIS2_PLACEMENT_3D('',#18704,#15109,#15110);
#12231=AXIS2_PLACEMENT_3D('',#18741,#15130,#15131);
#12232=AXIS2_PLACEMENT_3D('',#18743,#15132,#15133);
#12233=AXIS2_PLACEMENT_3D('',#18746,#15135,#15136);
#12234=AXIS2_PLACEMENT_3D('',#18747,#15137,#15138);
#12235=AXIS2_PLACEMENT_3D('',#18781,#15157,#15158);
#12236=AXIS2_PLACEMENT_3D('',#18783,#15159,#15160);
#12237=AXIS2_PLACEMENT_3D('',#18786,#15162,#15163);
#12238=AXIS2_PLACEMENT_3D('',#18787,#15164,#15165);
#12239=AXIS2_PLACEMENT_3D('',#18788,#15166,#15167);
#12240=AXIS2_PLACEMENT_3D('',#18789,#15168,#15169);
#12241=AXIS2_PLACEMENT_3D('',#18790,#15170,#15171);
#12242=AXIS2_PLACEMENT_3D('',#18791,#15172,#15173);
#12243=AXIS2_PLACEMENT_3D('',#18792,#15174,#15175);
#12244=AXIS2_PLACEMENT_3D('',#18793,#15176,#15177);
#12245=AXIS2_PLACEMENT_3D('',#18794,#15178,#15179);
#12246=AXIS2_PLACEMENT_3D('',#18795,#15180,#15181);
#12247=AXIS2_PLACEMENT_3D('',#18796,#15182,#15183);
#12248=AXIS2_PLACEMENT_3D('',#18797,#15184,#15185);
#12249=AXIS2_PLACEMENT_3D('',#18798,#15186,#15187);
#12250=AXIS2_PLACEMENT_3D('',#18799,#15188,#15189);
#12251=AXIS2_PLACEMENT_3D('',#18800,#15190,#15191);
#12252=AXIS2_PLACEMENT_3D('',#18801,#15192,#15193);
#12253=AXIS2_PLACEMENT_3D('',#18802,#15194,#15195);
#12254=AXIS2_PLACEMENT_3D('',#18803,#15196,#15197);
#12255=AXIS2_PLACEMENT_3D('',#18804,#15198,#15199);
#12256=AXIS2_PLACEMENT_3D('',#18805,#15200,#15201);
#12257=AXIS2_PLACEMENT_3D('',#18806,#15202,#15203);
#12258=AXIS2_PLACEMENT_3D('',#18807,#15204,#15205);
#12259=AXIS2_PLACEMENT_3D('',#18808,#15206,#15207);
#12260=AXIS2_PLACEMENT_3D('',#18809,#15208,#15209);
#12261=AXIS2_PLACEMENT_3D('',#18810,#15210,#15211);
#12262=AXIS2_PLACEMENT_3D('',#18811,#15212,#15213);
#12263=AXIS2_PLACEMENT_3D('',#18812,#15214,#15215);
#12264=AXIS2_PLACEMENT_3D('',#18813,#15216,#15217);
#12265=AXIS2_PLACEMENT_3D('',#18814,#15218,#15219);
#12266=AXIS2_PLACEMENT_3D('',#18815,#15220,#15221);
#12267=AXIS2_PLACEMENT_3D('',#18816,#15222,#15223);
#12268=AXIS2_PLACEMENT_3D('',#18817,#15224,#15225);
#12269=AXIS2_PLACEMENT_3D('',#18818,#15226,#15227);
#12270=AXIS2_PLACEMENT_3D('',#18819,#15228,#15229);
#12271=AXIS2_PLACEMENT_3D('',#18820,#15230,#15231);
#12272=AXIS2_PLACEMENT_3D('',#18821,#15232,#15233);
#12273=AXIS2_PLACEMENT_3D('',#18822,#15234,#15235);
#12274=AXIS2_PLACEMENT_3D('',#18823,#15236,#15237);
#12275=AXIS2_PLACEMENT_3D('',#18825,#15238,#15239);
#12276=AXIS2_PLACEMENT_3D('',#18826,#15240,#15241);
#12277=AXIS2_PLACEMENT_3D('',#18827,#15242,#15243);
#12278=AXIS2_PLACEMENT_3D('',#18829,#15244,#15245);
#12279=AXIS2_PLACEMENT_3D('',#18831,#15247,#15248);
#12280=AXIS2_PLACEMENT_3D('',#18832,#15249,#15250);
#12281=AXIS2_PLACEMENT_3D('',#18833,#15251,#15252);
#12282=AXIS2_PLACEMENT_3D('',#18834,#15253,#15254);
#12283=AXIS2_PLACEMENT_3D('',#18836,#15255,#15256);
#12284=AXIS2_PLACEMENT_3D('',#18839,#15258,#15259);
#12285=AXIS2_PLACEMENT_3D('',#18840,#15260,#15261);
#12286=AXIS2_PLACEMENT_3D('',#18842,#15262,#15263);
#12287=AXIS2_PLACEMENT_3D('',#18845,#15265,#15266);
#12288=AXIS2_PLACEMENT_3D('',#18846,#15267,#15268);
#12289=AXIS2_PLACEMENT_3D('',#18847,#15269,#15270);
#12290=AXIS2_PLACEMENT_3D('',#18848,#15271,#15272);
#12291=AXIS2_PLACEMENT_3D('',#18849,#15273,#15274);
#12292=AXIS2_PLACEMENT_3D('',#18851,#15275,#15276);
#12293=AXIS2_PLACEMENT_3D('',#18854,#15278,#15279);
#12294=AXIS2_PLACEMENT_3D('',#18855,#15280,#15281);
#12295=AXIS2_PLACEMENT_3D('',#18857,#15282,#15283);
#12296=AXIS2_PLACEMENT_3D('',#18860,#15285,#15286);
#12297=AXIS2_PLACEMENT_3D('',#18861,#15287,#15288);
#12298=AXIS2_PLACEMENT_3D('',#18862,#15289,#15290);
#12299=AXIS2_PLACEMENT_3D('',#18863,#15291,#15292);
#12300=AXIS2_PLACEMENT_3D('',#18864,#15293,#15294);
#12301=AXIS2_PLACEMENT_3D('',#18866,#15295,#15296);
#12302=AXIS2_PLACEMENT_3D('',#18869,#15298,#15299);
#12303=AXIS2_PLACEMENT_3D('',#18870,#15300,#15301);
#12304=AXIS2_PLACEMENT_3D('',#18872,#15302,#15303);
#12305=AXIS2_PLACEMENT_3D('',#18875,#15305,#15306);
#12306=AXIS2_PLACEMENT_3D('',#18876,#15307,#15308);
#12307=AXIS2_PLACEMENT_3D('',#18877,#15309,#15310);
#12308=AXIS2_PLACEMENT_3D('',#18878,#15311,#15312);
#12309=AXIS2_PLACEMENT_3D('',#18879,#15313,#15314);
#12310=AXIS2_PLACEMENT_3D('',#18881,#15315,#15316);
#12311=AXIS2_PLACEMENT_3D('',#18884,#15318,#15319);
#12312=AXIS2_PLACEMENT_3D('',#18885,#15320,#15321);
#12313=AXIS2_PLACEMENT_3D('',#18887,#15322,#15323);
#12314=AXIS2_PLACEMENT_3D('',#18890,#15325,#15326);
#12315=AXIS2_PLACEMENT_3D('',#18891,#15327,#15328);
#12316=AXIS2_PLACEMENT_3D('',#18892,#15329,#15330);
#12317=AXIS2_PLACEMENT_3D('',#18893,#15331,#15332);
#12318=AXIS2_PLACEMENT_3D('',#18894,#15333,#15334);
#12319=AXIS2_PLACEMENT_3D('',#18896,#15335,#15336);
#12320=AXIS2_PLACEMENT_3D('',#18899,#15338,#15339);
#12321=AXIS2_PLACEMENT_3D('',#18900,#15340,#15341);
#12322=AXIS2_PLACEMENT_3D('',#18902,#15342,#15343);
#12323=AXIS2_PLACEMENT_3D('',#18905,#15345,#15346);
#12324=AXIS2_PLACEMENT_3D('',#18906,#15347,#15348);
#12325=AXIS2_PLACEMENT_3D('',#18908,#15349,#15350);
#12326=AXIS2_PLACEMENT_3D('',#18909,#15351,#15352);
#12327=AXIS2_PLACEMENT_3D('',#18911,#15353,#15354);
#12328=AXIS2_PLACEMENT_3D('',#18912,#15355,#15356);
#12329=AXIS2_PLACEMENT_3D('',#18914,#15357,#15358);
#12330=AXIS2_PLACEMENT_3D('',#18915,#15359,#15360);
#12331=AXIS2_PLACEMENT_3D('',#18917,#15361,#15362);
#12332=AXIS2_PLACEMENT_3D('',#18918,#15363,#15364);
#12333=AXIS2_PLACEMENT_3D('',#18921,#15365,#15366);
#12334=AXIS2_PLACEMENT_3D('',#18929,#15370,#15371);
#12335=AXIS2_PLACEMENT_3D('',#18931,#15372,#15373);
#12336=AXIS2_PLACEMENT_3D('',#18937,#15377,#15378);
#12337=AXIS2_PLACEMENT_3D('',#18943,#15382,#15383);
#12338=AXIS2_PLACEMENT_3D('',#18947,#15386,#15387);
#12339=AXIS2_PLACEMENT_3D('',#18951,#15390,#15391);
#12340=AXIS2_PLACEMENT_3D('',#18955,#15393,#15394);
#12341=AXIS2_PLACEMENT_3D('',#18958,#15397,#15398);
#12342=AXIS2_PLACEMENT_3D('',#18959,#15399,#15400);
#12343=AXIS2_PLACEMENT_3D('',#18963,#15403,#15404);
#12344=AXIS2_PLACEMENT_3D('',#18967,#15407,#15408);
#12345=AXIS2_PLACEMENT_3D('',#18971,#15411,#15412);
#12346=AXIS2_PLACEMENT_3D('',#18973,#15414,#15415);
#12347=AXIS2_PLACEMENT_3D('',#18974,#15416,#15417);
#12348=AXIS2_PLACEMENT_3D('',#18975,#15418,#15419);
#12349=AXIS2_PLACEMENT_3D('',#18976,#15420,#15421);
#12350=AXIS2_PLACEMENT_3D('',#18978,#15422,#15423);
#12351=AXIS2_PLACEMENT_3D('',#18981,#15425,#15426);
#12352=AXIS2_PLACEMENT_3D('',#18982,#15427,#15428);
#12353=AXIS2_PLACEMENT_3D('',#18984,#15429,#15430);
#12354=AXIS2_PLACEMENT_3D('',#18987,#15432,#15433);
#12355=AXIS2_PLACEMENT_3D('',#18988,#15434,#15435);
#12356=AXIS2_PLACEMENT_3D('',#18990,#15436,#15437);
#12357=AXIS2_PLACEMENT_3D('',#18991,#15438,#15439);
#12358=AXIS2_PLACEMENT_3D('',#18993,#15440,#15441);
#12359=AXIS2_PLACEMENT_3D('',#18994,#15442,#15443);
#12360=AXIS2_PLACEMENT_3D('',#18996,#15444,#15445);
#12361=AXIS2_PLACEMENT_3D('',#18997,#15446,#15447);
#12362=AXIS2_PLACEMENT_3D('',#18999,#15448,#15449);
#12363=AXIS2_PLACEMENT_3D('',#19000,#15450,#15451);
#12364=AXIS2_PLACEMENT_3D('',#19003,#15452,#15453);
#12365=AXIS2_PLACEMENT_3D('',#19011,#15457,#15458);
#12366=AXIS2_PLACEMENT_3D('',#19013,#15459,#15460);
#12367=AXIS2_PLACEMENT_3D('',#19019,#15464,#15465);
#12368=AXIS2_PLACEMENT_3D('',#19025,#15469,#15470);
#12369=AXIS2_PLACEMENT_3D('',#19029,#15473,#15474);
#12370=AXIS2_PLACEMENT_3D('',#19033,#15477,#15478);
#12371=AXIS2_PLACEMENT_3D('',#19037,#15480,#15481);
#12372=AXIS2_PLACEMENT_3D('',#19040,#15484,#15485);
#12373=AXIS2_PLACEMENT_3D('',#19041,#15486,#15487);
#12374=AXIS2_PLACEMENT_3D('',#19045,#15490,#15491);
#12375=AXIS2_PLACEMENT_3D('',#19049,#15494,#15495);
#12376=AXIS2_PLACEMENT_3D('',#19053,#15498,#15499);
#12377=AXIS2_PLACEMENT_3D('',#19055,#15501,#15502);
#12378=AXIS2_PLACEMENT_3D('',#19056,#15503,#15504);
#12379=AXIS2_PLACEMENT_3D('',#19057,#15505,#15506);
#12380=AXIS2_PLACEMENT_3D('',#19058,#15507,#15508);
#12381=AXIS2_PLACEMENT_3D('',#19060,#15509,#15510);
#12382=AXIS2_PLACEMENT_3D('',#19063,#15512,#15513);
#12383=AXIS2_PLACEMENT_3D('',#19064,#15514,#15515);
#12384=AXIS2_PLACEMENT_3D('',#19066,#15516,#15517);
#12385=AXIS2_PLACEMENT_3D('',#19069,#15519,#15520);
#12386=AXIS2_PLACEMENT_3D('',#19070,#15521,#15522);
#12387=AXIS2_PLACEMENT_3D('',#19072,#15523,#15524);
#12388=AXIS2_PLACEMENT_3D('',#19073,#15525,#15526);
#12389=AXIS2_PLACEMENT_3D('',#19075,#15527,#15528);
#12390=AXIS2_PLACEMENT_3D('',#19076,#15529,#15530);
#12391=AXIS2_PLACEMENT_3D('',#19078,#15531,#15532);
#12392=AXIS2_PLACEMENT_3D('',#19079,#15533,#15534);
#12393=AXIS2_PLACEMENT_3D('',#19081,#15535,#15536);
#12394=AXIS2_PLACEMENT_3D('',#19082,#15537,#15538);
#12395=AXIS2_PLACEMENT_3D('',#19085,#15539,#15540);
#12396=AXIS2_PLACEMENT_3D('',#19093,#15544,#15545);
#12397=AXIS2_PLACEMENT_3D('',#19095,#15546,#15547);
#12398=AXIS2_PLACEMENT_3D('',#19101,#15551,#15552);
#12399=AXIS2_PLACEMENT_3D('',#19107,#15556,#15557);
#12400=AXIS2_PLACEMENT_3D('',#19111,#15560,#15561);
#12401=AXIS2_PLACEMENT_3D('',#19115,#15564,#15565);
#12402=AXIS2_PLACEMENT_3D('',#19119,#15567,#15568);
#12403=AXIS2_PLACEMENT_3D('',#19122,#15571,#15572);
#12404=AXIS2_PLACEMENT_3D('',#19123,#15573,#15574);
#12405=AXIS2_PLACEMENT_3D('',#19127,#15577,#15578);
#12406=AXIS2_PLACEMENT_3D('',#19131,#15581,#15582);
#12407=AXIS2_PLACEMENT_3D('',#19135,#15585,#15586);
#12408=AXIS2_PLACEMENT_3D('',#19137,#15588,#15589);
#12409=AXIS2_PLACEMENT_3D('',#19138,#15590,#15591);
#12410=AXIS2_PLACEMENT_3D('',#19139,#15592,#15593);
#12411=AXIS2_PLACEMENT_3D('',#19140,#15594,#15595);
#12412=AXIS2_PLACEMENT_3D('',#19142,#15596,#15597);
#12413=AXIS2_PLACEMENT_3D('',#19145,#15599,#15600);
#12414=AXIS2_PLACEMENT_3D('',#19146,#15601,#15602);
#12415=AXIS2_PLACEMENT_3D('',#19148,#15603,#15604);
#12416=AXIS2_PLACEMENT_3D('',#19151,#15606,#15607);
#12417=AXIS2_PLACEMENT_3D('',#19152,#15608,#15609);
#12418=AXIS2_PLACEMENT_3D('',#19154,#15610,#15611);
#12419=AXIS2_PLACEMENT_3D('',#19155,#15612,#15613);
#12420=AXIS2_PLACEMENT_3D('',#19157,#15614,#15615);
#12421=AXIS2_PLACEMENT_3D('',#19158,#15616,#15617);
#12422=AXIS2_PLACEMENT_3D('',#19160,#15618,#15619);
#12423=AXIS2_PLACEMENT_3D('',#19161,#15620,#15621);
#12424=AXIS2_PLACEMENT_3D('',#19163,#15622,#15623);
#12425=AXIS2_PLACEMENT_3D('',#19164,#15624,#15625);
#12426=AXIS2_PLACEMENT_3D('',#19167,#15626,#15627);
#12427=AXIS2_PLACEMENT_3D('',#19175,#15631,#15632);
#12428=AXIS2_PLACEMENT_3D('',#19177,#15633,#15634);
#12429=AXIS2_PLACEMENT_3D('',#19183,#15638,#15639);
#12430=AXIS2_PLACEMENT_3D('',#19189,#15643,#15644);
#12431=AXIS2_PLACEMENT_3D('',#19193,#15647,#15648);
#12432=AXIS2_PLACEMENT_3D('',#19197,#15651,#15652);
#12433=AXIS2_PLACEMENT_3D('',#19201,#15654,#15655);
#12434=AXIS2_PLACEMENT_3D('',#19204,#15658,#15659);
#12435=AXIS2_PLACEMENT_3D('',#19205,#15660,#15661);
#12436=AXIS2_PLACEMENT_3D('',#19209,#15664,#15665);
#12437=AXIS2_PLACEMENT_3D('',#19213,#15668,#15669);
#12438=AXIS2_PLACEMENT_3D('',#19217,#15672,#15673);
#12439=AXIS2_PLACEMENT_3D('',#19219,#15675,#15676);
#12440=AXIS2_PLACEMENT_3D('',#19220,#15677,#15678);
#12441=AXIS2_PLACEMENT_3D('',#19221,#15679,#15680);
#12442=AXIS2_PLACEMENT_3D('',#19222,#15681,#15682);
#12443=AXIS2_PLACEMENT_3D('',#19223,#15683,#15684);
#12444=AXIS2_PLACEMENT_3D('',#19224,#15685,#15686);
#12445=AXIS2_PLACEMENT_3D('',#19225,#15687,#15688);
#12446=AXIS2_PLACEMENT_3D('',#19226,#15689,#15690);
#12447=AXIS2_PLACEMENT_3D('',#19227,#15691,#15692);
#12448=AXIS2_PLACEMENT_3D('',#19228,#15693,#15694);
#12449=AXIS2_PLACEMENT_3D('',#19229,#15695,#15696);
#12450=AXIS2_PLACEMENT_3D('',#19230,#15697,#15698);
#12451=AXIS2_PLACEMENT_3D('',#19231,#15699,#15700);
#12452=AXIS2_PLACEMENT_3D('',#19232,#15701,#15702);
#12453=AXIS2_PLACEMENT_3D('',#19233,#15703,#15704);
#12454=AXIS2_PLACEMENT_3D('',#19234,#15705,#15706);
#12455=AXIS2_PLACEMENT_3D('',#19235,#15707,#15708);
#12456=AXIS2_PLACEMENT_3D('',#19236,#15709,#15710);
#12457=AXIS2_PLACEMENT_3D('',#19237,#15711,#15712);
#12458=AXIS2_PLACEMENT_3D('',#19238,#15713,#15714);
#12459=AXIS2_PLACEMENT_3D('',#19239,#15715,#15716);
#12460=AXIS2_PLACEMENT_3D('',#19240,#15717,#15718);
#12461=AXIS2_PLACEMENT_3D('',#19241,#15719,#15720);
#12462=AXIS2_PLACEMENT_3D('',#19242,#15721,#15722);
#12463=AXIS2_PLACEMENT_3D('',#19243,#15723,#15724);
#12464=AXIS2_PLACEMENT_3D('',#19244,#15725,#15726);
#12465=AXIS2_PLACEMENT_3D('',#19245,#15727,#15728);
#12466=AXIS2_PLACEMENT_3D('',#19246,#15729,#15730);
#12467=AXIS2_PLACEMENT_3D('',#19247,#15731,#15732);
#12468=DIRECTION('axis',(0.,0.,1.));
#12469=DIRECTION('refdir',(1.,0.,0.));
#12470=DIRECTION('axis',(0.,0.,1.));
#12471=DIRECTION('refdir',(1.,0.,0.));
#12472=DIRECTION('center_axis',(0.,0.,-1.));
#12473=DIRECTION('ref_axis',(1.,0.,0.));
#12474=DIRECTION('center_axis',(0.,0.,1.));
#12475=DIRECTION('ref_axis',(1.,0.,0.));
#12476=DIRECTION('',(0.,0.,1.));
#12477=DIRECTION('center_axis',(0.,0.,-1.));
#12478=DIRECTION('ref_axis',(1.,0.,0.));
#12479=DIRECTION('center_axis',(0.,0.,-1.));
#12480=DIRECTION('ref_axis',(1.,0.,0.));
#12481=DIRECTION('center_axis',(0.,0.,1.));
#12482=DIRECTION('ref_axis',(1.,0.,0.));
#12483=DIRECTION('',(0.,0.,1.));
#12484=DIRECTION('center_axis',(0.,0.,-1.));
#12485=DIRECTION('ref_axis',(1.,0.,0.));
#12486=DIRECTION('center_axis',(0.,0.,-1.));
#12487=DIRECTION('ref_axis',(1.,0.,0.));
#12488=DIRECTION('center_axis',(0.,0.,1.));
#12489=DIRECTION('ref_axis',(1.,0.,0.));
#12490=DIRECTION('',(0.,0.,1.));
#12491=DIRECTION('center_axis',(0.,0.,-1.));
#12492=DIRECTION('ref_axis',(1.,0.,0.));
#12493=DIRECTION('center_axis',(0.,0.,-1.));
#12494=DIRECTION('ref_axis',(1.,0.,0.));
#12495=DIRECTION('center_axis',(0.,0.,1.));
#12496=DIRECTION('ref_axis',(1.,0.,0.));
#12497=DIRECTION('',(0.,0.,1.));
#12498=DIRECTION('center_axis',(0.,0.,-1.));
#12499=DIRECTION('ref_axis',(1.,0.,0.));
#12500=DIRECTION('center_axis',(0.,0.,1.));
#12501=DIRECTION('ref_axis',(1.,0.,0.));
#12502=DIRECTION('center_axis',(0.,0.,1.));
#12503=DIRECTION('ref_axis',(1.,0.,0.));
#12504=DIRECTION('',(0.,0.,1.));
#12505=DIRECTION('center_axis',(0.,0.,-1.));
#12506=DIRECTION('ref_axis',(1.,0.,0.));
#12507=DIRECTION('center_axis',(0.,0.,1.));
#12508=DIRECTION('ref_axis',(1.,0.,0.));
#12509=DIRECTION('center_axis',(0.,0.,1.));
#12510=DIRECTION('ref_axis',(1.,0.,0.));
#12511=DIRECTION('',(0.,0.,1.));
#12512=DIRECTION('center_axis',(0.,0.,-1.));
#12513=DIRECTION('ref_axis',(1.,0.,0.));
#12514=DIRECTION('center_axis',(0.,0.,1.));
#12515=DIRECTION('ref_axis',(1.,0.,0.));
#12516=DIRECTION('center_axis',(0.,0.,1.));
#12517=DIRECTION('ref_axis',(1.,0.,0.));
#12518=DIRECTION('',(0.,0.,1.));
#12519=DIRECTION('center_axis',(0.,0.,-1.));
#12520=DIRECTION('ref_axis',(1.,0.,0.));
#12521=DIRECTION('center_axis',(0.,0.,1.));
#12522=DIRECTION('ref_axis',(1.,0.,0.));
#12523=DIRECTION('center_axis',(0.,0.,1.));
#12524=DIRECTION('ref_axis',(1.,0.,0.));
#12525=DIRECTION('',(0.,0.,1.));
#12526=DIRECTION('center_axis',(0.,0.,-1.));
#12527=DIRECTION('ref_axis',(1.,0.,0.));
#12528=DIRECTION('center_axis',(0.,1.,0.));
#12529=DIRECTION('ref_axis',(1.,0.,0.));
#12530=DIRECTION('center_axis',(0.,1.,0.));
#12531=DIRECTION('ref_axis',(1.,0.,0.));
#12532=DIRECTION('',(0.,1.,0.));
#12533=DIRECTION('center_axis',(0.,-1.,0.));
#12534=DIRECTION('ref_axis',(1.,0.,0.));
#12535=DIRECTION('center_axis',(0.,1.,0.));
#12536=DIRECTION('ref_axis',(1.,0.,0.));
#12537=DIRECTION('center_axis',(0.,1.,0.));
#12538=DIRECTION('ref_axis',(1.,0.,0.));
#12539=DIRECTION('',(0.,1.,0.));
#12540=DIRECTION('center_axis',(0.,-1.,0.));
#12541=DIRECTION('ref_axis',(1.,0.,0.));
#12542=DIRECTION('center_axis',(0.,1.,0.));
#12543=DIRECTION('ref_axis',(1.,0.,0.));
#12544=DIRECTION('center_axis',(0.,1.,0.));
#12545=DIRECTION('ref_axis',(1.,0.,0.));
#12546=DIRECTION('',(0.,1.,0.));
#12547=DIRECTION('center_axis',(0.,-1.,0.));
#12548=DIRECTION('ref_axis',(1.,0.,0.));
#12549=DIRECTION('center_axis',(0.,1.,0.));
#12550=DIRECTION('ref_axis',(1.,0.,0.));
#12551=DIRECTION('center_axis',(0.,1.,0.));
#12552=DIRECTION('ref_axis',(1.,0.,0.));
#12553=DIRECTION('',(0.,1.,0.));
#12554=DIRECTION('center_axis',(0.,-1.,0.));
#12555=DIRECTION('ref_axis',(1.,0.,0.));
#12556=DIRECTION('center_axis',(0.,1.,0.));
#12557=DIRECTION('ref_axis',(1.,0.,0.));
#12558=DIRECTION('center_axis',(0.,1.,0.));
#12559=DIRECTION('ref_axis',(1.,0.,0.));
#12560=DIRECTION('',(0.,1.,0.));
#12561=DIRECTION('center_axis',(0.,-1.,0.));
#12562=DIRECTION('ref_axis',(1.,0.,0.));
#12563=DIRECTION('center_axis',(-1.,0.,0.));
#12564=DIRECTION('ref_axis',(0.,0.,1.));
#12565=DIRECTION('',(0.,1.,0.));
#12566=DIRECTION('',(0.,0.,-1.));
#12567=DIRECTION('',(0.,-1.,0.));
#12568=DIRECTION('',(0.,0.,1.));
#12569=DIRECTION('center_axis',(0.,-1.,0.));
#12570=DIRECTION('ref_axis',(0.,0.,-1.));
#12571=DIRECTION('',(-1.,0.,0.));
#12572=DIRECTION('',(0.,0.,1.));
#12573=DIRECTION('',(-1.,0.,-2.01858731750029E-16));
#12574=DIRECTION('center_axis',(1.,0.,0.));
#12575=DIRECTION('ref_axis',(0.,0.,-1.));
#12576=DIRECTION('',(0.,-1.,0.));
#12577=DIRECTION('',(0.,0.,-1.));
#12578=DIRECTION('',(0.,1.,0.));
#12579=DIRECTION('center_axis',(-2.01858731750029E-16,0.,1.));
#12580=DIRECTION('ref_axis',(1.,0.,2.01858731750029E-16));
#12581=DIRECTION('',(1.,0.,2.01858731750029E-16));
#12582=DIRECTION('center_axis',(0.,1.,0.));
#12583=DIRECTION('ref_axis',(0.,0.,1.));
#12584=DIRECTION('',(1.,0.,0.));
#12585=DIRECTION('center_axis',(-1.,0.,0.));
#12586=DIRECTION('ref_axis',(0.,0.,1.));
#12587=DIRECTION('',(0.,1.,0.));
#12588=DIRECTION('',(0.,0.,-1.));
#12589=DIRECTION('',(0.,-1.,0.));
#12590=DIRECTION('',(0.,0.,1.));
#12591=DIRECTION('center_axis',(0.,-1.,0.));
#12592=DIRECTION('ref_axis',(0.,0.,-1.));
#12593=DIRECTION('',(-1.,0.,0.));
#12594=DIRECTION('',(0.,0.,1.));
#12595=DIRECTION('',(-1.,0.,-2.01858731750029E-16));
#12596=DIRECTION('center_axis',(1.,0.,0.));
#12597=DIRECTION('ref_axis',(0.,0.,-1.));
#12598=DIRECTION('',(0.,-1.,0.));
#12599=DIRECTION('',(0.,0.,-1.));
#12600=DIRECTION('',(0.,1.,0.));
#12601=DIRECTION('center_axis',(-2.01858731750029E-16,0.,1.));
#12602=DIRECTION('ref_axis',(1.,0.,2.01858731750029E-16));
#12603=DIRECTION('',(1.,0.,2.01858731750029E-16));
#12604=DIRECTION('center_axis',(0.,1.,0.));
#12605=DIRECTION('ref_axis',(0.,0.,1.));
#12606=DIRECTION('',(1.,0.,0.));
#12607=DIRECTION('center_axis',(-1.,0.,0.));
#12608=DIRECTION('ref_axis',(0.,0.,1.));
#12609=DIRECTION('',(0.,1.,0.));
#12610=DIRECTION('',(0.,0.,-1.));
#12611=DIRECTION('',(0.,-1.,0.));
#12612=DIRECTION('',(0.,0.,1.));
#12613=DIRECTION('center_axis',(0.,-1.,0.));
#12614=DIRECTION('ref_axis',(0.,0.,-1.));
#12615=DIRECTION('',(-1.,0.,0.));
#12616=DIRECTION('',(0.,0.,1.));
#12617=DIRECTION('',(-1.,0.,-2.01858731750029E-16));
#12618=DIRECTION('center_axis',(1.,0.,0.));
#12619=DIRECTION('ref_axis',(0.,0.,-1.));
#12620=DIRECTION('',(0.,-1.,0.));
#12621=DIRECTION('',(0.,0.,-1.));
#12622=DIRECTION('',(0.,1.,0.));
#12623=DIRECTION('center_axis',(-2.01858731750029E-16,0.,1.));
#12624=DIRECTION('ref_axis',(1.,0.,2.01858731750029E-16));
#12625=DIRECTION('',(1.,0.,2.01858731750029E-16));
#12626=DIRECTION('center_axis',(0.,1.,0.));
#12627=DIRECTION('ref_axis',(0.,0.,1.));
#12628=DIRECTION('',(1.,0.,0.));
#12629=DIRECTION('center_axis',(-1.,0.,0.));
#12630=DIRECTION('ref_axis',(0.,0.,1.));
#12631=DIRECTION('',(0.,1.,0.));
#12632=DIRECTION('',(0.,0.,-1.));
#12633=DIRECTION('',(0.,-1.,0.));
#12634=DIRECTION('',(0.,0.,1.));
#12635=DIRECTION('center_axis',(0.,-1.,0.));
#12636=DIRECTION('ref_axis',(0.,0.,-1.));
#12637=DIRECTION('',(-1.,0.,0.));
#12638=DIRECTION('',(0.,0.,1.));
#12639=DIRECTION('',(-1.,0.,-2.01858731750028E-16));
#12640=DIRECTION('center_axis',(1.,0.,0.));
#12641=DIRECTION('ref_axis',(0.,0.,-1.));
#12642=DIRECTION('',(0.,-1.,0.));
#12643=DIRECTION('',(0.,0.,-1.));
#12644=DIRECTION('',(0.,1.,0.));
#12645=DIRECTION('center_axis',(-2.01858731750028E-16,0.,1.));
#12646=DIRECTION('ref_axis',(1.,0.,2.01858731750028E-16));
#12647=DIRECTION('',(1.,0.,2.01858731750028E-16));
#12648=DIRECTION('center_axis',(0.,1.,0.));
#12649=DIRECTION('ref_axis',(0.,0.,1.));
#12650=DIRECTION('',(1.,0.,0.));
#12651=DIRECTION('center_axis',(-1.,0.,0.));
#12652=DIRECTION('ref_axis',(0.,0.,1.));
#12653=DIRECTION('',(0.,1.,0.));
#12654=DIRECTION('',(0.,0.,-1.));
#12655=DIRECTION('',(0.,-1.,0.));
#12656=DIRECTION('',(0.,0.,1.));
#12657=DIRECTION('center_axis',(0.,-1.,0.));
#12658=DIRECTION('ref_axis',(0.,0.,-1.));
#12659=DIRECTION('',(-1.,0.,0.));
#12660=DIRECTION('',(0.,0.,1.));
#12661=DIRECTION('',(-1.,0.,-2.01858731750029E-16));
#12662=DIRECTION('center_axis',(1.,0.,0.));
#12663=DIRECTION('ref_axis',(0.,0.,-1.));
#12664=DIRECTION('',(0.,-1.,0.));
#12665=DIRECTION('',(0.,0.,-1.));
#12666=DIRECTION('',(0.,1.,0.));
#12667=DIRECTION('center_axis',(-2.01858731750029E-16,0.,1.));
#12668=DIRECTION('ref_axis',(1.,0.,2.01858731750029E-16));
#12669=DIRECTION('',(1.,0.,2.01858731750029E-16));
#12670=DIRECTION('center_axis',(0.,1.,0.));
#12671=DIRECTION('ref_axis',(0.,0.,1.));
#12672=DIRECTION('',(1.,0.,0.));
#12673=DIRECTION('center_axis',(0.,1.,0.));
#12674=DIRECTION('ref_axis',(-1.,0.,0.));
#12675=DIRECTION('',(-1.,0.,0.));
#12676=DIRECTION('',(0.,0.,1.));
#12677=DIRECTION('',(-1.,0.,0.));
#12678=DIRECTION('',(0.,0.,1.));
#12679=DIRECTION('center_axis',(1.,0.,0.));
#12680=DIRECTION('ref_axis',(0.,1.,0.));
#12681=DIRECTION('',(0.,1.,0.));
#12682=DIRECTION('',(0.,1.,0.));
#12683=DIRECTION('',(0.,0.,1.));
#12684=DIRECTION('center_axis',(0.,-1.,0.));
#12685=DIRECTION('ref_axis',(1.,0.,0.));
#12686=DIRECTION('',(1.,0.,0.));
#12687=DIRECTION('',(1.,0.,0.));
#12688=DIRECTION('',(0.,0.,1.));
#12689=DIRECTION('center_axis',(-1.,0.,0.));
#12690=DIRECTION('ref_axis',(0.,-1.,0.));
#12691=DIRECTION('',(0.,-1.,0.));
#12692=DIRECTION('',(0.,-1.,0.));
#12693=DIRECTION('center_axis',(0.,0.,1.));
#12694=DIRECTION('ref_axis',(1.,0.,0.));
#12695=DIRECTION('center_axis',(0.,0.,1.));
#12696=DIRECTION('ref_axis',(1.,0.,0.));
#12697=DIRECTION('axis',(0.,0.,1.));
#12698=DIRECTION('refdir',(1.,0.,0.));
#12699=DIRECTION('center_axis',(1.,0.,0.));
#12700=DIRECTION('ref_axis',(0.,0.,-1.));
#12701=DIRECTION('center_axis',(-1.,0.,0.));
#12702=DIRECTION('ref_axis',(0.,0.,-1.));
#12703=DIRECTION('',(-1.,0.,0.));
#12704=DIRECTION('center_axis',(-1.,0.,0.));
#12705=DIRECTION('ref_axis',(0.,0.,-1.));
#12706=DIRECTION('center_axis',(1.,0.,0.));
#12707=DIRECTION('ref_axis',(0.,0.,-1.));
#12708=DIRECTION('center_axis',(1.,0.,0.));
#12709=DIRECTION('ref_axis',(0.,0.,-1.));
#12710=DIRECTION('',(-1.,0.,0.));
#12711=DIRECTION('center_axis',(1.,0.,0.));
#12712=DIRECTION('ref_axis',(0.,0.,-1.));
#12713=DIRECTION('center_axis',(1.,0.,0.));
#12714=DIRECTION('ref_axis',(0.,0.,-1.));
#12715=DIRECTION('center_axis',(1.,0.,0.));
#12716=DIRECTION('ref_axis',(0.,0.,-1.));
#12717=DIRECTION('axis',(0.,0.,1.));
#12718=DIRECTION('refdir',(1.,0.,0.));
#12719=DIRECTION('center_axis',(1.,0.,0.));
#12720=DIRECTION('ref_axis',(0.,0.,-1.));
#12721=DIRECTION('center_axis',(-1.,0.,0.));
#12722=DIRECTION('ref_axis',(0.,0.,-1.));
#12723=DIRECTION('',(-1.,0.,0.));
#12724=DIRECTION('center_axis',(-1.,0.,0.));
#12725=DIRECTION('ref_axis',(0.,0.,-1.));
#12726=DIRECTION('center_axis',(1.,0.,0.));
#12727=DIRECTION('ref_axis',(0.,0.,-1.));
#12728=DIRECTION('center_axis',(1.,0.,0.));
#12729=DIRECTION('ref_axis',(0.,0.,-1.));
#12730=DIRECTION('',(-1.,0.,0.));
#12731=DIRECTION('center_axis',(1.,0.,0.));
#12732=DIRECTION('ref_axis',(0.,0.,-1.));
#12733=DIRECTION('center_axis',(1.,0.,0.));
#12734=DIRECTION('ref_axis',(0.,0.,-1.));
#12735=DIRECTION('center_axis',(1.,0.,0.));
#12736=DIRECTION('ref_axis',(0.,0.,-1.));
#12737=DIRECTION('axis',(0.,0.,1.));
#12738=DIRECTION('refdir',(1.,0.,0.));
#12739=DIRECTION('center_axis',(1.,0.,0.));
#12740=DIRECTION('ref_axis',(0.,0.,-1.));
#12741=DIRECTION('center_axis',(-1.,0.,0.));
#12742=DIRECTION('ref_axis',(0.,0.,-1.));
#12743=DIRECTION('',(-1.,0.,0.));
#12744=DIRECTION('center_axis',(-1.,0.,0.));
#12745=DIRECTION('ref_axis',(0.,0.,-1.));
#12746=DIRECTION('center_axis',(1.,0.,0.));
#12747=DIRECTION('ref_axis',(0.,0.,-1.));
#12748=DIRECTION('center_axis',(1.,0.,0.));
#12749=DIRECTION('ref_axis',(0.,0.,-1.));
#12750=DIRECTION('',(-1.,0.,0.));
#12751=DIRECTION('center_axis',(1.,0.,0.));
#12752=DIRECTION('ref_axis',(0.,0.,-1.));
#12753=DIRECTION('center_axis',(1.,0.,0.));
#12754=DIRECTION('ref_axis',(0.,0.,-1.));
#12755=DIRECTION('center_axis',(1.,0.,0.));
#12756=DIRECTION('ref_axis',(0.,0.,-1.));
#12757=DIRECTION('axis',(0.,0.,1.));
#12758=DIRECTION('refdir',(1.,0.,0.));
#12759=DIRECTION('center_axis',(1.,0.,0.));
#12760=DIRECTION('ref_axis',(0.,0.,-1.));
#12761=DIRECTION('center_axis',(-1.,0.,0.));
#12762=DIRECTION('ref_axis',(0.,0.,-1.));
#12763=DIRECTION('',(-1.,0.,0.));
#12764=DIRECTION('center_axis',(-1.,0.,0.));
#12765=DIRECTION('ref_axis',(0.,0.,-1.));
#12766=DIRECTION('center_axis',(1.,0.,0.));
#12767=DIRECTION('ref_axis',(0.,0.,-1.));
#12768=DIRECTION('center_axis',(1.,0.,0.));
#12769=DIRECTION('ref_axis',(0.,0.,-1.));
#12770=DIRECTION('',(-1.,0.,0.));
#12771=DIRECTION('center_axis',(1.,0.,0.));
#12772=DIRECTION('ref_axis',(0.,0.,-1.));
#12773=DIRECTION('center_axis',(1.,0.,0.));
#12774=DIRECTION('ref_axis',(0.,0.,-1.));
#12775=DIRECTION('center_axis',(1.,0.,0.));
#12776=DIRECTION('ref_axis',(0.,0.,-1.));
#12777=DIRECTION('axis',(0.,0.,1.));
#12778=DIRECTION('refdir',(1.,0.,0.));
#12779=DIRECTION('center_axis',(1.,0.,0.));
#12780=DIRECTION('ref_axis',(0.,0.,-1.));
#12781=DIRECTION('center_axis',(-1.,0.,0.));
#12782=DIRECTION('ref_axis',(0.,0.,-1.));
#12783=DIRECTION('',(-1.,0.,0.));
#12784=DIRECTION('center_axis',(-1.,0.,0.));
#12785=DIRECTION('ref_axis',(0.,0.,-1.));
#12786=DIRECTION('center_axis',(1.,0.,0.));
#12787=DIRECTION('ref_axis',(0.,0.,-1.));
#12788=DIRECTION('center_axis',(1.,0.,0.));
#12789=DIRECTION('ref_axis',(0.,0.,-1.));
#12790=DIRECTION('',(-1.,0.,0.));
#12791=DIRECTION('center_axis',(1.,0.,0.));
#12792=DIRECTION('ref_axis',(0.,0.,-1.));
#12793=DIRECTION('center_axis',(1.,0.,0.));
#12794=DIRECTION('ref_axis',(0.,0.,-1.));
#12795=DIRECTION('center_axis',(1.,0.,0.));
#12796=DIRECTION('ref_axis',(0.,0.,-1.));
#12797=DIRECTION('axis',(0.,0.,1.));
#12798=DIRECTION('refdir',(1.,0.,0.));
#12799=DIRECTION('center_axis',(1.,0.,0.));
#12800=DIRECTION('ref_axis',(0.,0.,-1.));
#12801=DIRECTION('center_axis',(1.,0.,0.));
#12802=DIRECTION('ref_axis',(0.,0.,-1.));
#12803=DIRECTION('center_axis',(1.,0.,0.));
#12804=DIRECTION('ref_axis',(0.,0.,-1.));
#12805=DIRECTION('center_axis',(1.,0.,0.));
#12806=DIRECTION('ref_axis',(0.,0.,-1.));
#12807=DIRECTION('center_axis',(1.,0.,0.));
#12808=DIRECTION('ref_axis',(0.,0.,-1.));
#12809=DIRECTION('center_axis',(-1.,0.,0.));
#12810=DIRECTION('ref_axis',(0.,0.,-1.));
#12811=DIRECTION('center_axis',(1.,0.,0.));
#12812=DIRECTION('ref_axis',(0.,0.,-1.));
#12813=DIRECTION('',(-1.,0.,0.));
#12814=DIRECTION('center_axis',(1.,0.,0.));
#12815=DIRECTION('ref_axis',(0.,0.,-1.));
#12816=DIRECTION('',(-1.,0.,0.));
#12817=DIRECTION('center_axis',(1.,0.,0.));
#12818=DIRECTION('ref_axis',(0.,0.,-1.));
#12819=DIRECTION('center_axis',(1.,0.,0.));
#12820=DIRECTION('ref_axis',(0.,0.,-1.));
#12821=DIRECTION('center_axis',(1.,0.,0.));
#12822=DIRECTION('ref_axis',(0.,0.,-1.));
#12823=DIRECTION('center_axis',(1.,0.,0.));
#12824=DIRECTION('ref_axis',(0.,0.,-1.));
#12825=DIRECTION('center_axis',(1.,0.,0.));
#12826=DIRECTION('ref_axis',(0.,0.,-1.));
#12827=DIRECTION('',(-1.,0.,0.));
#12828=DIRECTION('center_axis',(1.,0.,0.));
#12829=DIRECTION('ref_axis',(0.,0.,-1.));
#12830=DIRECTION('center_axis',(1.,0.,0.));
#12831=DIRECTION('ref_axis',(0.,0.,-1.));
#12832=DIRECTION('center_axis',(1.,0.,0.));
#12833=DIRECTION('ref_axis',(0.,0.,-1.));
#12834=DIRECTION('',(0.,-1.,0.));
#12835=DIRECTION('center_axis',(1.,0.,0.));
#12836=DIRECTION('ref_axis',(0.,-1.,0.));
#12837=DIRECTION('',(0.,-1.,0.));
#12838=DIRECTION('',(0.,0.,1.));
#12839=DIRECTION('center_axis',(1.,0.,0.));
#12840=DIRECTION('ref_axis',(0.,0.,-1.));
#12841=DIRECTION('',(0.,0.,-1.));
#12842=DIRECTION('center_axis',(1.,0.,0.));
#12843=DIRECTION('ref_axis',(0.,0.,-1.));
#12844=DIRECTION('',(0.,-1.,0.));
#12845=DIRECTION('',(0.,0.,1.));
#12846=DIRECTION('center_axis',(1.,0.,0.));
#12847=DIRECTION('ref_axis',(0.,0.,-1.));
#12848=DIRECTION('',(0.,0.,-1.));
#12849=DIRECTION('',(0.,-1.,0.));
#12850=DIRECTION('center_axis',(1.,0.,0.));
#12851=DIRECTION('ref_axis',(0.,-1.,0.));
#12852=DIRECTION('center_axis',(1.,0.,0.));
#12853=DIRECTION('ref_axis',(0.,0.,-1.));
#12854=DIRECTION('center_axis',(0.,-1.,0.));
#12855=DIRECTION('ref_axis',(0.,0.,-1.));
#12856=DIRECTION('',(1.,0.,0.));
#12857=DIRECTION('',(1.,0.,0.));
#12858=DIRECTION('center_axis',(1.,0.,0.));
#12859=DIRECTION('ref_axis',(0.,-3.21624529935327E-16,1.));
#12860=DIRECTION('',(1.,0.,0.));
#12861=DIRECTION('center_axis',(0.,1.,0.));
#12862=DIRECTION('ref_axis',(0.,0.,1.));
#12863=DIRECTION('',(1.,0.,0.));
#12864=DIRECTION('center_axis',(0.,0.,1.));
#12865=DIRECTION('ref_axis',(0.,-1.,0.));
#12866=DIRECTION('',(1.,0.,0.));
#12867=DIRECTION('center_axis',(1.,0.,0.));
#12868=DIRECTION('ref_axis',(0.,-1.,0.));
#12869=DIRECTION('',(1.,0.,0.));
#12870=DIRECTION('center_axis',(0.,0.,1.));
#12871=DIRECTION('ref_axis',(0.,-1.,0.));
#12872=DIRECTION('center_axis',(1.,0.,0.));
#12873=DIRECTION('ref_axis',(0.,0.,-1.));
#12874=DIRECTION('',(0.,-1.,0.));
#12875=DIRECTION('',(0.,0.,1.));
#12876=DIRECTION('center_axis',(1.,0.,0.));
#12877=DIRECTION('ref_axis',(0.,0.,-1.));
#12878=DIRECTION('',(0.,0.,-1.));
#12879=DIRECTION('',(0.,-1.,0.));
#12880=DIRECTION('center_axis',(1.,0.,0.));
#12881=DIRECTION('ref_axis',(0.,-1.,0.));
#12882=DIRECTION('center_axis',(1.,0.,0.));
#12883=DIRECTION('ref_axis',(0.,0.,-1.));
#12884=DIRECTION('center_axis',(1.,0.,0.));
#12885=DIRECTION('ref_axis',(0.,0.,-1.));
#12886=DIRECTION('',(0.,-1.,0.));
#12887=DIRECTION('center_axis',(1.,0.,0.));
#12888=DIRECTION('ref_axis',(0.,-1.,0.));
#12889=DIRECTION('',(0.,-1.,0.));
#12890=DIRECTION('',(0.,0.,1.));
#12891=DIRECTION('center_axis',(1.,0.,0.));
#12892=DIRECTION('ref_axis',(0.,0.,-1.));
#12893=DIRECTION('',(0.,0.,-1.));
#12894=DIRECTION('center_axis',(1.,0.,0.));
#12895=DIRECTION('ref_axis',(0.,0.,-1.));
#12896=DIRECTION('center_axis',(0.,-1.,0.));
#12897=DIRECTION('ref_axis',(0.,0.,-1.));
#12898=DIRECTION('',(1.,0.,0.));
#12899=DIRECTION('',(1.,0.,0.));
#12900=DIRECTION('center_axis',(1.,0.,0.));
#12901=DIRECTION('ref_axis',(0.,-3.21624529935327E-16,1.));
#12902=DIRECTION('',(1.,0.,0.));
#12903=DIRECTION('center_axis',(0.,1.,0.));
#12904=DIRECTION('ref_axis',(0.,0.,1.));
#12905=DIRECTION('',(1.,0.,0.));
#12906=DIRECTION('center_axis',(0.,0.,1.));
#12907=DIRECTION('ref_axis',(0.,-1.,0.));
#12908=DIRECTION('',(1.,0.,0.));
#12909=DIRECTION('center_axis',(1.,0.,0.));
#12910=DIRECTION('ref_axis',(0.,-1.,0.));
#12911=DIRECTION('',(1.,0.,0.));
#12912=DIRECTION('center_axis',(0.,0.,1.));
#12913=DIRECTION('ref_axis',(0.,-1.,0.));
#12914=DIRECTION('center_axis',(1.,0.,0.));
#12915=DIRECTION('ref_axis',(0.,0.,-1.));
#12916=DIRECTION('',(-1.,0.,0.));
#12917=DIRECTION('center_axis',(1.,0.,0.));
#12918=DIRECTION('ref_axis',(0.,0.,-1.));
#12919=DIRECTION('center_axis',(1.,0.,0.));
#12920=DIRECTION('ref_axis',(0.,0.,-1.));
#12921=DIRECTION('',(0.,0.,1.));
#12922=DIRECTION('',(0.,1.,0.));
#12923=DIRECTION('center_axis',(1.,0.,0.));
#12924=DIRECTION('ref_axis',(0.,1.,0.));
#12925=DIRECTION('',(0.,1.,0.));
#12926=DIRECTION('',(0.,0.,-1.));
#12927=DIRECTION('center_axis',(1.,0.,0.));
#12928=DIRECTION('ref_axis',(0.,0.,-1.));
#12929=DIRECTION('center_axis',(1.,0.,0.));
#12930=DIRECTION('ref_axis',(0.,0.,-1.));
#12931=DIRECTION('center_axis',(1.,0.,0.));
#12932=DIRECTION('ref_axis',(0.,0.,-1.));
#12933=DIRECTION('',(0.,0.,-1.));
#12934=DIRECTION('',(0.,1.,0.));
#12935=DIRECTION('center_axis',(1.,0.,0.));
#12936=DIRECTION('ref_axis',(0.,1.,0.));
#12937=DIRECTION('',(0.,1.,0.));
#12938=DIRECTION('',(0.,0.,1.));
#12939=DIRECTION('center_axis',(1.,0.,0.));
#12940=DIRECTION('ref_axis',(0.,0.,-1.));
#12941=DIRECTION('center_axis',(0.,-1.,0.));
#12942=DIRECTION('ref_axis',(0.,0.,-1.));
#12943=DIRECTION('',(1.,0.,0.));
#12944=DIRECTION('',(1.,0.,0.));
#12945=DIRECTION('center_axis',(0.,0.,-1.));
#12946=DIRECTION('ref_axis',(0.,1.,0.));
#12947=DIRECTION('',(1.,0.,0.));
#12948=DIRECTION('center_axis',(1.,0.,0.));
#12949=DIRECTION('ref_axis',(0.,1.,0.));
#12950=DIRECTION('',(1.,0.,0.));
#12951=DIRECTION('center_axis',(0.,0.,-1.));
#12952=DIRECTION('ref_axis',(0.,1.,0.));
#12953=DIRECTION('',(1.,0.,0.));
#12954=DIRECTION('center_axis',(0.,1.,0.));
#12955=DIRECTION('ref_axis',(0.,0.,1.));
#12956=DIRECTION('',(1.,0.,0.));
#12957=DIRECTION('center_axis',(1.,0.,0.));
#12958=DIRECTION('ref_axis',(0.,0.,-1.));
#12959=DIRECTION('center_axis',(1.,0.,0.));
#12960=DIRECTION('ref_axis',(0.,0.,-1.));
#12961=DIRECTION('center_axis',(1.,0.,0.));
#12962=DIRECTION('ref_axis',(0.,0.,-1.));
#12963=DIRECTION('',(0.,0.,1.));
#12964=DIRECTION('',(0.,1.,0.));
#12965=DIRECTION('center_axis',(1.,0.,0.));
#12966=DIRECTION('ref_axis',(0.,1.,0.));
#12967=DIRECTION('',(0.,1.,0.));
#12968=DIRECTION('',(0.,0.,-1.));
#12969=DIRECTION('center_axis',(1.,0.,0.));
#12970=DIRECTION('ref_axis',(0.,0.,-1.));
#12971=DIRECTION('center_axis',(1.,0.,0.));
#12972=DIRECTION('ref_axis',(0.,0.,-1.));
#12973=DIRECTION('center_axis',(1.,0.,0.));
#12974=DIRECTION('ref_axis',(0.,0.,-1.));
#12975=DIRECTION('',(0.,0.,-1.));
#12976=DIRECTION('',(0.,1.,0.));
#12977=DIRECTION('center_axis',(1.,0.,0.));
#12978=DIRECTION('ref_axis',(0.,1.,0.));
#12979=DIRECTION('',(0.,1.,0.));
#12980=DIRECTION('',(0.,0.,1.));
#12981=DIRECTION('center_axis',(1.,0.,0.));
#12982=DIRECTION('ref_axis',(0.,0.,-1.));
#12983=DIRECTION('center_axis',(0.,-1.,0.));
#12984=DIRECTION('ref_axis',(0.,0.,-1.));
#12985=DIRECTION('',(1.,0.,0.));
#12986=DIRECTION('',(1.,0.,0.));
#12987=DIRECTION('center_axis',(0.,0.,-1.));
#12988=DIRECTION('ref_axis',(0.,1.,0.));
#12989=DIRECTION('',(1.,0.,0.));
#12990=DIRECTION('center_axis',(1.,0.,0.));
#12991=DIRECTION('ref_axis',(0.,1.,0.));
#12992=DIRECTION('',(1.,0.,0.));
#12993=DIRECTION('center_axis',(0.,0.,-1.));
#12994=DIRECTION('ref_axis',(0.,1.,0.));
#12995=DIRECTION('',(1.,0.,0.));
#12996=DIRECTION('center_axis',(0.,1.,0.));
#12997=DIRECTION('ref_axis',(0.,0.,1.));
#12998=DIRECTION('',(1.,0.,0.));
#12999=DIRECTION('center_axis',(1.,0.,0.));
#13000=DIRECTION('ref_axis',(0.,0.,-1.));
#13001=DIRECTION('center_axis',(1.,0.,0.));
#13002=DIRECTION('ref_axis',(0.,0.,-1.));
#13003=DIRECTION('center_axis',(1.,0.,0.));
#13004=DIRECTION('ref_axis',(0.,0.,-1.));
#13005=DIRECTION('',(0.,0.,1.));
#13006=DIRECTION('',(0.,1.,0.));
#13007=DIRECTION('center_axis',(1.,0.,0.));
#13008=DIRECTION('ref_axis',(0.,1.,0.));
#13009=DIRECTION('',(0.,1.,0.));
#13010=DIRECTION('',(0.,0.,-1.));
#13011=DIRECTION('center_axis',(1.,0.,0.));
#13012=DIRECTION('ref_axis',(0.,0.,-1.));
#13013=DIRECTION('center_axis',(1.,0.,0.));
#13014=DIRECTION('ref_axis',(0.,0.,-1.));
#13015=DIRECTION('center_axis',(1.,0.,0.));
#13016=DIRECTION('ref_axis',(0.,0.,-1.));
#13017=DIRECTION('',(0.,0.,-1.));
#13018=DIRECTION('',(0.,1.,0.));
#13019=DIRECTION('center_axis',(1.,0.,0.));
#13020=DIRECTION('ref_axis',(0.,1.,0.));
#13021=DIRECTION('',(0.,1.,0.));
#13022=DIRECTION('',(0.,0.,1.));
#13023=DIRECTION('center_axis',(1.,0.,0.));
#13024=DIRECTION('ref_axis',(0.,0.,-1.));
#13025=DIRECTION('center_axis',(0.,-1.,0.));
#13026=DIRECTION('ref_axis',(0.,0.,-1.));
#13027=DIRECTION('',(1.,0.,0.));
#13028=DIRECTION('',(1.,0.,0.));
#13029=DIRECTION('center_axis',(0.,0.,-1.));
#13030=DIRECTION('ref_axis',(0.,1.,0.));
#13031=DIRECTION('',(1.,0.,0.));
#13032=DIRECTION('center_axis',(1.,0.,0.));
#13033=DIRECTION('ref_axis',(0.,1.,0.));
#13034=DIRECTION('',(1.,0.,0.));
#13035=DIRECTION('center_axis',(0.,0.,-1.));
#13036=DIRECTION('ref_axis',(0.,1.,0.));
#13037=DIRECTION('',(1.,0.,0.));
#13038=DIRECTION('center_axis',(0.,1.,0.));
#13039=DIRECTION('ref_axis',(0.,0.,1.));
#13040=DIRECTION('',(1.,0.,0.));
#13041=DIRECTION('center_axis',(1.,0.,0.));
#13042=DIRECTION('ref_axis',(0.,0.,-1.));
#13043=DIRECTION('center_axis',(1.,0.,0.));
#13044=DIRECTION('ref_axis',(0.,0.,-1.));
#13045=DIRECTION('center_axis',(1.,0.,0.));
#13046=DIRECTION('ref_axis',(0.,0.,-1.));
#13047=DIRECTION('',(0.,0.,-1.));
#13048=DIRECTION('',(0.,1.,0.));
#13049=DIRECTION('center_axis',(1.,0.,0.));
#13050=DIRECTION('ref_axis',(0.,1.,0.));
#13051=DIRECTION('',(0.,1.,0.));
#13052=DIRECTION('',(0.,0.,1.));
#13053=DIRECTION('center_axis',(1.,0.,0.));
#13054=DIRECTION('ref_axis',(0.,0.,-1.));
#13055=DIRECTION('center_axis',(1.,0.,0.));
#13056=DIRECTION('ref_axis',(0.,0.,-1.));
#13057=DIRECTION('center_axis',(1.,0.,0.));
#13058=DIRECTION('ref_axis',(0.,0.,-1.));
#13059=DIRECTION('',(0.,0.,1.));
#13060=DIRECTION('',(0.,1.,0.));
#13061=DIRECTION('center_axis',(1.,0.,0.));
#13062=DIRECTION('ref_axis',(0.,1.,0.));
#13063=DIRECTION('',(0.,1.,0.));
#13064=DIRECTION('',(0.,0.,-1.));
#13065=DIRECTION('center_axis',(1.,0.,0.));
#13066=DIRECTION('ref_axis',(0.,0.,-1.));
#13067=DIRECTION('center_axis',(0.,-1.,0.));
#13068=DIRECTION('ref_axis',(0.,0.,-1.));
#13069=DIRECTION('',(1.,0.,0.));
#13070=DIRECTION('',(1.,0.,0.));
#13071=DIRECTION('center_axis',(0.,0.,-1.));
#13072=DIRECTION('ref_axis',(0.,1.,0.));
#13073=DIRECTION('',(1.,0.,0.));
#13074=DIRECTION('center_axis',(1.,0.,0.));
#13075=DIRECTION('ref_axis',(0.,1.,0.));
#13076=DIRECTION('',(1.,0.,0.));
#13077=DIRECTION('center_axis',(0.,0.,-1.));
#13078=DIRECTION('ref_axis',(0.,1.,0.));
#13079=DIRECTION('',(1.,0.,0.));
#13080=DIRECTION('center_axis',(0.,1.,0.));
#13081=DIRECTION('ref_axis',(0.,0.,1.));
#13082=DIRECTION('',(1.,0.,0.));
#13083=DIRECTION('center_axis',(1.,0.,0.));
#13084=DIRECTION('ref_axis',(0.,0.,-1.));
#13085=DIRECTION('center_axis',(1.,0.,0.));
#13086=DIRECTION('ref_axis',(0.,0.,-1.));
#13087=DIRECTION('',(-1.,0.,0.));
#13088=DIRECTION('center_axis',(1.,0.,0.));
#13089=DIRECTION('ref_axis',(0.,0.,-1.));
#13090=DIRECTION('',(0.,-1.,0.));
#13091=DIRECTION('center_axis',(1.,0.,0.));
#13092=DIRECTION('ref_axis',(0.,-1.,0.));
#13093=DIRECTION('',(0.,-1.,0.));
#13094=DIRECTION('',(0.,0.,1.));
#13095=DIRECTION('center_axis',(1.,0.,0.));
#13096=DIRECTION('ref_axis',(0.,0.,-1.));
#13097=DIRECTION('',(0.,0.,-1.));
#13098=DIRECTION('center_axis',(1.,0.,0.));
#13099=DIRECTION('ref_axis',(0.,0.,-1.));
#13100=DIRECTION('center_axis',(1.,0.,0.));
#13101=DIRECTION('ref_axis',(0.,0.,-1.));
#13102=DIRECTION('',(0.,-1.,0.));
#13103=DIRECTION('',(0.,0.,1.));
#13104=DIRECTION('center_axis',(1.,0.,0.));
#13105=DIRECTION('ref_axis',(0.,0.,-1.));
#13106=DIRECTION('',(0.,0.,-1.));
#13107=DIRECTION('',(0.,-1.,0.));
#13108=DIRECTION('center_axis',(1.,0.,0.));
#13109=DIRECTION('ref_axis',(0.,-1.,0.));
#13110=DIRECTION('center_axis',(1.,0.,0.));
#13111=DIRECTION('ref_axis',(0.,0.,-1.));
#13112=DIRECTION('center_axis',(0.,-1.,0.));
#13113=DIRECTION('ref_axis',(0.,0.,-1.));
#13114=DIRECTION('',(1.,0.,0.));
#13115=DIRECTION('',(1.,0.,0.));
#13116=DIRECTION('center_axis',(1.,0.,0.));
#13117=DIRECTION('ref_axis',(0.,-3.21624529935327E-16,1.));
#13118=DIRECTION('',(1.,0.,0.));
#13119=DIRECTION('center_axis',(0.,1.,0.));
#13120=DIRECTION('ref_axis',(0.,0.,1.));
#13121=DIRECTION('',(1.,0.,0.));
#13122=DIRECTION('center_axis',(0.,0.,1.));
#13123=DIRECTION('ref_axis',(0.,-1.,0.));
#13124=DIRECTION('',(1.,0.,0.));
#13125=DIRECTION('center_axis',(1.,0.,0.));
#13126=DIRECTION('ref_axis',(0.,-1.,0.));
#13127=DIRECTION('',(1.,0.,0.));
#13128=DIRECTION('center_axis',(0.,0.,1.));
#13129=DIRECTION('ref_axis',(0.,-1.,0.));
#13130=DIRECTION('center_axis',(1.,0.,0.));
#13131=DIRECTION('ref_axis',(0.,0.,-1.));
#13132=DIRECTION('',(0.,-1.,0.));
#13133=DIRECTION('center_axis',(1.,0.,0.));
#13134=DIRECTION('ref_axis',(0.,-1.,0.));
#13135=DIRECTION('',(0.,-1.,0.));
#13136=DIRECTION('',(0.,0.,1.));
#13137=DIRECTION('center_axis',(1.,0.,0.));
#13138=DIRECTION('ref_axis',(0.,0.,-1.));
#13139=DIRECTION('',(0.,0.,-1.));
#13140=DIRECTION('center_axis',(1.,0.,0.));
#13141=DIRECTION('ref_axis',(0.,0.,-1.));
#13142=DIRECTION('center_axis',(1.,0.,0.));
#13143=DIRECTION('ref_axis',(0.,0.,-1.));
#13144=DIRECTION('',(0.,-1.,0.));
#13145=DIRECTION('',(0.,0.,1.));
#13146=DIRECTION('center_axis',(1.,0.,0.));
#13147=DIRECTION('ref_axis',(0.,0.,-1.));
#13148=DIRECTION('',(0.,0.,-1.));
#13149=DIRECTION('',(0.,-1.,0.));
#13150=DIRECTION('center_axis',(1.,0.,0.));
#13151=DIRECTION('ref_axis',(0.,-1.,0.));
#13152=DIRECTION('center_axis',(1.,0.,0.));
#13153=DIRECTION('ref_axis',(0.,0.,-1.));
#13154=DIRECTION('center_axis',(0.,-1.,0.));
#13155=DIRECTION('ref_axis',(0.,0.,-1.));
#13156=DIRECTION('',(1.,0.,0.));
#13157=DIRECTION('',(1.,0.,0.));
#13158=DIRECTION('center_axis',(1.,0.,0.));
#13159=DIRECTION('ref_axis',(0.,-3.21624529935327E-16,1.));
#13160=DIRECTION('',(1.,0.,0.));
#13161=DIRECTION('center_axis',(0.,1.,0.));
#13162=DIRECTION('ref_axis',(0.,0.,1.));
#13163=DIRECTION('',(1.,0.,0.));
#13164=DIRECTION('center_axis',(0.,0.,1.));
#13165=DIRECTION('ref_axis',(0.,-1.,0.));
#13166=DIRECTION('',(1.,0.,0.));
#13167=DIRECTION('center_axis',(1.,0.,0.));
#13168=DIRECTION('ref_axis',(0.,-1.,0.));
#13169=DIRECTION('',(1.,0.,0.));
#13170=DIRECTION('center_axis',(0.,0.,1.));
#13171=DIRECTION('ref_axis',(0.,-1.,0.));
#13172=DIRECTION('center_axis',(1.,0.,0.));
#13173=DIRECTION('ref_axis',(0.,0.,-1.));
#13174=DIRECTION('',(-1.,0.,0.));
#13175=DIRECTION('center_axis',(1.,0.,0.));
#13176=DIRECTION('ref_axis',(0.,0.,-1.));
#13177=DIRECTION('center_axis',(1.,0.,0.));
#13178=DIRECTION('ref_axis',(0.,0.,-1.));
#13179=DIRECTION('center_axis',(1.,0.,0.));
#13180=DIRECTION('ref_axis',(0.,0.,-1.));
#13181=DIRECTION('',(-1.,0.,0.));
#13182=DIRECTION('center_axis',(1.,0.,0.));
#13183=DIRECTION('ref_axis',(0.,0.,-1.));
#13184=DIRECTION('',(-1.,0.,0.));
#13185=DIRECTION('center_axis',(1.,0.,0.));
#13186=DIRECTION('ref_axis',(0.,0.,-1.));
#13187=DIRECTION('',(-1.,0.,0.));
#13188=DIRECTION('center_axis',(1.,0.,0.));
#13189=DIRECTION('ref_axis',(0.,0.,-1.));
#13190=DIRECTION('',(-1.,0.,0.));
#13191=DIRECTION('center_axis',(1.,0.,0.));
#13192=DIRECTION('ref_axis',(0.,0.,-1.));
#13193=DIRECTION('',(-1.,0.,0.));
#13194=DIRECTION('center_axis',(1.,0.,0.));
#13195=DIRECTION('ref_axis',(0.,0.,-1.));
#13196=DIRECTION('',(-1.,0.,0.));
#13197=DIRECTION('axis',(0.,0.,1.));
#13198=DIRECTION('refdir',(1.,0.,0.));
#13199=DIRECTION('center_axis',(1.,0.,0.));
#13200=DIRECTION('ref_axis',(0.,-0.707106781186548,-0.707106781186547));
#13201=DIRECTION('center_axis',(1.,0.,0.));
#13202=DIRECTION('ref_axis',(0.,-0.707106781186548,-0.707106781186547));
#13203=DIRECTION('',(1.,0.,0.));
#13204=DIRECTION('center_axis',(-1.,0.,0.));
#13205=DIRECTION('ref_axis',(0.,-0.707106781186548,-0.707106781186547));
#13206=DIRECTION('center_axis',(1.,0.,0.));
#13207=DIRECTION('ref_axis',(0.,-1.,1.83697019872103E-16));
#13208=DIRECTION('center_axis',(1.,0.,0.));
#13209=DIRECTION('ref_axis',(0.,-1.,1.83697019872103E-16));
#13210=DIRECTION('',(1.,0.,0.));
#13211=DIRECTION('center_axis',(-1.,0.,0.));
#13212=DIRECTION('ref_axis',(0.,-1.,1.83697019872103E-16));
#13213=DIRECTION('center_axis',(1.,0.,0.));
#13214=DIRECTION('ref_axis',(0.,-0.707106781186547,0.707106781186548));
#13215=DIRECTION('center_axis',(1.,0.,0.));
#13216=DIRECTION('ref_axis',(0.,-0.707106781186547,0.707106781186548));
#13217=DIRECTION('',(1.,0.,0.));
#13218=DIRECTION('center_axis',(-1.,0.,0.));
#13219=DIRECTION('ref_axis',(0.,-0.707106781186547,0.707106781186548));
#13220=DIRECTION('center_axis',(1.,0.,0.));
#13221=DIRECTION('ref_axis',(0.,1.22464679914735E-16,1.));
#13222=DIRECTION('center_axis',(1.,0.,0.));
#13223=DIRECTION('ref_axis',(0.,1.22464679914735E-16,1.));
#13224=DIRECTION('',(1.,0.,0.));
#13225=DIRECTION('center_axis',(-1.,0.,0.));
#13226=DIRECTION('ref_axis',(0.,1.22464679914735E-16,1.));
#13227=DIRECTION('center_axis',(1.,0.,0.));
#13228=DIRECTION('ref_axis',(0.,0.707106781186548,0.707106781186548));
#13229=DIRECTION('center_axis',(1.,0.,0.));
#13230=DIRECTION('ref_axis',(0.,0.707106781186548,0.707106781186548));
#13231=DIRECTION('',(1.,0.,0.));
#13232=DIRECTION('center_axis',(-1.,0.,0.));
#13233=DIRECTION('ref_axis',(0.,0.707106781186548,0.707106781186548));
#13234=DIRECTION('center_axis',(1.,0.,0.));
#13235=DIRECTION('ref_axis',(0.,1.,-6.12323399573677E-17));
#13236=DIRECTION('center_axis',(1.,0.,0.));
#13237=DIRECTION('ref_axis',(0.,1.,-6.12323399573677E-17));
#13238=DIRECTION('',(1.,0.,0.));
#13239=DIRECTION('center_axis',(-1.,0.,0.));
#13240=DIRECTION('ref_axis',(0.,1.,-6.12323399573677E-17));
#13241=DIRECTION('center_axis',(1.,0.,0.));
#13242=DIRECTION('ref_axis',(0.,0.707106781186548,-0.707106781186548));
#13243=DIRECTION('center_axis',(1.,0.,0.));
#13244=DIRECTION('ref_axis',(0.,0.707106781186548,-0.707106781186548));
#13245=DIRECTION('',(1.,0.,0.));
#13246=DIRECTION('center_axis',(-1.,0.,0.));
#13247=DIRECTION('ref_axis',(0.,0.707106781186548,-0.707106781186548));
#13248=DIRECTION('center_axis',(1.,0.,0.));
#13249=DIRECTION('ref_axis',(0.,0.,-1.));
#13250=DIRECTION('center_axis',(1.,0.,0.));
#13251=DIRECTION('ref_axis',(0.,0.,-1.));
#13252=DIRECTION('',(1.,0.,0.));
#13253=DIRECTION('center_axis',(-1.,0.,0.));
#13254=DIRECTION('ref_axis',(0.,0.,-1.));
#13255=DIRECTION('center_axis',(1.,0.,0.));
#13256=DIRECTION('ref_axis',(0.,0.,-1.));
#13257=DIRECTION('center_axis',(-1.,0.,0.));
#13258=DIRECTION('ref_axis',(0.,0.,1.));
#13259=DIRECTION('center_axis',(-1.,0.,0.));
#13260=DIRECTION('ref_axis',(0.,0.,1.));
#13261=DIRECTION('center_axis',(-1.,0.,0.));
#13262=DIRECTION('ref_axis',(0.,0.,1.));
#13263=DIRECTION('',(1.,0.,0.));
#13264=DIRECTION('center_axis',(-1.,0.,0.));
#13265=DIRECTION('ref_axis',(0.,0.,1.));
#13266=DIRECTION('center_axis',(1.,0.,0.));
#13267=DIRECTION('ref_axis',(0.,0.,-1.));
#13268=DIRECTION('center_axis',(-1.,0.,0.));
#13269=DIRECTION('ref_axis',(0.,0.,1.));
#13270=DIRECTION('center_axis',(-1.,0.,0.));
#13271=DIRECTION('ref_axis',(0.,0.,1.));
#13272=DIRECTION('center_axis',(-1.,0.,0.));
#13273=DIRECTION('ref_axis',(0.,0.,1.));
#13274=DIRECTION('',(1.,0.,0.));
#13275=DIRECTION('center_axis',(-1.,0.,0.));
#13276=DIRECTION('ref_axis',(0.,0.,1.));
#13277=DIRECTION('center_axis',(-1.,0.,0.));
#13278=DIRECTION('ref_axis',(0.,0.,1.));
#13279=DIRECTION('center_axis',(-1.,0.,0.));
#13280=DIRECTION('ref_axis',(0.,0.,1.));
#13281=DIRECTION('',(1.,0.,0.));
#13282=DIRECTION('center_axis',(-1.,0.,0.));
#13283=DIRECTION('ref_axis',(0.,0.,1.));
#13284=DIRECTION('center_axis',(-1.,0.,0.));
#13285=DIRECTION('ref_axis',(0.,0.,1.));
#13286=DIRECTION('center_axis',(-1.,0.,0.));
#13287=DIRECTION('ref_axis',(0.,0.,1.));
#13288=DIRECTION('center_axis',(-1.,0.,0.));
#13289=DIRECTION('ref_axis',(0.,0.,1.));
#13290=DIRECTION('',(1.,0.,0.));
#13291=DIRECTION('axis',(0.,0.,1.));
#13292=DIRECTION('refdir',(1.,0.,0.));
#13293=DIRECTION('center_axis',(1.,0.,0.));
#13294=DIRECTION('ref_axis',(0.,-0.866025403784439,-0.499999999999999));
#13295=DIRECTION('center_axis',(1.,0.,0.));
#13296=DIRECTION('ref_axis',(0.,-0.866025403784439,-0.499999999999999));
#13297=DIRECTION('',(1.,0.,0.));
#13298=DIRECTION('center_axis',(-1.,0.,0.));
#13299=DIRECTION('ref_axis',(0.,-0.866025403784439,-0.499999999999999));
#13300=DIRECTION('center_axis',(1.,0.,0.));
#13301=DIRECTION('ref_axis',(0.,-0.866025403784438,0.5));
#13302=DIRECTION('center_axis',(1.,0.,0.));
#13303=DIRECTION('ref_axis',(0.,-0.866025403784438,0.5));
#13304=DIRECTION('',(1.,0.,0.));
#13305=DIRECTION('center_axis',(-1.,0.,0.));
#13306=DIRECTION('ref_axis',(0.,-0.866025403784438,0.5));
#13307=DIRECTION('center_axis',(1.,0.,0.));
#13308=DIRECTION('ref_axis',(0.,1.22464679914735E-16,1.));
#13309=DIRECTION('center_axis',(1.,0.,0.));
#13310=DIRECTION('ref_axis',(0.,1.22464679914735E-16,1.));
#13311=DIRECTION('',(1.,0.,0.));
#13312=DIRECTION('center_axis',(-1.,0.,0.));
#13313=DIRECTION('ref_axis',(0.,1.22464679914735E-16,1.));
#13314=DIRECTION('center_axis',(1.,0.,0.));
#13315=DIRECTION('ref_axis',(0.,0.866025403784439,0.5));
#13316=DIRECTION('center_axis',(1.,0.,0.));
#13317=DIRECTION('ref_axis',(0.,0.866025403784439,0.5));
#13318=DIRECTION('',(1.,0.,0.));
#13319=DIRECTION('center_axis',(-1.,0.,0.));
#13320=DIRECTION('ref_axis',(0.,0.866025403784439,0.5));
#13321=DIRECTION('center_axis',(1.,0.,0.));
#13322=DIRECTION('ref_axis',(0.,0.866025403784439,-0.5));
#13323=DIRECTION('center_axis',(1.,0.,0.));
#13324=DIRECTION('ref_axis',(0.,0.866025403784439,-0.5));
#13325=DIRECTION('',(1.,0.,0.));
#13326=DIRECTION('center_axis',(-1.,0.,0.));
#13327=DIRECTION('ref_axis',(0.,0.866025403784439,-0.5));
#13328=DIRECTION('center_axis',(1.,0.,0.));
#13329=DIRECTION('ref_axis',(0.,0.,-1.));
#13330=DIRECTION('center_axis',(1.,0.,0.));
#13331=DIRECTION('ref_axis',(0.,0.,-1.));
#13332=DIRECTION('',(1.,0.,0.));
#13333=DIRECTION('center_axis',(-1.,0.,0.));
#13334=DIRECTION('ref_axis',(0.,0.,-1.));
#13335=DIRECTION('center_axis',(1.,0.,0.));
#13336=DIRECTION('ref_axis',(0.,0.,-1.));
#13337=DIRECTION('center_axis',(-1.,0.,0.));
#13338=DIRECTION('ref_axis',(0.,0.,1.));
#13339=DIRECTION('center_axis',(-1.,0.,0.));
#13340=DIRECTION('ref_axis',(0.,0.,1.));
#13341=DIRECTION('center_axis',(-1.,0.,0.));
#13342=DIRECTION('ref_axis',(0.,0.,1.));
#13343=DIRECTION('center_axis',(-1.,0.,0.));
#13344=DIRECTION('ref_axis',(0.,0.,1.));
#13345=DIRECTION('',(1.,0.,0.));
#13346=DIRECTION('center_axis',(1.,0.,0.));
#13347=DIRECTION('ref_axis',(0.,0.,1.));
#13348=DIRECTION('center_axis',(-1.,0.,0.));
#13349=DIRECTION('ref_axis',(0.,0.,1.));
#13350=DIRECTION('',(0.164398987305357,-1.20798416151943E-16,-0.986393923832144));
#13351=DIRECTION('center_axis',(-1.,0.,0.));
#13352=DIRECTION('ref_axis',(0.,0.,1.));
#13353=DIRECTION('center_axis',(-1.,0.,0.));
#13354=DIRECTION('ref_axis',(0.,0.,1.));
#13355=DIRECTION('',(1.,0.,0.));
#13356=DIRECTION('center_axis',(-1.,0.,0.));
#13357=DIRECTION('ref_axis',(0.,0.,1.));
#13358=DIRECTION('center_axis',(-1.,0.,0.));
#13359=DIRECTION('ref_axis',(0.,0.,1.));
#13360=DIRECTION('',(0.16439898730536,1.20798416151943E-16,0.986393923832143));
#13361=DIRECTION('center_axis',(-1.,0.,0.));
#13362=DIRECTION('ref_axis',(0.,0.,1.));
#13363=DIRECTION('center_axis',(-1.,0.,0.));
#13364=DIRECTION('ref_axis',(0.,0.,1.));
#13365=DIRECTION('',(1.,0.,0.));
#13366=DIRECTION('center_axis',(1.,0.,0.));
#13367=DIRECTION('ref_axis',(0.,0.,1.));
#13368=DIRECTION('center_axis',(-1.,0.,0.));
#13369=DIRECTION('ref_axis',(0.,0.,1.));
#13370=DIRECTION('',(0.164398987305357,-1.20798416151943E-16,-0.986393923832144));
#13371=DIRECTION('center_axis',(-1.,0.,0.));
#13372=DIRECTION('ref_axis',(0.,0.,1.));
#13373=DIRECTION('center_axis',(-1.,0.,0.));
#13374=DIRECTION('ref_axis',(0.,0.,1.));
#13375=DIRECTION('',(1.,0.,0.));
#13376=DIRECTION('center_axis',(-1.,0.,0.));
#13377=DIRECTION('ref_axis',(0.,0.,1.));
#13378=DIRECTION('center_axis',(-1.,0.,0.));
#13379=DIRECTION('ref_axis',(0.,0.,1.));
#13380=DIRECTION('',(0.164398987305357,1.20798416151943E-16,0.986393923832144));
#13381=DIRECTION('center_axis',(-1.,0.,0.));
#13382=DIRECTION('ref_axis',(0.,0.,1.));
#13383=DIRECTION('center_axis',(-1.,0.,0.));
#13384=DIRECTION('ref_axis',(0.,0.,1.));
#13385=DIRECTION('',(1.,0.,0.));
#13386=DIRECTION('center_axis',(-1.,0.,0.));
#13387=DIRECTION('ref_axis',(0.,0.,1.));
#13388=DIRECTION('center_axis',(-1.,0.,0.));
#13389=DIRECTION('ref_axis',(0.,0.,1.));
#13390=DIRECTION('center_axis',(-1.,0.,0.));
#13391=DIRECTION('ref_axis',(0.,0.,1.));
#13392=DIRECTION('',(1.,0.,0.));
#13393=DIRECTION('axis',(0.,0.,1.));
#13394=DIRECTION('refdir',(1.,0.,0.));
#13395=DIRECTION('center_axis',(0.,0.,1.));
#13396=DIRECTION('ref_axis',(1.,0.,0.));
#13397=DIRECTION('',(0.5,0.866025403784439,0.));
#13398=DIRECTION('',(1.,0.,0.));
#13399=DIRECTION('',(0.5,-0.866025403784439,0.));
#13400=DIRECTION('',(-0.5,-0.866025403784439,0.));
#13401=DIRECTION('',(-1.,0.,0.));
#13402=DIRECTION('',(-0.5,0.866025403784439,0.));
#13403=DIRECTION('center_axis',(0.,0.,-1.));
#13404=DIRECTION('ref_axis',(1.,0.,0.));
#13405=DIRECTION('center_axis',(0.,-1.,0.));
#13406=DIRECTION('ref_axis',(1.,0.,0.));
#13407=DIRECTION('',(0.,0.,1.));
#13408=DIRECTION('',(1.,0.,0.));
#13409=DIRECTION('',(0.,0.,1.));
#13410=DIRECTION('center_axis',(-0.866025403784439,-0.5,0.));
#13411=DIRECTION('ref_axis',(0.5,-0.866025403784439,0.));
#13412=DIRECTION('',(0.5,-0.866025403784439,0.));
#13413=DIRECTION('',(0.,0.,1.));
#13414=DIRECTION('center_axis',(-0.866025403784439,0.5,0.));
#13415=DIRECTION('ref_axis',(-0.5,-0.866025403784439,0.));
#13416=DIRECTION('',(-0.5,-0.866025403784439,0.));
#13417=DIRECTION('',(0.,0.,1.));
#13418=DIRECTION('center_axis',(0.,1.,0.));
#13419=DIRECTION('ref_axis',(-1.,0.,0.));
#13420=DIRECTION('',(-1.,0.,0.));
#13421=DIRECTION('',(0.,0.,1.));
#13422=DIRECTION('center_axis',(0.866025403784439,0.5,0.));
#13423=DIRECTION('ref_axis',(-0.5,0.866025403784439,0.));
#13424=DIRECTION('',(-0.5,0.866025403784439,0.));
#13425=DIRECTION('',(0.,0.,1.));
#13426=DIRECTION('center_axis',(0.866025403784439,-0.5,0.));
#13427=DIRECTION('ref_axis',(0.5,0.866025403784439,0.));
#13428=DIRECTION('',(0.5,0.866025403784439,0.));
#13429=DIRECTION('center_axis',(0.,0.,1.));
#13430=DIRECTION('ref_axis',(1.,0.,0.));
#13431=DIRECTION('center_axis',(0.,0.,1.));
#13432=DIRECTION('ref_axis',(1.,0.,0.));
#13433=DIRECTION('',(0.,0.,-1.));
#13434=DIRECTION('center_axis',(0.,0.,1.));
#13435=DIRECTION('ref_axis',(1.,0.,0.));
#13436=DIRECTION('center_axis',(0.,0.,1.));
#13437=DIRECTION('ref_axis',(1.,0.,0.));
#13438=DIRECTION('center_axis',(0.,0.,1.));
#13439=DIRECTION('ref_axis',(1.,0.,0.));
#13440=DIRECTION('',(0.5,0.866025403784439,0.));
#13441=DIRECTION('',(1.,0.,0.));
#13442=DIRECTION('',(0.5,-0.866025403784439,0.));
#13443=DIRECTION('',(-0.5,-0.866025403784439,0.));
#13444=DIRECTION('',(-1.,0.,0.));
#13445=DIRECTION('',(-0.5,0.866025403784439,0.));
#13446=DIRECTION('center_axis',(0.,0.,-1.));
#13447=DIRECTION('ref_axis',(1.,0.,0.));
#13448=DIRECTION('center_axis',(0.,-1.,0.));
#13449=DIRECTION('ref_axis',(1.,0.,0.));
#13450=DIRECTION('',(0.,0.,1.));
#13451=DIRECTION('',(1.,0.,0.));
#13452=DIRECTION('',(0.,0.,1.));
#13453=DIRECTION('center_axis',(-0.866025403784439,-0.5,0.));
#13454=DIRECTION('ref_axis',(0.5,-0.866025403784439,0.));
#13455=DIRECTION('',(0.5,-0.866025403784439,0.));
#13456=DIRECTION('',(0.,0.,1.));
#13457=DIRECTION('center_axis',(-0.866025403784439,0.5,0.));
#13458=DIRECTION('ref_axis',(-0.5,-0.866025403784439,0.));
#13459=DIRECTION('',(-0.5,-0.866025403784439,0.));
#13460=DIRECTION('',(0.,0.,1.));
#13461=DIRECTION('center_axis',(0.,1.,0.));
#13462=DIRECTION('ref_axis',(-1.,0.,0.));
#13463=DIRECTION('',(-1.,0.,0.));
#13464=DIRECTION('',(0.,0.,1.));
#13465=DIRECTION('center_axis',(0.866025403784439,0.5,0.));
#13466=DIRECTION('ref_axis',(-0.5,0.866025403784439,0.));
#13467=DIRECTION('',(-0.5,0.866025403784439,0.));
#13468=DIRECTION('',(0.,0.,1.));
#13469=DIRECTION('center_axis',(0.866025403784439,-0.5,0.));
#13470=DIRECTION('ref_axis',(0.5,0.866025403784439,0.));
#13471=DIRECTION('',(0.5,0.866025403784439,0.));
#13472=DIRECTION('center_axis',(0.,0.,1.));
#13473=DIRECTION('ref_axis',(1.,0.,0.));
#13474=DIRECTION('center_axis',(0.,0.,1.));
#13475=DIRECTION('ref_axis',(1.,0.,0.));
#13476=DIRECTION('',(0.,0.,-1.));
#13477=DIRECTION('center_axis',(0.,0.,1.));
#13478=DIRECTION('ref_axis',(1.,0.,0.));
#13479=DIRECTION('center_axis',(0.,0.,1.));
#13480=DIRECTION('ref_axis',(1.,0.,0.));
#13481=DIRECTION('center_axis',(0.,0.,1.));
#13482=DIRECTION('ref_axis',(1.,0.,0.));
#13483=DIRECTION('',(0.5,0.866025403784439,0.));
#13484=DIRECTION('',(1.,0.,0.));
#13485=DIRECTION('',(0.5,-0.866025403784439,0.));
#13486=DIRECTION('',(-0.5,-0.866025403784439,0.));
#13487=DIRECTION('',(-1.,0.,0.));
#13488=DIRECTION('',(-0.5,0.866025403784439,0.));
#13489=DIRECTION('center_axis',(0.,0.,-1.));
#13490=DIRECTION('ref_axis',(1.,0.,0.));
#13491=DIRECTION('center_axis',(0.,-1.,0.));
#13492=DIRECTION('ref_axis',(1.,0.,0.));
#13493=DIRECTION('',(0.,0.,1.));
#13494=DIRECTION('',(1.,0.,0.));
#13495=DIRECTION('',(0.,0.,1.));
#13496=DIRECTION('center_axis',(-0.866025403784439,-0.5,0.));
#13497=DIRECTION('ref_axis',(0.5,-0.866025403784439,0.));
#13498=DIRECTION('',(0.5,-0.866025403784439,0.));
#13499=DIRECTION('',(0.,0.,1.));
#13500=DIRECTION('center_axis',(-0.866025403784439,0.5,0.));
#13501=DIRECTION('ref_axis',(-0.5,-0.866025403784439,0.));
#13502=DIRECTION('',(-0.5,-0.866025403784439,0.));
#13503=DIRECTION('',(0.,0.,1.));
#13504=DIRECTION('center_axis',(0.,1.,0.));
#13505=DIRECTION('ref_axis',(-1.,0.,0.));
#13506=DIRECTION('',(-1.,0.,0.));
#13507=DIRECTION('',(0.,0.,1.));
#13508=DIRECTION('center_axis',(0.866025403784439,0.5,0.));
#13509=DIRECTION('ref_axis',(-0.5,0.866025403784439,0.));
#13510=DIRECTION('',(-0.5,0.866025403784439,0.));
#13511=DIRECTION('',(0.,0.,1.));
#13512=DIRECTION('center_axis',(0.866025403784439,-0.5,0.));
#13513=DIRECTION('ref_axis',(0.5,0.866025403784439,0.));
#13514=DIRECTION('',(0.5,0.866025403784439,0.));
#13515=DIRECTION('center_axis',(0.,0.,1.));
#13516=DIRECTION('ref_axis',(1.,0.,0.));
#13517=DIRECTION('center_axis',(0.,0.,1.));
#13518=DIRECTION('ref_axis',(1.,0.,0.));
#13519=DIRECTION('',(0.,0.,-1.));
#13520=DIRECTION('center_axis',(0.,0.,1.));
#13521=DIRECTION('ref_axis',(1.,0.,0.));
#13522=DIRECTION('center_axis',(0.,0.,1.));
#13523=DIRECTION('ref_axis',(1.,0.,0.));
#13524=DIRECTION('center_axis',(0.,0.,1.));
#13525=DIRECTION('ref_axis',(1.,0.,0.));
#13526=DIRECTION('',(0.5,0.866025403784439,0.));
#13527=DIRECTION('',(1.,0.,0.));
#13528=DIRECTION('',(0.5,-0.866025403784439,0.));
#13529=DIRECTION('',(-0.5,-0.866025403784439,0.));
#13530=DIRECTION('',(-1.,0.,0.));
#13531=DIRECTION('',(-0.5,0.866025403784439,0.));
#13532=DIRECTION('center_axis',(0.,0.,-1.));
#13533=DIRECTION('ref_axis',(1.,0.,0.));
#13534=DIRECTION('center_axis',(0.,-1.,0.));
#13535=DIRECTION('ref_axis',(1.,0.,0.));
#13536=DIRECTION('',(0.,0.,1.));
#13537=DIRECTION('',(1.,0.,0.));
#13538=DIRECTION('',(0.,0.,1.));
#13539=DIRECTION('center_axis',(-0.866025403784439,-0.5,0.));
#13540=DIRECTION('ref_axis',(0.5,-0.866025403784439,0.));
#13541=DIRECTION('',(0.5,-0.866025403784439,0.));
#13542=DIRECTION('',(0.,0.,1.));
#13543=DIRECTION('center_axis',(-0.866025403784439,0.5,0.));
#13544=DIRECTION('ref_axis',(-0.5,-0.866025403784439,0.));
#13545=DIRECTION('',(-0.5,-0.866025403784439,0.));
#13546=DIRECTION('',(0.,0.,1.));
#13547=DIRECTION('center_axis',(0.,1.,0.));
#13548=DIRECTION('ref_axis',(-1.,0.,0.));
#13549=DIRECTION('',(-1.,0.,0.));
#13550=DIRECTION('',(0.,0.,1.));
#13551=DIRECTION('center_axis',(0.866025403784439,0.5,0.));
#13552=DIRECTION('ref_axis',(-0.5,0.866025403784439,0.));
#13553=DIRECTION('',(-0.5,0.866025403784439,0.));
#13554=DIRECTION('',(0.,0.,1.));
#13555=DIRECTION('center_axis',(0.866025403784439,-0.5,0.));
#13556=DIRECTION('ref_axis',(0.5,0.866025403784439,0.));
#13557=DIRECTION('',(0.5,0.866025403784439,0.));
#13558=DIRECTION('center_axis',(0.,0.,1.));
#13559=DIRECTION('ref_axis',(1.,0.,0.));
#13560=DIRECTION('center_axis',(0.,0.,1.));
#13561=DIRECTION('ref_axis',(1.,0.,0.));
#13562=DIRECTION('',(0.,0.,-1.));
#13563=DIRECTION('center_axis',(0.,0.,1.));
#13564=DIRECTION('ref_axis',(1.,0.,0.));
#13565=DIRECTION('center_axis',(0.,0.,1.));
#13566=DIRECTION('ref_axis',(1.,0.,0.));
#13567=DIRECTION('center_axis',(0.,0.,1.));
#13568=DIRECTION('ref_axis',(1.,0.,0.));
#13569=DIRECTION('',(0.5,0.866025403784439,0.));
#13570=DIRECTION('',(1.,0.,0.));
#13571=DIRECTION('',(0.5,-0.866025403784439,0.));
#13572=DIRECTION('',(-0.5,-0.866025403784439,0.));
#13573=DIRECTION('',(-1.,0.,0.));
#13574=DIRECTION('',(-0.5,0.866025403784439,0.));
#13575=DIRECTION('center_axis',(0.,0.,-1.));
#13576=DIRECTION('ref_axis',(1.,0.,0.));
#13577=DIRECTION('center_axis',(0.,-1.,0.));
#13578=DIRECTION('ref_axis',(1.,0.,0.));
#13579=DIRECTION('',(0.,0.,1.));
#13580=DIRECTION('',(1.,0.,0.));
#13581=DIRECTION('',(0.,0.,1.));
#13582=DIRECTION('center_axis',(-0.866025403784439,-0.5,0.));
#13583=DIRECTION('ref_axis',(0.5,-0.866025403784439,0.));
#13584=DIRECTION('',(0.5,-0.866025403784439,0.));
#13585=DIRECTION('',(0.,0.,1.));
#13586=DIRECTION('center_axis',(-0.866025403784439,0.5,0.));
#13587=DIRECTION('ref_axis',(-0.5,-0.866025403784439,0.));
#13588=DIRECTION('',(-0.5,-0.866025403784439,0.));
#13589=DIRECTION('',(0.,0.,1.));
#13590=DIRECTION('center_axis',(0.,1.,0.));
#13591=DIRECTION('ref_axis',(-1.,0.,0.));
#13592=DIRECTION('',(-1.,0.,0.));
#13593=DIRECTION('',(0.,0.,1.));
#13594=DIRECTION('center_axis',(0.866025403784439,0.5,0.));
#13595=DIRECTION('ref_axis',(-0.5,0.866025403784439,0.));
#13596=DIRECTION('',(-0.5,0.866025403784439,0.));
#13597=DIRECTION('',(0.,0.,1.));
#13598=DIRECTION('center_axis',(0.866025403784439,-0.5,0.));
#13599=DIRECTION('ref_axis',(0.5,0.866025403784439,0.));
#13600=DIRECTION('',(0.5,0.866025403784439,0.));
#13601=DIRECTION('center_axis',(0.,0.,1.));
#13602=DIRECTION('ref_axis',(1.,0.,0.));
#13603=DIRECTION('center_axis',(0.,0.,1.));
#13604=DIRECTION('ref_axis',(1.,0.,0.));
#13605=DIRECTION('',(0.,0.,-1.));
#13606=DIRECTION('center_axis',(0.,0.,1.));
#13607=DIRECTION('ref_axis',(1.,0.,0.));
#13608=DIRECTION('center_axis',(0.,0.,1.));
#13609=DIRECTION('ref_axis',(1.,0.,0.));
#13610=DIRECTION('center_axis',(0.,0.,1.));
#13611=DIRECTION('ref_axis',(1.,0.,0.));
#13612=DIRECTION('',(0.5,0.866025403784439,0.));
#13613=DIRECTION('',(1.,0.,0.));
#13614=DIRECTION('',(0.5,-0.866025403784439,0.));
#13615=DIRECTION('',(-0.5,-0.866025403784439,0.));
#13616=DIRECTION('',(-1.,0.,0.));
#13617=DIRECTION('',(-0.5,0.866025403784439,0.));
#13618=DIRECTION('center_axis',(0.,0.,-1.));
#13619=DIRECTION('ref_axis',(1.,0.,0.));
#13620=DIRECTION('center_axis',(0.,-1.,0.));
#13621=DIRECTION('ref_axis',(1.,0.,0.));
#13622=DIRECTION('',(0.,0.,1.));
#13623=DIRECTION('',(1.,0.,0.));
#13624=DIRECTION('',(0.,0.,1.));
#13625=DIRECTION('center_axis',(-0.866025403784439,-0.5,0.));
#13626=DIRECTION('ref_axis',(0.5,-0.866025403784439,0.));
#13627=DIRECTION('',(0.5,-0.866025403784439,0.));
#13628=DIRECTION('',(0.,0.,1.));
#13629=DIRECTION('center_axis',(-0.866025403784439,0.5,0.));
#13630=DIRECTION('ref_axis',(-0.5,-0.866025403784439,0.));
#13631=DIRECTION('',(-0.5,-0.866025403784439,0.));
#13632=DIRECTION('',(0.,0.,1.));
#13633=DIRECTION('center_axis',(0.,1.,0.));
#13634=DIRECTION('ref_axis',(-1.,0.,0.));
#13635=DIRECTION('',(-1.,0.,0.));
#13636=DIRECTION('',(0.,0.,1.));
#13637=DIRECTION('center_axis',(0.866025403784439,0.5,0.));
#13638=DIRECTION('ref_axis',(-0.5,0.866025403784439,0.));
#13639=DIRECTION('',(-0.5,0.866025403784439,0.));
#13640=DIRECTION('',(0.,0.,1.));
#13641=DIRECTION('center_axis',(0.866025403784439,-0.5,0.));
#13642=DIRECTION('ref_axis',(0.5,0.866025403784439,0.));
#13643=DIRECTION('',(0.5,0.866025403784439,0.));
#13644=DIRECTION('center_axis',(0.,0.,1.));
#13645=DIRECTION('ref_axis',(1.,0.,0.));
#13646=DIRECTION('center_axis',(0.,0.,1.));
#13647=DIRECTION('ref_axis',(1.,0.,0.));
#13648=DIRECTION('',(0.,0.,-1.));
#13649=DIRECTION('center_axis',(0.,0.,1.));
#13650=DIRECTION('ref_axis',(1.,0.,0.));
#13651=DIRECTION('center_axis',(0.,0.,1.));
#13652=DIRECTION('ref_axis',(1.,0.,0.));
#13653=DIRECTION('center_axis',(0.,0.,1.));
#13654=DIRECTION('ref_axis',(1.,0.,0.));
#13655=DIRECTION('',(0.5,0.866025403784439,0.));
#13656=DIRECTION('',(1.,0.,0.));
#13657=DIRECTION('',(0.5,-0.866025403784439,0.));
#13658=DIRECTION('',(-0.5,-0.866025403784439,0.));
#13659=DIRECTION('',(-1.,0.,0.));
#13660=DIRECTION('',(-0.5,0.866025403784439,0.));
#13661=DIRECTION('center_axis',(0.,0.,-1.));
#13662=DIRECTION('ref_axis',(1.,0.,0.));
#13663=DIRECTION('center_axis',(0.,-1.,0.));
#13664=DIRECTION('ref_axis',(1.,0.,0.));
#13665=DIRECTION('',(0.,0.,1.));
#13666=DIRECTION('',(1.,0.,0.));
#13667=DIRECTION('',(0.,0.,1.));
#13668=DIRECTION('center_axis',(-0.866025403784439,-0.5,0.));
#13669=DIRECTION('ref_axis',(0.5,-0.866025403784439,0.));
#13670=DIRECTION('',(0.5,-0.866025403784439,0.));
#13671=DIRECTION('',(0.,0.,1.));
#13672=DIRECTION('center_axis',(-0.866025403784439,0.5,0.));
#13673=DIRECTION('ref_axis',(-0.5,-0.866025403784439,0.));
#13674=DIRECTION('',(-0.5,-0.866025403784439,0.));
#13675=DIRECTION('',(0.,0.,1.));
#13676=DIRECTION('center_axis',(0.,1.,0.));
#13677=DIRECTION('ref_axis',(-1.,0.,0.));
#13678=DIRECTION('',(-1.,0.,0.));
#13679=DIRECTION('',(0.,0.,1.));
#13680=DIRECTION('center_axis',(0.866025403784439,0.5,0.));
#13681=DIRECTION('ref_axis',(-0.5,0.866025403784439,0.));
#13682=DIRECTION('',(-0.5,0.866025403784439,0.));
#13683=DIRECTION('',(0.,0.,1.));
#13684=DIRECTION('center_axis',(0.866025403784439,-0.5,0.));
#13685=DIRECTION('ref_axis',(0.5,0.866025403784439,0.));
#13686=DIRECTION('',(0.5,0.866025403784439,0.));
#13687=DIRECTION('center_axis',(0.,0.,1.));
#13688=DIRECTION('ref_axis',(1.,0.,0.));
#13689=DIRECTION('center_axis',(0.,0.,1.));
#13690=DIRECTION('ref_axis',(1.,0.,0.));
#13691=DIRECTION('',(0.,0.,-1.));
#13692=DIRECTION('center_axis',(0.,0.,1.));
#13693=DIRECTION('ref_axis',(1.,0.,0.));
#13694=DIRECTION('center_axis',(0.,0.,1.));
#13695=DIRECTION('ref_axis',(1.,0.,0.));
#13696=DIRECTION('center_axis',(0.,0.,1.));
#13697=DIRECTION('ref_axis',(1.,0.,0.));
#13698=DIRECTION('',(0.5,0.866025403784439,0.));
#13699=DIRECTION('',(1.,0.,0.));
#13700=DIRECTION('',(0.5,-0.866025403784439,0.));
#13701=DIRECTION('',(-0.5,-0.866025403784439,0.));
#13702=DIRECTION('',(-1.,0.,0.));
#13703=DIRECTION('',(-0.5,0.866025403784439,0.));
#13704=DIRECTION('center_axis',(0.,0.,-1.));
#13705=DIRECTION('ref_axis',(1.,0.,0.));
#13706=DIRECTION('center_axis',(0.,-1.,0.));
#13707=DIRECTION('ref_axis',(1.,0.,0.));
#13708=DIRECTION('',(0.,0.,1.));
#13709=DIRECTION('',(1.,0.,0.));
#13710=DIRECTION('',(0.,0.,1.));
#13711=DIRECTION('center_axis',(-0.866025403784439,-0.5,0.));
#13712=DIRECTION('ref_axis',(0.5,-0.866025403784439,0.));
#13713=DIRECTION('',(0.5,-0.866025403784439,0.));
#13714=DIRECTION('',(0.,0.,1.));
#13715=DIRECTION('center_axis',(-0.866025403784439,0.5,0.));
#13716=DIRECTION('ref_axis',(-0.5,-0.866025403784439,0.));
#13717=DIRECTION('',(-0.5,-0.866025403784439,0.));
#13718=DIRECTION('',(0.,0.,1.));
#13719=DIRECTION('center_axis',(0.,1.,0.));
#13720=DIRECTION('ref_axis',(-1.,0.,0.));
#13721=DIRECTION('',(-1.,0.,0.));
#13722=DIRECTION('',(0.,0.,1.));
#13723=DIRECTION('center_axis',(0.866025403784439,0.5,0.));
#13724=DIRECTION('ref_axis',(-0.5,0.866025403784439,0.));
#13725=DIRECTION('',(-0.5,0.866025403784439,0.));
#13726=DIRECTION('',(0.,0.,1.));
#13727=DIRECTION('center_axis',(0.866025403784439,-0.5,0.));
#13728=DIRECTION('ref_axis',(0.5,0.866025403784439,0.));
#13729=DIRECTION('',(0.5,0.866025403784439,0.));
#13730=DIRECTION('center_axis',(0.,0.,1.));
#13731=DIRECTION('ref_axis',(1.,0.,0.));
#13732=DIRECTION('center_axis',(0.,0.,1.));
#13733=DIRECTION('ref_axis',(1.,0.,0.));
#13734=DIRECTION('',(0.,0.,-1.));
#13735=DIRECTION('center_axis',(0.,0.,1.));
#13736=DIRECTION('ref_axis',(1.,0.,0.));
#13737=DIRECTION('center_axis',(0.,0.,1.));
#13738=DIRECTION('ref_axis',(1.,0.,0.));
#13739=DIRECTION('axis',(0.,0.,1.));
#13740=DIRECTION('refdir',(1.,0.,0.));
#13741=DIRECTION('center_axis',(0.,0.,1.));
#13742=DIRECTION('ref_axis',(-0.707106781186548,-0.707106781186547,0.));
#13743=DIRECTION('center_axis',(0.,0.,-1.));
#13744=DIRECTION('ref_axis',(-0.707106781186548,-0.707106781186547,0.));
#13745=DIRECTION('',(0.,0.,-1.));
#13746=DIRECTION('center_axis',(0.,0.,1.));
#13747=DIRECTION('ref_axis',(-0.707106781186548,-0.707106781186547,0.));
#13748=DIRECTION('',(0.,0.,1.));
#13749=DIRECTION('center_axis',(-1.,0.,0.));
#13750=DIRECTION('ref_axis',(0.,-1.,0.));
#13751=DIRECTION('',(0.,-1.,0.));
#13752=DIRECTION('',(0.,0.,1.));
#13753=DIRECTION('',(0.,-1.,0.));
#13754=DIRECTION('center_axis',(0.,0.,1.));
#13755=DIRECTION('ref_axis',(1.,0.,0.));
#13756=DIRECTION('',(1.,0.,0.));
#13757=DIRECTION('center_axis',(0.,0.,-1.));
#13758=DIRECTION('ref_axis',(0.707106781186548,-0.707106781186547,0.));
#13759=DIRECTION('',(0.,1.,0.));
#13760=DIRECTION('center_axis',(0.,0.,-1.));
#13761=DIRECTION('ref_axis',(0.707106781186548,0.707106781186547,0.));
#13762=DIRECTION('',(-1.,0.,0.));
#13763=DIRECTION('center_axis',(0.,0.,-1.));
#13764=DIRECTION('ref_axis',(-0.707106781186548,0.707106781186547,0.));
#13765=DIRECTION('center_axis',(0.,0.,-1.));
#13766=DIRECTION('ref_axis',(1.,0.,0.));
#13767=DIRECTION('center_axis',(0.,0.,-1.));
#13768=DIRECTION('ref_axis',(1.,0.,0.));
#13769=DIRECTION('center_axis',(0.,0.,-1.));
#13770=DIRECTION('ref_axis',(1.,0.,0.));
#13771=DIRECTION('center_axis',(0.,0.,-1.));
#13772=DIRECTION('ref_axis',(1.,0.,0.));
#13773=DIRECTION('center_axis',(0.,0.,-1.));
#13774=DIRECTION('ref_axis',(1.,0.,0.));
#13775=DIRECTION('center_axis',(0.,0.,-1.));
#13776=DIRECTION('ref_axis',(1.,0.,0.));
#13777=DIRECTION('center_axis',(0.,0.,-1.));
#13778=DIRECTION('ref_axis',(1.,0.,0.));
#13779=DIRECTION('center_axis',(0.,0.,-1.));
#13780=DIRECTION('ref_axis',(1.,0.,0.));
#13781=DIRECTION('',(1.,0.,0.));
#13782=DIRECTION('',(0.,-1.,0.));
#13783=DIRECTION('',(-1.,0.,0.));
#13784=DIRECTION('',(0.,1.,0.));
#13785=DIRECTION('center_axis',(0.,0.,-1.));
#13786=DIRECTION('ref_axis',(1.,0.,0.));
#13787=DIRECTION('center_axis',(0.,0.,-1.));
#13788=DIRECTION('ref_axis',(1.,0.,0.));
#13789=DIRECTION('center_axis',(0.,0.,1.));
#13790=DIRECTION('ref_axis',(0.707106781186548,-0.707106781186547,0.));
#13791=DIRECTION('',(0.,0.,-1.));
#13792=DIRECTION('center_axis',(0.,0.,1.));
#13793=DIRECTION('ref_axis',(0.707106781186548,-0.707106781186547,0.));
#13794=DIRECTION('',(0.,0.,1.));
#13795=DIRECTION('center_axis',(1.,0.,0.));
#13796=DIRECTION('ref_axis',(0.,1.,0.));
#13797=DIRECTION('',(0.,1.,0.));
#13798=DIRECTION('',(0.,0.,-1.));
#13799=DIRECTION('center_axis',(0.,0.,1.));
#13800=DIRECTION('ref_axis',(0.707106781186548,0.707106781186547,0.));
#13801=DIRECTION('center_axis',(0.,0.,1.));
#13802=DIRECTION('ref_axis',(0.707106781186548,0.707106781186547,0.));
#13803=DIRECTION('',(0.,0.,1.));
#13804=DIRECTION('center_axis',(0.,0.,1.));
#13805=DIRECTION('ref_axis',(-0.707106781186548,0.707106781186547,0.));
#13806=DIRECTION('',(0.,0.,-1.));
#13807=DIRECTION('center_axis',(0.,0.,1.));
#13808=DIRECTION('ref_axis',(-0.707106781186548,0.707106781186547,0.));
#13809=DIRECTION('center_axis',(0.,0.,1.));
#13810=DIRECTION('ref_axis',(1.,0.,0.));
#13811=DIRECTION('center_axis',(0.,0.,1.));
#13812=DIRECTION('ref_axis',(1.,0.,0.));
#13813=DIRECTION('',(0.,0.,1.));
#13814=DIRECTION('center_axis',(0.,0.,1.));
#13815=DIRECTION('ref_axis',(1.,0.,0.));
#13816=DIRECTION('center_axis',(0.,0.,1.));
#13817=DIRECTION('ref_axis',(1.,0.,0.));
#13818=DIRECTION('center_axis',(0.,0.,1.));
#13819=DIRECTION('ref_axis',(1.,0.,0.));
#13820=DIRECTION('',(0.,0.,1.));
#13821=DIRECTION('center_axis',(0.,0.,1.));
#13822=DIRECTION('ref_axis',(1.,0.,0.));
#13823=DIRECTION('center_axis',(0.,0.,1.));
#13824=DIRECTION('ref_axis',(1.,0.,0.));
#13825=DIRECTION('center_axis',(0.,0.,1.));
#13826=DIRECTION('ref_axis',(1.,0.,0.));
#13827=DIRECTION('',(0.,0.,1.));
#13828=DIRECTION('center_axis',(0.,0.,1.));
#13829=DIRECTION('ref_axis',(1.,0.,0.));
#13830=DIRECTION('center_axis',(0.,0.,1.));
#13831=DIRECTION('ref_axis',(1.,0.,0.));
#13832=DIRECTION('center_axis',(0.,0.,1.));
#13833=DIRECTION('ref_axis',(1.,0.,0.));
#13834=DIRECTION('',(0.,0.,1.));
#13835=DIRECTION('center_axis',(0.,0.,1.));
#13836=DIRECTION('ref_axis',(1.,0.,0.));
#13837=DIRECTION('center_axis',(0.,0.,1.));
#13838=DIRECTION('ref_axis',(1.,0.,0.));
#13839=DIRECTION('center_axis',(0.,0.,1.));
#13840=DIRECTION('ref_axis',(1.,0.,0.));
#13841=DIRECTION('',(0.,0.,1.));
#13842=DIRECTION('center_axis',(0.,0.,1.));
#13843=DIRECTION('ref_axis',(1.,0.,0.));
#13844=DIRECTION('center_axis',(0.,0.,1.));
#13845=DIRECTION('ref_axis',(1.,0.,0.));
#13846=DIRECTION('center_axis',(0.,0.,1.));
#13847=DIRECTION('ref_axis',(1.,0.,0.));
#13848=DIRECTION('',(0.,0.,1.));
#13849=DIRECTION('',(0.,0.,1.));
#13850=DIRECTION('',(0.,0.,1.));
#13851=DIRECTION('center_axis',(0.,0.,1.));
#13852=DIRECTION('ref_axis',(1.,0.,0.));
#13853=DIRECTION('center_axis',(0.,0.,1.));
#13854=DIRECTION('ref_axis',(1.,0.,0.));
#13855=DIRECTION('center_axis',(0.,0.,1.));
#13856=DIRECTION('ref_axis',(1.,0.,0.));
#13857=DIRECTION('',(0.,0.,1.));
#13858=DIRECTION('',(0.,0.,1.));
#13859=DIRECTION('',(0.,0.,1.));
#13860=DIRECTION('center_axis',(0.,0.,1.));
#13861=DIRECTION('ref_axis',(1.,0.,0.));
#13862=DIRECTION('',(0.,0.,1.));
#13863=DIRECTION('',(0.,0.,1.));
#13864=DIRECTION('center_axis',(0.,0.,1.));
#13865=DIRECTION('ref_axis',(1.,0.,0.));
#13866=DIRECTION('center_axis',(0.,0.,1.));
#13867=DIRECTION('ref_axis',(1.,0.,0.));
#13868=DIRECTION('center_axis',(0.,0.,1.));
#13869=DIRECTION('ref_axis',(1.,0.,0.));
#13870=DIRECTION('',(0.,0.,1.));
#13871=DIRECTION('',(0.,0.,1.));
#13872=DIRECTION('',(0.,0.,1.));
#13873=DIRECTION('center_axis',(0.,0.,1.));
#13874=DIRECTION('ref_axis',(1.,0.,0.));
#13875=DIRECTION('',(0.,0.,1.));
#13876=DIRECTION('',(0.,0.,1.));
#13877=DIRECTION('center_axis',(0.,0.,1.));
#13878=DIRECTION('ref_axis',(1.,0.,0.));
#13879=DIRECTION('center_axis',(0.,0.,1.));
#13880=DIRECTION('ref_axis',(1.,0.,0.));
#13881=DIRECTION('center_axis',(0.,0.,1.));
#13882=DIRECTION('ref_axis',(1.,0.,0.));
#13883=DIRECTION('',(0.,0.,1.));
#13884=DIRECTION('',(0.,0.,1.));
#13885=DIRECTION('',(0.,0.,1.));
#13886=DIRECTION('center_axis',(0.,0.,1.));
#13887=DIRECTION('ref_axis',(1.,0.,0.));
#13888=DIRECTION('',(0.,0.,1.));
#13889=DIRECTION('',(0.,0.,1.));
#13890=DIRECTION('center_axis',(0.,0.,1.));
#13891=DIRECTION('ref_axis',(1.,0.,0.));
#13892=DIRECTION('center_axis',(0.,0.,1.));
#13893=DIRECTION('ref_axis',(1.,0.,0.));
#13894=DIRECTION('center_axis',(0.,0.,1.));
#13895=DIRECTION('ref_axis',(1.,0.,0.));
#13896=DIRECTION('',(0.,0.,1.));
#13897=DIRECTION('',(0.,0.,1.));
#13898=DIRECTION('center_axis',(0.,0.,1.));
#13899=DIRECTION('ref_axis',(1.,0.,0.));
#13900=DIRECTION('',(0.,0.,1.));
#13901=DIRECTION('center_axis',(0.,0.,1.));
#13902=DIRECTION('ref_axis',(1.,0.,0.));
#13903=DIRECTION('center_axis',(0.,-1.,0.));
#13904=DIRECTION('ref_axis',(1.,0.,0.));
#13905=DIRECTION('',(0.,0.,1.));
#13906=DIRECTION('',(1.,0.,0.));
#13907=DIRECTION('',(1.,0.,0.));
#13908=DIRECTION('',(1.,0.,0.));
#13909=DIRECTION('',(1.,0.,0.));
#13910=DIRECTION('',(1.,0.,0.));
#13911=DIRECTION('',(1.,0.,0.));
#13912=DIRECTION('',(1.,0.,0.));
#13913=DIRECTION('',(1.,0.,0.));
#13914=DIRECTION('',(1.,0.,0.));
#13915=DIRECTION('',(0.,0.,1.));
#13916=DIRECTION('center_axis',(-1.,0.,0.));
#13917=DIRECTION('ref_axis',(0.,-1.,0.));
#13918=DIRECTION('',(0.,-1.,0.));
#13919=DIRECTION('',(0.,0.,1.));
#13920=DIRECTION('center_axis',(0.,0.,1.));
#13921=DIRECTION('ref_axis',(1.,0.,0.));
#13922=DIRECTION('',(0.,-1.,0.));
#13923=DIRECTION('',(-1.,0.,0.));
#13924=DIRECTION('center_axis',(0.,0.,1.));
#13925=DIRECTION('ref_axis',(1.,0.,0.));
#13926=DIRECTION('',(-1.,0.,0.));
#13927=DIRECTION('',(0.,1.,0.));
#13928=DIRECTION('',(0.,1.,0.));
#13929=DIRECTION('',(-1.,0.,0.));
#13930=DIRECTION('',(0.,-1.,0.));
#13931=DIRECTION('',(-1.,0.,0.));
#13932=DIRECTION('center_axis',(0.,0.,1.));
#13933=DIRECTION('ref_axis',(1.,0.,0.));
#13934=DIRECTION('',(-1.,0.,0.));
#13935=DIRECTION('',(0.,1.,0.));
#13936=DIRECTION('',(0.,-1.,0.));
#13937=DIRECTION('',(-1.,0.,0.));
#13938=DIRECTION('center_axis',(0.,0.,1.));
#13939=DIRECTION('ref_axis',(1.,0.,0.));
#13940=DIRECTION('',(-1.,0.,0.));
#13941=DIRECTION('',(0.,1.,0.));
#13942=DIRECTION('',(0.,-1.,0.));
#13943=DIRECTION('',(-1.,0.,0.));
#13944=DIRECTION('center_axis',(0.,0.,1.));
#13945=DIRECTION('ref_axis',(1.,0.,0.));
#13946=DIRECTION('',(-1.,0.,0.));
#13947=DIRECTION('',(0.,1.,0.));
#13948=DIRECTION('center_axis',(0.,1.,0.));
#13949=DIRECTION('ref_axis',(-1.,0.,0.));
#13950=DIRECTION('',(0.,0.,1.));
#13951=DIRECTION('center_axis',(1.,0.,0.));
#13952=DIRECTION('ref_axis',(0.,1.,0.));
#13953=DIRECTION('center_axis',(0.,0.,1.));
#13954=DIRECTION('ref_axis',(1.,0.,0.));
#13955=DIRECTION('',(0.,1.,0.));
#13956=DIRECTION('',(0.,1.,0.));
#13957=DIRECTION('',(1.,0.,0.));
#13958=DIRECTION('',(0.,-1.,0.));
#13959=DIRECTION('',(0.,-1.,0.));
#13960=DIRECTION('center_axis',(0.,0.,1.));
#13961=DIRECTION('ref_axis',(1.,0.,0.));
#13962=DIRECTION('',(0.,1.,0.));
#13963=DIRECTION('',(0.,1.,0.));
#13964=DIRECTION('',(1.,0.,0.));
#13965=DIRECTION('',(0.,-1.,0.));
#13966=DIRECTION('',(0.,-1.,0.));
#13967=DIRECTION('center_axis',(0.,0.,1.));
#13968=DIRECTION('ref_axis',(1.,0.,0.));
#13969=DIRECTION('',(0.,1.,0.));
#13970=DIRECTION('',(0.,1.,0.));
#13971=DIRECTION('',(1.,0.,0.));
#13972=DIRECTION('',(0.,-1.,0.));
#13973=DIRECTION('',(0.,-1.,0.));
#13974=DIRECTION('center_axis',(0.,0.,1.));
#13975=DIRECTION('ref_axis',(1.,0.,0.));
#13976=DIRECTION('',(0.,1.,0.));
#13977=DIRECTION('',(0.,1.,0.));
#13978=DIRECTION('',(1.,0.,0.));
#13979=DIRECTION('',(0.,-1.,0.));
#13980=DIRECTION('',(0.,-1.,0.));
#13981=DIRECTION('center_axis',(0.,1.,0.));
#13982=DIRECTION('ref_axis',(-1.,0.,0.));
#13983=DIRECTION('',(0.,0.,-1.));
#13984=DIRECTION('',(0.,0.,1.));
#13985=DIRECTION('',(-1.,0.,0.));
#13986=DIRECTION('center_axis',(-1.,0.,0.));
#13987=DIRECTION('ref_axis',(0.,-1.,0.));
#13988=DIRECTION('',(0.,-1.,0.));
#13989=DIRECTION('',(0.,0.,1.));
#13990=DIRECTION('',(0.,-1.,0.));
#13991=DIRECTION('',(0.,0.,-1.));
#13992=DIRECTION('center_axis',(0.,1.,0.));
#13993=DIRECTION('ref_axis',(-1.,0.,0.));
#13994=DIRECTION('',(0.,0.,1.));
#13995=DIRECTION('',(-1.,0.,0.));
#13996=DIRECTION('',(0.,0.,1.));
#13997=DIRECTION('center_axis',(1.,0.,0.));
#13998=DIRECTION('ref_axis',(0.,1.,0.));
#13999=DIRECTION('',(0.,1.,0.));
#14000=DIRECTION('',(0.,0.,1.));
#14001=DIRECTION('',(0.,1.,0.));
#14002=DIRECTION('',(0.,0.,-1.));
#14003=DIRECTION('center_axis',(0.,0.,1.));
#14004=DIRECTION('ref_axis',(1.,0.,0.));
#14005=DIRECTION('',(1.,0.,0.));
#14006=DIRECTION('',(-1.,0.,0.));
#14007=DIRECTION('center_axis',(0.,0.,1.));
#14008=DIRECTION('ref_axis',(6.12323399573677E-17,1.,0.));
#14009=DIRECTION('center_axis',(0.,0.,1.));
#14010=DIRECTION('ref_axis',(1.,0.,0.));
#14011=DIRECTION('center_axis',(0.,1.,0.));
#14012=DIRECTION('ref_axis',(-1.,0.,0.));
#14013=DIRECTION('',(0.,0.,-1.));
#14014=DIRECTION('',(0.,0.,1.));
#14015=DIRECTION('',(-1.,0.,0.));
#14016=DIRECTION('center_axis',(-1.,0.,0.));
#14017=DIRECTION('ref_axis',(0.,-1.,0.));
#14018=DIRECTION('',(0.,-1.,0.));
#14019=DIRECTION('',(0.,0.,1.));
#14020=DIRECTION('',(0.,-1.,0.));
#14021=DIRECTION('',(0.,0.,-1.));
#14022=DIRECTION('center_axis',(0.,1.,0.));
#14023=DIRECTION('ref_axis',(-1.,0.,0.));
#14024=DIRECTION('',(0.,0.,1.));
#14025=DIRECTION('',(-1.,0.,0.));
#14026=DIRECTION('',(0.,0.,1.));
#14027=DIRECTION('center_axis',(1.,0.,0.));
#14028=DIRECTION('ref_axis',(0.,1.,0.));
#14029=DIRECTION('',(0.,1.,0.));
#14030=DIRECTION('',(0.,0.,1.));
#14031=DIRECTION('',(0.,1.,0.));
#14032=DIRECTION('',(0.,0.,-1.));
#14033=DIRECTION('center_axis',(0.,0.,1.));
#14034=DIRECTION('ref_axis',(1.,0.,0.));
#14035=DIRECTION('',(1.,0.,0.));
#14036=DIRECTION('',(-1.,0.,0.));
#14037=DIRECTION('center_axis',(0.,0.,1.));
#14038=DIRECTION('ref_axis',(6.12323399573677E-17,1.,0.));
#14039=DIRECTION('center_axis',(0.,0.,1.));
#14040=DIRECTION('ref_axis',(1.,0.,0.));
#14041=DIRECTION('center_axis',(0.,1.,0.));
#14042=DIRECTION('ref_axis',(-1.,0.,0.));
#14043=DIRECTION('',(0.,0.,-1.));
#14044=DIRECTION('',(0.,0.,1.));
#14045=DIRECTION('',(-1.,0.,0.));
#14046=DIRECTION('center_axis',(-1.,0.,0.));
#14047=DIRECTION('ref_axis',(0.,-1.,0.));
#14048=DIRECTION('',(0.,-1.,0.));
#14049=DIRECTION('',(0.,0.,1.));
#14050=DIRECTION('',(0.,-1.,0.));
#14051=DIRECTION('',(0.,0.,-1.));
#14052=DIRECTION('center_axis',(0.,1.,0.));
#14053=DIRECTION('ref_axis',(-1.,0.,0.));
#14054=DIRECTION('',(0.,0.,1.));
#14055=DIRECTION('',(-1.,0.,0.));
#14056=DIRECTION('',(0.,0.,1.));
#14057=DIRECTION('center_axis',(1.,0.,0.));
#14058=DIRECTION('ref_axis',(0.,1.,0.));
#14059=DIRECTION('',(0.,1.,0.));
#14060=DIRECTION('',(0.,0.,1.));
#14061=DIRECTION('',(0.,1.,0.));
#14062=DIRECTION('',(0.,0.,-1.));
#14063=DIRECTION('center_axis',(0.,0.,1.));
#14064=DIRECTION('ref_axis',(1.,0.,0.));
#14065=DIRECTION('',(1.,0.,0.));
#14066=DIRECTION('',(-1.,0.,0.));
#14067=DIRECTION('center_axis',(0.,0.,1.));
#14068=DIRECTION('ref_axis',(6.12323399573677E-17,1.,0.));
#14069=DIRECTION('center_axis',(0.,0.,1.));
#14070=DIRECTION('ref_axis',(1.,0.,0.));
#14071=DIRECTION('center_axis',(0.,1.,0.));
#14072=DIRECTION('ref_axis',(-1.,0.,0.));
#14073=DIRECTION('',(0.,0.,-1.));
#14074=DIRECTION('',(0.,0.,1.));
#14075=DIRECTION('',(-1.,0.,0.));
#14076=DIRECTION('center_axis',(-1.,0.,0.));
#14077=DIRECTION('ref_axis',(0.,-1.,0.));
#14078=DIRECTION('',(0.,-1.,0.));
#14079=DIRECTION('',(0.,0.,1.));
#14080=DIRECTION('',(0.,-1.,0.));
#14081=DIRECTION('',(0.,0.,-1.));
#14082=DIRECTION('center_axis',(0.,1.,0.));
#14083=DIRECTION('ref_axis',(-1.,0.,0.));
#14084=DIRECTION('',(0.,0.,1.));
#14085=DIRECTION('',(-1.,0.,0.));
#14086=DIRECTION('',(0.,0.,1.));
#14087=DIRECTION('center_axis',(1.,0.,0.));
#14088=DIRECTION('ref_axis',(0.,1.,0.));
#14089=DIRECTION('',(0.,1.,0.));
#14090=DIRECTION('',(0.,0.,1.));
#14091=DIRECTION('',(0.,1.,0.));
#14092=DIRECTION('',(0.,0.,-1.));
#14093=DIRECTION('center_axis',(0.,0.,1.));
#14094=DIRECTION('ref_axis',(1.,0.,0.));
#14095=DIRECTION('',(1.,0.,0.));
#14096=DIRECTION('',(-1.,0.,0.));
#14097=DIRECTION('center_axis',(0.,0.,1.));
#14098=DIRECTION('ref_axis',(6.12323399573677E-17,1.,0.));
#14099=DIRECTION('center_axis',(0.,0.,1.));
#14100=DIRECTION('ref_axis',(1.,0.,0.));
#14101=DIRECTION('center_axis',(0.,-1.,0.));
#14102=DIRECTION('ref_axis',(1.,0.,0.));
#14103=DIRECTION('',(1.,0.,0.));
#14104=DIRECTION('',(0.,0.,1.));
#14105=DIRECTION('',(1.,0.,0.));
#14106=DIRECTION('',(0.,0.,1.));
#14107=DIRECTION('',(1.,0.,0.));
#14108=DIRECTION('',(1.,0.,0.));
#14109=DIRECTION('',(1.,0.,0.));
#14110=DIRECTION('',(1.,0.,0.));
#14111=DIRECTION('center_axis',(1.,0.,0.));
#14112=DIRECTION('ref_axis',(0.,1.,0.));
#14113=DIRECTION('',(0.,1.,0.));
#14114=DIRECTION('',(0.,1.,0.));
#14115=DIRECTION('',(0.,0.,1.));
#14116=DIRECTION('center_axis',(0.,1.,0.));
#14117=DIRECTION('ref_axis',(-1.,0.,0.));
#14118=DIRECTION('',(-1.,0.,0.));
#14119=DIRECTION('',(-1.,0.,0.));
#14120=DIRECTION('',(0.,0.,1.));
#14121=DIRECTION('center_axis',(-1.,0.,0.));
#14122=DIRECTION('ref_axis',(0.,-1.,0.));
#14123=DIRECTION('',(0.,-1.,0.));
#14124=DIRECTION('',(0.,-1.,0.));
#14125=DIRECTION('center_axis',(0.,0.,1.));
#14126=DIRECTION('ref_axis',(1.,0.,0.));
#14127=DIRECTION('center_axis',(0.,1.,0.));
#14128=DIRECTION('ref_axis',(-1.,0.,0.));
#14129=DIRECTION('',(-1.,0.,0.));
#14130=DIRECTION('center_axis',(0.,-1.,0.));
#14131=DIRECTION('ref_axis',(1.,0.,0.));
#14132=DIRECTION('',(1.,0.,0.));
#14133=DIRECTION('center_axis',(0.,0.,1.));
#14134=DIRECTION('ref_axis',(1.,0.,0.));
#14135=DIRECTION('axis',(0.,0.,1.));
#14136=DIRECTION('refdir',(1.,0.,0.));
#14137=DIRECTION('center_axis',(0.,0.,1.));
#14138=DIRECTION('ref_axis',(1.,0.,0.));
#14139=DIRECTION('center_axis',(0.,0.,-1.));
#14140=DIRECTION('ref_axis',(1.,0.,0.));
#14141=DIRECTION('',(-1.,0.,0.));
#14142=DIRECTION('center_axis',(0.,0.,1.));
#14143=DIRECTION('ref_axis',(1.,0.,0.));
#14144=DIRECTION('',(-1.,0.,0.));
#14145=DIRECTION('center_axis',(0.,1.,0.));
#14146=DIRECTION('ref_axis',(-1.,0.,0.));
#14147=DIRECTION('',(0.,0.,-1.));
#14148=DIRECTION('',(0.,0.,1.));
#14149=DIRECTION('',(-1.,0.,0.));
#14150=DIRECTION('center_axis',(0.,1.,0.));
#14151=DIRECTION('ref_axis',(-1.,0.,0.));
#14152=DIRECTION('',(0.,0.,1.));
#14153=DIRECTION('',(-1.,0.,0.));
#14154=DIRECTION('',(0.,0.,-1.));
#14155=DIRECTION('center_axis',(0.,0.,1.));
#14156=DIRECTION('ref_axis',(1.,0.,0.));
#14157=DIRECTION('center_axis',(0.,0.,1.));
#14158=DIRECTION('ref_axis',(1.,0.,0.));
#14159=DIRECTION('center_axis',(0.,0.,-1.));
#14160=DIRECTION('ref_axis',(1.,0.,0.));
#14161=DIRECTION('center_axis',(0.,0.,1.));
#14162=DIRECTION('ref_axis',(1.,0.,0.));
#14163=DIRECTION('center_axis',(0.,0.,1.));
#14164=DIRECTION('ref_axis',(1.,0.,0.));
#14165=DIRECTION('center_axis',(0.,0.,-1.));
#14166=DIRECTION('ref_axis',(1.,0.,0.));
#14167=DIRECTION('center_axis',(0.,0.,1.));
#14168=DIRECTION('ref_axis',(1.,0.,0.));
#14169=DIRECTION('center_axis',(0.,0.,1.));
#14170=DIRECTION('ref_axis',(1.,0.,0.));
#14171=DIRECTION('',(0.,0.,-1.));
#14172=DIRECTION('center_axis',(0.,0.,1.));
#14173=DIRECTION('ref_axis',(1.,0.,0.));
#14174=DIRECTION('center_axis',(0.,0.,-1.));
#14175=DIRECTION('ref_axis',(1.,0.,0.));
#14176=DIRECTION('',(0.,0.,-1.));
#14177=DIRECTION('center_axis',(0.,0.,-1.));
#14178=DIRECTION('ref_axis',(1.,0.,0.));
#14179=DIRECTION('center_axis',(0.,0.,1.));
#14180=DIRECTION('ref_axis',(1.,0.,0.));
#14181=DIRECTION('',(0.,0.,-1.));
#14182=DIRECTION('center_axis',(0.,0.,1.));
#14183=DIRECTION('ref_axis',(1.,0.,0.));
#14184=DIRECTION('center_axis',(0.,0.,1.));
#14185=DIRECTION('ref_axis',(1.,0.,0.));
#14186=DIRECTION('center_axis',(0.,0.,1.));
#14187=DIRECTION('ref_axis',(1.,0.,0.));
#14188=DIRECTION('axis',(0.,0.,1.));
#14189=DIRECTION('refdir',(1.,0.,0.));
#14190=DIRECTION('center_axis',(0.,0.,1.));
#14191=DIRECTION('ref_axis',(1.,0.,0.));
#14192=DIRECTION('center_axis',(0.,0.,-1.));
#14193=DIRECTION('ref_axis',(1.,0.,0.));
#14194=DIRECTION('',(-1.,0.,0.));
#14195=DIRECTION('center_axis',(0.,0.,1.));
#14196=DIRECTION('ref_axis',(1.,0.,0.));
#14197=DIRECTION('',(-1.,0.,0.));
#14198=DIRECTION('center_axis',(0.,1.,0.));
#14199=DIRECTION('ref_axis',(-1.,0.,0.));
#14200=DIRECTION('',(0.,0.,-1.));
#14201=DIRECTION('',(0.,0.,1.));
#14202=DIRECTION('',(-1.,0.,0.));
#14203=DIRECTION('center_axis',(0.,1.,0.));
#14204=DIRECTION('ref_axis',(-1.,0.,0.));
#14205=DIRECTION('',(0.,0.,1.));
#14206=DIRECTION('',(-1.,0.,0.));
#14207=DIRECTION('',(0.,0.,-1.));
#14208=DIRECTION('center_axis',(0.,0.,1.));
#14209=DIRECTION('ref_axis',(1.,0.,0.));
#14210=DIRECTION('center_axis',(0.,0.,1.));
#14211=DIRECTION('ref_axis',(1.,0.,0.));
#14212=DIRECTION('center_axis',(0.,0.,-1.));
#14213=DIRECTION('ref_axis',(1.,0.,0.));
#14214=DIRECTION('center_axis',(0.,0.,1.));
#14215=DIRECTION('ref_axis',(1.,0.,0.));
#14216=DIRECTION('center_axis',(0.,0.,1.));
#14217=DIRECTION('ref_axis',(1.,0.,0.));
#14218=DIRECTION('center_axis',(0.,0.,-1.));
#14219=DIRECTION('ref_axis',(1.,0.,0.));
#14220=DIRECTION('center_axis',(0.,0.,1.));
#14221=DIRECTION('ref_axis',(1.,0.,0.));
#14222=DIRECTION('center_axis',(0.,0.,1.));
#14223=DIRECTION('ref_axis',(1.,0.,0.));
#14224=DIRECTION('',(0.,0.,-1.));
#14225=DIRECTION('center_axis',(0.,0.,1.));
#14226=DIRECTION('ref_axis',(1.,0.,0.));
#14227=DIRECTION('center_axis',(0.,0.,-1.));
#14228=DIRECTION('ref_axis',(1.,0.,0.));
#14229=DIRECTION('',(0.,0.,-1.));
#14230=DIRECTION('center_axis',(0.,0.,-1.));
#14231=DIRECTION('ref_axis',(1.,0.,0.));
#14232=DIRECTION('center_axis',(0.,0.,1.));
#14233=DIRECTION('ref_axis',(1.,0.,0.));
#14234=DIRECTION('',(0.,0.,-1.));
#14235=DIRECTION('center_axis',(0.,0.,1.));
#14236=DIRECTION('ref_axis',(1.,0.,0.));
#14237=DIRECTION('center_axis',(0.,0.,1.));
#14238=DIRECTION('ref_axis',(1.,0.,0.));
#14239=DIRECTION('center_axis',(0.,0.,1.));
#14240=DIRECTION('ref_axis',(1.,0.,0.));
#14241=DIRECTION('axis',(0.,0.,1.));
#14242=DIRECTION('refdir',(1.,0.,0.));
#14243=DIRECTION('center_axis',(0.,0.,1.));
#14244=DIRECTION('ref_axis',(1.,0.,0.));
#14245=DIRECTION('center_axis',(0.,0.,-1.));
#14246=DIRECTION('ref_axis',(1.,0.,0.));
#14247=DIRECTION('',(-1.,0.,0.));
#14248=DIRECTION('center_axis',(0.,0.,1.));
#14249=DIRECTION('ref_axis',(1.,0.,0.));
#14250=DIRECTION('',(-1.,0.,0.));
#14251=DIRECTION('center_axis',(0.,1.,0.));
#14252=DIRECTION('ref_axis',(-1.,0.,0.));
#14253=DIRECTION('',(0.,0.,-1.));
#14254=DIRECTION('',(0.,0.,1.));
#14255=DIRECTION('',(-1.,0.,0.));
#14256=DIRECTION('center_axis',(0.,1.,0.));
#14257=DIRECTION('ref_axis',(-1.,0.,0.));
#14258=DIRECTION('',(0.,0.,1.));
#14259=DIRECTION('',(-1.,0.,0.));
#14260=DIRECTION('',(0.,0.,-1.));
#14261=DIRECTION('center_axis',(0.,0.,1.));
#14262=DIRECTION('ref_axis',(1.,0.,0.));
#14263=DIRECTION('center_axis',(0.,0.,1.));
#14264=DIRECTION('ref_axis',(1.,0.,0.));
#14265=DIRECTION('center_axis',(0.,0.,-1.));
#14266=DIRECTION('ref_axis',(1.,0.,0.));
#14267=DIRECTION('center_axis',(0.,0.,1.));
#14268=DIRECTION('ref_axis',(1.,0.,0.));
#14269=DIRECTION('center_axis',(0.,0.,1.));
#14270=DIRECTION('ref_axis',(1.,0.,0.));
#14271=DIRECTION('center_axis',(0.,0.,-1.));
#14272=DIRECTION('ref_axis',(1.,0.,0.));
#14273=DIRECTION('center_axis',(0.,0.,1.));
#14274=DIRECTION('ref_axis',(1.,0.,0.));
#14275=DIRECTION('center_axis',(0.,0.,1.));
#14276=DIRECTION('ref_axis',(1.,0.,0.));
#14277=DIRECTION('',(0.,0.,-1.));
#14278=DIRECTION('center_axis',(0.,0.,1.));
#14279=DIRECTION('ref_axis',(1.,0.,0.));
#14280=DIRECTION('center_axis',(0.,0.,-1.));
#14281=DIRECTION('ref_axis',(1.,0.,0.));
#14282=DIRECTION('',(0.,0.,-1.));
#14283=DIRECTION('center_axis',(0.,0.,-1.));
#14284=DIRECTION('ref_axis',(1.,0.,0.));
#14285=DIRECTION('center_axis',(0.,0.,1.));
#14286=DIRECTION('ref_axis',(1.,0.,0.));
#14287=DIRECTION('',(0.,0.,-1.));
#14288=DIRECTION('center_axis',(0.,0.,1.));
#14289=DIRECTION('ref_axis',(1.,0.,0.));
#14290=DIRECTION('center_axis',(0.,0.,1.));
#14291=DIRECTION('ref_axis',(1.,0.,0.));
#14292=DIRECTION('center_axis',(0.,0.,1.));
#14293=DIRECTION('ref_axis',(1.,0.,0.));
#14294=DIRECTION('axis',(0.,0.,1.));
#14295=DIRECTION('refdir',(1.,0.,0.));
#14296=DIRECTION('center_axis',(0.,0.,1.));
#14297=DIRECTION('ref_axis',(1.,0.,0.));
#14298=DIRECTION('center_axis',(0.,0.,-1.));
#14299=DIRECTION('ref_axis',(1.,0.,0.));
#14300=DIRECTION('',(-1.,0.,0.));
#14301=DIRECTION('center_axis',(0.,0.,1.));
#14302=DIRECTION('ref_axis',(1.,0.,0.));
#14303=DIRECTION('',(-1.,0.,0.));
#14304=DIRECTION('center_axis',(0.,1.,0.));
#14305=DIRECTION('ref_axis',(-1.,0.,0.));
#14306=DIRECTION('',(0.,0.,-1.));
#14307=DIRECTION('',(0.,0.,1.));
#14308=DIRECTION('',(-1.,0.,0.));
#14309=DIRECTION('center_axis',(0.,1.,0.));
#14310=DIRECTION('ref_axis',(-1.,0.,0.));
#14311=DIRECTION('',(0.,0.,1.));
#14312=DIRECTION('',(-1.,0.,0.));
#14313=DIRECTION('',(0.,0.,-1.));
#14314=DIRECTION('center_axis',(0.,0.,1.));
#14315=DIRECTION('ref_axis',(1.,0.,0.));
#14316=DIRECTION('center_axis',(0.,0.,1.));
#14317=DIRECTION('ref_axis',(1.,0.,0.));
#14318=DIRECTION('center_axis',(0.,0.,-1.));
#14319=DIRECTION('ref_axis',(1.,0.,0.));
#14320=DIRECTION('center_axis',(0.,0.,1.));
#14321=DIRECTION('ref_axis',(1.,0.,0.));
#14322=DIRECTION('center_axis',(0.,0.,1.));
#14323=DIRECTION('ref_axis',(1.,0.,0.));
#14324=DIRECTION('center_axis',(0.,0.,-1.));
#14325=DIRECTION('ref_axis',(1.,0.,0.));
#14326=DIRECTION('center_axis',(0.,0.,1.));
#14327=DIRECTION('ref_axis',(1.,0.,0.));
#14328=DIRECTION('center_axis',(0.,0.,1.));
#14329=DIRECTION('ref_axis',(1.,0.,0.));
#14330=DIRECTION('',(0.,0.,-1.));
#14331=DIRECTION('center_axis',(0.,0.,1.));
#14332=DIRECTION('ref_axis',(1.,0.,0.));
#14333=DIRECTION('center_axis',(0.,0.,-1.));
#14334=DIRECTION('ref_axis',(1.,0.,0.));
#14335=DIRECTION('',(0.,0.,-1.));
#14336=DIRECTION('center_axis',(0.,0.,-1.));
#14337=DIRECTION('ref_axis',(1.,0.,0.));
#14338=DIRECTION('center_axis',(0.,0.,1.));
#14339=DIRECTION('ref_axis',(1.,0.,0.));
#14340=DIRECTION('',(0.,0.,-1.));
#14341=DIRECTION('center_axis',(0.,0.,1.));
#14342=DIRECTION('ref_axis',(1.,0.,0.));
#14343=DIRECTION('center_axis',(0.,0.,1.));
#14344=DIRECTION('ref_axis',(1.,0.,0.));
#14345=DIRECTION('center_axis',(0.,0.,1.));
#14346=DIRECTION('ref_axis',(1.,0.,0.));
#14347=DIRECTION('axis',(0.,0.,1.));
#14348=DIRECTION('refdir',(1.,0.,0.));
#14349=DIRECTION('center_axis',(0.,0.,-1.));
#14350=DIRECTION('ref_axis',(1.,0.,0.));
#14351=DIRECTION('center_axis',(0.,0.,-1.));
#14352=DIRECTION('ref_axis',(1.,0.,0.));
#14353=DIRECTION('',(-0.707106781186547,-8.65956056235493E-17,-0.707106781186547));
#14354=DIRECTION('center_axis',(0.,0.,1.));
#14355=DIRECTION('ref_axis',(1.,0.,0.));
#14356=DIRECTION('center_axis',(0.,0.,1.));
#14357=DIRECTION('ref_axis',(1.,0.,0.));
#14358=DIRECTION('',(0.,0.,-1.));
#14359=DIRECTION('center_axis',(0.,0.,-1.));
#14360=DIRECTION('ref_axis',(1.,0.,0.));
#14361=DIRECTION('center_axis',(0.,0.,1.));
#14362=DIRECTION('ref_axis',(1.,0.,0.));
#14363=DIRECTION('center_axis',(1.,0.,0.));
#14364=DIRECTION('ref_axis',(0.,0.,-1.));
#14365=DIRECTION('center_axis',(1.,0.,0.));
#14366=DIRECTION('ref_axis',(0.,0.,-1.));
#14367=DIRECTION('',(1.,0.,0.));
#14368=DIRECTION('',(1.,0.,0.));
#14369=DIRECTION('',(-1.,0.,0.));
#14370=DIRECTION('',(1.,0.,0.));
#14371=DIRECTION('',(-1.,0.,0.));
#14372=DIRECTION('center_axis',(1.,0.,0.));
#14373=DIRECTION('ref_axis',(0.,0.,-1.));
#14374=DIRECTION('',(-1.,0.,0.));
#14375=DIRECTION('',(1.,0.,0.));
#14376=DIRECTION('',(1.,0.,0.));
#14377=DIRECTION('center_axis',(-1.,0.,0.));
#14378=DIRECTION('ref_axis',(0.,0.,-1.));
#14379=DIRECTION('',(-1.,0.,0.));
#14380=DIRECTION('',(1.,0.,0.));
#14381=DIRECTION('center_axis',(0.,0.,1.));
#14382=DIRECTION('ref_axis',(1.,0.,0.));
#14383=DIRECTION('center_axis',(0.,0.,-1.));
#14384=DIRECTION('ref_axis',(1.,0.,0.));
#14385=DIRECTION('',(0.,0.,-1.));
#14386=DIRECTION('center_axis',(0.,0.,1.));
#14387=DIRECTION('ref_axis',(1.,0.,0.));
#14388=DIRECTION('',(0.,0.,1.));
#14389=DIRECTION('center_axis',(0.,0.,-1.));
#14390=DIRECTION('ref_axis',(1.,0.,0.));
#14391=DIRECTION('center_axis',(0.,0.,1.));
#14392=DIRECTION('ref_axis',(1.,0.,0.));
#14393=DIRECTION('center_axis',(0.,0.,-1.));
#14394=DIRECTION('ref_axis',(1.,0.,0.));
#14395=DIRECTION('',(0.,-1.,0.));
#14396=DIRECTION('center_axis',(0.,0.,1.));
#14397=DIRECTION('ref_axis',(1.,0.,0.));
#14398=DIRECTION('center_axis',(0.,0.,-1.));
#14399=DIRECTION('ref_axis',(1.,0.,0.));
#14400=DIRECTION('',(0.,0.,-1.));
#14401=DIRECTION('center_axis',(0.,0.,1.));
#14402=DIRECTION('ref_axis',(1.,0.,0.));
#14403=DIRECTION('center_axis',(0.,0.,1.));
#14404=DIRECTION('ref_axis',(1.,0.,0.));
#14405=DIRECTION('',(0.,1.,0.));
#14406=DIRECTION('center_axis',(0.,0.,1.));
#14407=DIRECTION('ref_axis',(-1.,1.22464679914735E-16,0.));
#14408=DIRECTION('center_axis',(0.,0.,1.));
#14409=DIRECTION('ref_axis',(1.,0.,0.));
#14410=DIRECTION('',(0.,0.,1.));
#14411=DIRECTION('center_axis',(0.,0.,-1.));
#14412=DIRECTION('ref_axis',(1.,0.,0.));
#14413=DIRECTION('',(0.,0.,-1.));
#14414=DIRECTION('center_axis',(0.,0.,1.));
#14415=DIRECTION('ref_axis',(1.,0.,0.));
#14416=DIRECTION('center_axis',(0.,0.,1.));
#14417=DIRECTION('ref_axis',(1.,0.,0.));
#14418=DIRECTION('center_axis',(0.,0.,-1.));
#14419=DIRECTION('ref_axis',(1.,0.,0.));
#14420=DIRECTION('',(0.,-1.,0.));
#14421=DIRECTION('center_axis',(0.,0.,1.));
#14422=DIRECTION('ref_axis',(1.,0.,0.));
#14423=DIRECTION('center_axis',(0.,0.,-1.));
#14424=DIRECTION('ref_axis',(1.,0.,0.));
#14425=DIRECTION('',(0.,0.,1.));
#14426=DIRECTION('center_axis',(0.,0.,1.));
#14427=DIRECTION('ref_axis',(1.,0.,0.));
#14428=DIRECTION('center_axis',(0.,0.,-1.));
#14429=DIRECTION('ref_axis',(1.,0.,0.));
#14430=DIRECTION('',(0.,1.,0.));
#14431=DIRECTION('center_axis',(-1.,0.,0.));
#14432=DIRECTION('ref_axis',(0.,-1.,0.));
#14433=DIRECTION('',(0.,0.,-1.));
#14434=DIRECTION('',(0.,-1.,0.));
#14435=DIRECTION('',(0.,0.,1.));
#14436=DIRECTION('',(0.,1.,0.));
#14437=DIRECTION('',(0.,0.,1.));
#14438=DIRECTION('',(0.,-1.,0.));
#14439=DIRECTION('',(0.,0.,1.));
#14440=DIRECTION('',(0.,1.,0.));
#14441=DIRECTION('',(0.,0.,1.));
#14442=DIRECTION('',(0.,-1.,0.));
#14443=DIRECTION('',(0.,0.,-1.));
#14444=DIRECTION('',(0.,1.,0.));
#14445=DIRECTION('',(0.,0.,-1.));
#14446=DIRECTION('',(0.,-1.,0.));
#14447=DIRECTION('',(0.,1.,0.));
#14448=DIRECTION('',(0.,0.,-1.));
#14449=DIRECTION('',(0.,-1.,0.));
#14450=DIRECTION('',(0.,0.,-1.));
#14451=DIRECTION('',(0.,1.,0.));
#14452=DIRECTION('center_axis',(0.,0.,1.));
#14453=DIRECTION('ref_axis',(1.,0.,0.));
#14454=DIRECTION('center_axis',(0.,0.,1.));
#14455=DIRECTION('ref_axis',(1.,0.,0.));
#14456=DIRECTION('',(0.,1.,0.));
#14457=DIRECTION('center_axis',(0.,0.,1.));
#14458=DIRECTION('ref_axis',(1.,0.,0.));
#14459=DIRECTION('center_axis',(1.,0.,0.));
#14460=DIRECTION('ref_axis',(0.,1.,0.));
#14461=DIRECTION('',(0.,0.,1.));
#14462=DIRECTION('',(0.,-1.,0.));
#14463=DIRECTION('',(0.,0.,1.));
#14464=DIRECTION('',(0.,1.,0.));
#14465=DIRECTION('',(0.,0.,1.));
#14466=DIRECTION('',(0.,-1.,0.));
#14467=DIRECTION('',(0.,0.,1.));
#14468=DIRECTION('',(0.,1.,0.));
#14469=DIRECTION('',(0.,0.,1.));
#14470=DIRECTION('',(0.,-1.,0.));
#14471=DIRECTION('',(0.,1.,0.));
#14472=DIRECTION('',(0.,0.,-1.));
#14473=DIRECTION('',(0.,-1.,0.));
#14474=DIRECTION('',(0.,0.,-1.));
#14475=DIRECTION('',(0.,1.,0.));
#14476=DIRECTION('',(0.,0.,-1.));
#14477=DIRECTION('',(0.,-1.,0.));
#14478=DIRECTION('',(0.,0.,-1.));
#14479=DIRECTION('center_axis',(0.,0.,1.));
#14480=DIRECTION('ref_axis',(1.,0.,0.));
#14481=DIRECTION('center_axis',(0.,0.,-1.));
#14482=DIRECTION('ref_axis',(1.,0.,0.));
#14483=DIRECTION('',(0.,0.,1.));
#14484=DIRECTION('center_axis',(0.,0.,-1.));
#14485=DIRECTION('ref_axis',(1.,0.,0.));
#14486=DIRECTION('center_axis',(0.,0.,-1.));
#14487=DIRECTION('ref_axis',(1.,0.,0.));
#14488=DIRECTION('center_axis',(0.,0.,-1.));
#14489=DIRECTION('ref_axis',(1.,0.,0.));
#14490=DIRECTION('center_axis',(0.,0.,1.));
#14491=DIRECTION('ref_axis',(1.,0.,0.));
#14492=DIRECTION('center_axis',(0.,0.,-1.));
#14493=DIRECTION('ref_axis',(1.,0.,0.));
#14494=DIRECTION('center_axis',(0.,0.,1.));
#14495=DIRECTION('ref_axis',(1.,0.,0.));
#14496=DIRECTION('center_axis',(0.,0.,-1.));
#14497=DIRECTION('ref_axis',(1.,0.,0.));
#14498=DIRECTION('center_axis',(0.,0.,1.));
#14499=DIRECTION('ref_axis',(-1.,1.22464679914735E-16,0.));
#14500=DIRECTION('center_axis',(0.,0.,1.));
#14501=DIRECTION('ref_axis',(1.,0.,0.));
#14502=DIRECTION('center_axis',(0.,0.,1.));
#14503=DIRECTION('ref_axis',(1.,0.,0.));
#14504=DIRECTION('center_axis',(0.,0.,1.));
#14505=DIRECTION('ref_axis',(1.,0.,0.));
#14506=DIRECTION('center_axis',(0.,0.,1.));
#14507=DIRECTION('ref_axis',(1.,0.,0.));
#14508=DIRECTION('center_axis',(0.,0.,-1.));
#14509=DIRECTION('ref_axis',(1.,0.,0.));
#14510=DIRECTION('center_axis',(0.,0.,1.));
#14511=DIRECTION('ref_axis',(1.,0.,0.));
#14512=DIRECTION('center_axis',(0.,0.,-1.));
#14513=DIRECTION('ref_axis',(1.,0.,0.));
#14514=DIRECTION('center_axis',(0.,0.,1.));
#14515=DIRECTION('ref_axis',(-1.,1.22464679914735E-16,0.));
#14516=DIRECTION('center_axis',(0.,0.,-1.));
#14517=DIRECTION('ref_axis',(1.,0.,0.));
#14518=DIRECTION('center_axis',(0.,0.,1.));
#14519=DIRECTION('ref_axis',(1.,0.,0.));
#14520=DIRECTION('center_axis',(0.,0.,-1.));
#14521=DIRECTION('ref_axis',(1.,0.,0.));
#14522=DIRECTION('center_axis',(0.,0.,1.));
#14523=DIRECTION('ref_axis',(1.,0.,0.));
#14524=DIRECTION('center_axis',(0.,0.,1.));
#14525=DIRECTION('ref_axis',(1.,0.,0.));
#14526=DIRECTION('center_axis',(0.,0.,-1.));
#14527=DIRECTION('ref_axis',(1.,0.,0.));
#14528=DIRECTION('center_axis',(0.,0.,1.));
#14529=DIRECTION('ref_axis',(1.,0.,0.));
#14530=DIRECTION('center_axis',(0.,0.,1.));
#14531=DIRECTION('ref_axis',(1.,0.,0.));
#14532=DIRECTION('center_axis',(0.,0.,1.));
#14533=DIRECTION('ref_axis',(1.,0.,0.));
#14534=DIRECTION('center_axis',(0.,0.,1.));
#14535=DIRECTION('ref_axis',(1.,0.,0.));
#14536=DIRECTION('center_axis',(0.,0.,1.));
#14537=DIRECTION('ref_axis',(-1.,-1.22464679914735E-16,0.));
#14538=DIRECTION('center_axis',(0.,0.,-1.));
#14539=DIRECTION('ref_axis',(1.,0.,0.));
#14540=DIRECTION('center_axis',(0.,0.,1.));
#14541=DIRECTION('ref_axis',(1.,0.,0.));
#14542=DIRECTION('center_axis',(0.,0.,-1.));
#14543=DIRECTION('ref_axis',(1.,0.,0.));
#14544=DIRECTION('center_axis',(0.,0.,1.));
#14545=DIRECTION('ref_axis',(1.,0.,0.));
#14546=DIRECTION('center_axis',(0.,0.,-1.));
#14547=DIRECTION('ref_axis',(1.,0.,0.));
#14548=DIRECTION('center_axis',(0.,0.,1.));
#14549=DIRECTION('ref_axis',(1.,0.,0.));
#14550=DIRECTION('center_axis',(0.,0.,-1.));
#14551=DIRECTION('ref_axis',(1.,0.,0.));
#14552=DIRECTION('center_axis',(0.,0.,1.));
#14553=DIRECTION('ref_axis',(1.,0.,0.));
#14554=DIRECTION('center_axis',(0.,0.,1.));
#14555=DIRECTION('ref_axis',(1.,0.,0.));
#14556=DIRECTION('center_axis',(0.,0.,-1.));
#14557=DIRECTION('ref_axis',(1.,0.,0.));
#14558=DIRECTION('center_axis',(0.,0.,1.));
#14559=DIRECTION('ref_axis',(1.,0.,0.));
#14560=DIRECTION('center_axis',(0.,0.,1.));
#14561=DIRECTION('ref_axis',(1.,0.,0.));
#14562=DIRECTION('center_axis',(0.,0.,1.));
#14563=DIRECTION('ref_axis',(1.,0.,0.));
#14564=DIRECTION('center_axis',(0.,0.,1.));
#14565=DIRECTION('ref_axis',(1.,0.,0.));
#14566=DIRECTION('center_axis',(0.,0.,1.));
#14567=DIRECTION('ref_axis',(1.,0.,0.));
#14568=DIRECTION('',(0.,0.,-1.));
#14569=DIRECTION('center_axis',(0.,0.,1.));
#14570=DIRECTION('ref_axis',(1.,0.,0.));
#14571=DIRECTION('center_axis',(0.,0.,1.));
#14572=DIRECTION('ref_axis',(1.,0.,0.));
#14573=DIRECTION('axis',(0.,0.,1.));
#14574=DIRECTION('refdir',(1.,0.,0.));
#14575=DIRECTION('center_axis',(0.,0.,-1.));
#14576=DIRECTION('ref_axis',(1.,0.,0.));
#14577=DIRECTION('center_axis',(0.,0.,-1.));
#14578=DIRECTION('ref_axis',(1.,0.,0.));
#14579=DIRECTION('',(-0.707106781186546,-8.65956056235492E-17,-0.707106781186549));
#14580=DIRECTION('center_axis',(0.,0.,1.));
#14581=DIRECTION('ref_axis',(1.,0.,0.));
#14582=DIRECTION('center_axis',(0.,0.,1.));
#14583=DIRECTION('ref_axis',(1.,0.,0.));
#14584=DIRECTION('',(0.,0.,-1.));
#14585=DIRECTION('center_axis',(0.,0.,-1.));
#14586=DIRECTION('ref_axis',(1.,0.,0.));
#14587=DIRECTION('center_axis',(0.,0.,1.));
#14588=DIRECTION('ref_axis',(1.,0.,0.));
#14589=DIRECTION('center_axis',(1.,0.,0.));
#14590=DIRECTION('ref_axis',(0.,0.,-1.));
#14591=DIRECTION('center_axis',(1.,0.,0.));
#14592=DIRECTION('ref_axis',(0.,0.,-1.));
#14593=DIRECTION('',(1.,0.,0.));
#14594=DIRECTION('',(1.,0.,0.));
#14595=DIRECTION('',(-1.,0.,0.));
#14596=DIRECTION('',(1.,0.,0.));
#14597=DIRECTION('',(-1.,0.,0.));
#14598=DIRECTION('center_axis',(1.,0.,0.));
#14599=DIRECTION('ref_axis',(0.,0.,-1.));
#14600=DIRECTION('',(-1.,0.,0.));
#14601=DIRECTION('',(1.,0.,0.));
#14602=DIRECTION('',(1.,0.,0.));
#14603=DIRECTION('center_axis',(-1.,0.,0.));
#14604=DIRECTION('ref_axis',(0.,0.,-1.));
#14605=DIRECTION('',(-1.,0.,0.));
#14606=DIRECTION('',(1.,0.,0.));
#14607=DIRECTION('center_axis',(0.,0.,1.));
#14608=DIRECTION('ref_axis',(1.,0.,0.));
#14609=DIRECTION('center_axis',(0.,0.,-1.));
#14610=DIRECTION('ref_axis',(1.,0.,0.));
#14611=DIRECTION('',(0.,0.,-1.));
#14612=DIRECTION('center_axis',(0.,0.,1.));
#14613=DIRECTION('ref_axis',(1.,0.,0.));
#14614=DIRECTION('',(0.,0.,1.));
#14615=DIRECTION('center_axis',(0.,0.,-1.));
#14616=DIRECTION('ref_axis',(1.,0.,0.));
#14617=DIRECTION('center_axis',(0.,0.,1.));
#14618=DIRECTION('ref_axis',(1.,0.,0.));
#14619=DIRECTION('center_axis',(0.,0.,-1.));
#14620=DIRECTION('ref_axis',(1.,0.,0.));
#14621=DIRECTION('',(0.,-1.,0.));
#14622=DIRECTION('center_axis',(0.,0.,1.));
#14623=DIRECTION('ref_axis',(1.,0.,0.));
#14624=DIRECTION('center_axis',(0.,0.,-1.));
#14625=DIRECTION('ref_axis',(1.,0.,0.));
#14626=DIRECTION('',(0.,0.,-1.));
#14627=DIRECTION('center_axis',(0.,0.,1.));
#14628=DIRECTION('ref_axis',(1.,0.,0.));
#14629=DIRECTION('center_axis',(0.,0.,1.));
#14630=DIRECTION('ref_axis',(1.,0.,0.));
#14631=DIRECTION('',(0.,1.,0.));
#14632=DIRECTION('center_axis',(0.,0.,1.));
#14633=DIRECTION('ref_axis',(-1.,1.22464679914735E-16,0.));
#14634=DIRECTION('center_axis',(0.,0.,1.));
#14635=DIRECTION('ref_axis',(1.,0.,0.));
#14636=DIRECTION('',(0.,0.,1.));
#14637=DIRECTION('center_axis',(0.,0.,-1.));
#14638=DIRECTION('ref_axis',(1.,0.,0.));
#14639=DIRECTION('',(0.,0.,-1.));
#14640=DIRECTION('center_axis',(0.,0.,1.));
#14641=DIRECTION('ref_axis',(1.,0.,0.));
#14642=DIRECTION('center_axis',(0.,0.,1.));
#14643=DIRECTION('ref_axis',(1.,0.,0.));
#14644=DIRECTION('center_axis',(0.,0.,-1.));
#14645=DIRECTION('ref_axis',(1.,0.,0.));
#14646=DIRECTION('',(0.,-1.,0.));
#14647=DIRECTION('center_axis',(0.,0.,1.));
#14648=DIRECTION('ref_axis',(1.,0.,0.));
#14649=DIRECTION('center_axis',(0.,0.,-1.));
#14650=DIRECTION('ref_axis',(1.,0.,0.));
#14651=DIRECTION('',(0.,0.,1.));
#14652=DIRECTION('center_axis',(0.,0.,1.));
#14653=DIRECTION('ref_axis',(1.,0.,0.));
#14654=DIRECTION('center_axis',(0.,0.,-1.));
#14655=DIRECTION('ref_axis',(1.,0.,0.));
#14656=DIRECTION('',(0.,1.,0.));
#14657=DIRECTION('center_axis',(-1.,0.,0.));
#14658=DIRECTION('ref_axis',(0.,-1.,0.));
#14659=DIRECTION('',(0.,0.,-1.));
#14660=DIRECTION('',(0.,-1.,0.));
#14661=DIRECTION('',(0.,0.,1.));
#14662=DIRECTION('',(0.,1.,0.));
#14663=DIRECTION('',(0.,0.,1.));
#14664=DIRECTION('',(0.,-1.,0.));
#14665=DIRECTION('',(0.,0.,1.));
#14666=DIRECTION('',(0.,1.,0.));
#14667=DIRECTION('',(0.,0.,1.));
#14668=DIRECTION('',(0.,-1.,0.));
#14669=DIRECTION('',(0.,0.,-1.));
#14670=DIRECTION('',(0.,1.,0.));
#14671=DIRECTION('',(0.,0.,-1.));
#14672=DIRECTION('',(0.,-1.,0.));
#14673=DIRECTION('',(0.,1.,0.));
#14674=DIRECTION('',(0.,0.,-1.));
#14675=DIRECTION('',(0.,-1.,0.));
#14676=DIRECTION('',(0.,0.,-1.));
#14677=DIRECTION('',(0.,1.,0.));
#14678=DIRECTION('center_axis',(0.,0.,1.));
#14679=DIRECTION('ref_axis',(1.,0.,0.));
#14680=DIRECTION('center_axis',(0.,0.,1.));
#14681=DIRECTION('ref_axis',(1.,0.,0.));
#14682=DIRECTION('',(0.,1.,0.));
#14683=DIRECTION('center_axis',(0.,0.,1.));
#14684=DIRECTION('ref_axis',(1.,0.,0.));
#14685=DIRECTION('center_axis',(1.,0.,0.));
#14686=DIRECTION('ref_axis',(0.,1.,0.));
#14687=DIRECTION('',(0.,0.,1.));
#14688=DIRECTION('',(0.,-1.,0.));
#14689=DIRECTION('',(0.,0.,1.));
#14690=DIRECTION('',(0.,1.,0.));
#14691=DIRECTION('',(0.,0.,1.));
#14692=DIRECTION('',(0.,-1.,0.));
#14693=DIRECTION('',(0.,0.,1.));
#14694=DIRECTION('',(0.,1.,0.));
#14695=DIRECTION('',(0.,0.,1.));
#14696=DIRECTION('',(0.,-1.,0.));
#14697=DIRECTION('',(0.,1.,0.));
#14698=DIRECTION('',(0.,0.,-1.));
#14699=DIRECTION('',(0.,-1.,0.));
#14700=DIRECTION('',(0.,0.,-1.));
#14701=DIRECTION('',(0.,1.,0.));
#14702=DIRECTION('',(0.,0.,-1.));
#14703=DIRECTION('',(0.,-1.,0.));
#14704=DIRECTION('',(0.,0.,-1.));
#14705=DIRECTION('center_axis',(0.,0.,1.));
#14706=DIRECTION('ref_axis',(1.,0.,0.));
#14707=DIRECTION('center_axis',(0.,0.,-1.));
#14708=DIRECTION('ref_axis',(1.,0.,0.));
#14709=DIRECTION('',(0.,0.,1.));
#14710=DIRECTION('center_axis',(0.,0.,-1.));
#14711=DIRECTION('ref_axis',(1.,0.,0.));
#14712=DIRECTION('center_axis',(0.,0.,-1.));
#14713=DIRECTION('ref_axis',(1.,0.,0.));
#14714=DIRECTION('center_axis',(0.,0.,-1.));
#14715=DIRECTION('ref_axis',(1.,0.,0.));
#14716=DIRECTION('center_axis',(0.,0.,1.));
#14717=DIRECTION('ref_axis',(1.,0.,0.));
#14718=DIRECTION('center_axis',(0.,0.,-1.));
#14719=DIRECTION('ref_axis',(1.,0.,0.));
#14720=DIRECTION('center_axis',(0.,0.,1.));
#14721=DIRECTION('ref_axis',(1.,0.,0.));
#14722=DIRECTION('center_axis',(0.,0.,-1.));
#14723=DIRECTION('ref_axis',(1.,0.,0.));
#14724=DIRECTION('center_axis',(0.,0.,1.));
#14725=DIRECTION('ref_axis',(-1.,1.22464679914735E-16,0.));
#14726=DIRECTION('center_axis',(0.,0.,1.));
#14727=DIRECTION('ref_axis',(1.,0.,0.));
#14728=DIRECTION('center_axis',(0.,0.,1.));
#14729=DIRECTION('ref_axis',(1.,0.,0.));
#14730=DIRECTION('center_axis',(0.,0.,1.));
#14731=DIRECTION('ref_axis',(1.,0.,0.));
#14732=DIRECTION('center_axis',(0.,0.,1.));
#14733=DIRECTION('ref_axis',(1.,0.,0.));
#14734=DIRECTION('center_axis',(0.,0.,-1.));
#14735=DIRECTION('ref_axis',(1.,0.,0.));
#14736=DIRECTION('center_axis',(0.,0.,1.));
#14737=DIRECTION('ref_axis',(1.,0.,0.));
#14738=DIRECTION('center_axis',(0.,0.,-1.));
#14739=DIRECTION('ref_axis',(1.,0.,0.));
#14740=DIRECTION('center_axis',(0.,0.,1.));
#14741=DIRECTION('ref_axis',(-1.,1.22464679914735E-16,0.));
#14742=DIRECTION('center_axis',(0.,0.,-1.));
#14743=DIRECTION('ref_axis',(1.,0.,0.));
#14744=DIRECTION('center_axis',(0.,0.,1.));
#14745=DIRECTION('ref_axis',(1.,0.,0.));
#14746=DIRECTION('center_axis',(0.,0.,-1.));
#14747=DIRECTION('ref_axis',(1.,0.,0.));
#14748=DIRECTION('center_axis',(0.,0.,1.));
#14749=DIRECTION('ref_axis',(1.,0.,0.));
#14750=DIRECTION('center_axis',(0.,0.,1.));
#14751=DIRECTION('ref_axis',(1.,0.,0.));
#14752=DIRECTION('center_axis',(0.,0.,-1.));
#14753=DIRECTION('ref_axis',(1.,0.,0.));
#14754=DIRECTION('center_axis',(0.,0.,1.));
#14755=DIRECTION('ref_axis',(1.,0.,0.));
#14756=DIRECTION('center_axis',(0.,0.,1.));
#14757=DIRECTION('ref_axis',(1.,0.,0.));
#14758=DIRECTION('center_axis',(0.,0.,1.));
#14759=DIRECTION('ref_axis',(1.,0.,0.));
#14760=DIRECTION('center_axis',(0.,0.,1.));
#14761=DIRECTION('ref_axis',(1.,0.,0.));
#14762=DIRECTION('center_axis',(0.,0.,1.));
#14763=DIRECTION('ref_axis',(-1.,-1.22464679914735E-16,0.));
#14764=DIRECTION('center_axis',(0.,0.,-1.));
#14765=DIRECTION('ref_axis',(1.,0.,0.));
#14766=DIRECTION('center_axis',(0.,0.,1.));
#14767=DIRECTION('ref_axis',(1.,0.,0.));
#14768=DIRECTION('center_axis',(0.,0.,-1.));
#14769=DIRECTION('ref_axis',(1.,0.,0.));
#14770=DIRECTION('center_axis',(0.,0.,1.));
#14771=DIRECTION('ref_axis',(1.,0.,0.));
#14772=DIRECTION('center_axis',(0.,0.,-1.));
#14773=DIRECTION('ref_axis',(1.,0.,0.));
#14774=DIRECTION('center_axis',(0.,0.,1.));
#14775=DIRECTION('ref_axis',(1.,0.,0.));
#14776=DIRECTION('center_axis',(0.,0.,-1.));
#14777=DIRECTION('ref_axis',(1.,0.,0.));
#14778=DIRECTION('center_axis',(0.,0.,1.));
#14779=DIRECTION('ref_axis',(1.,0.,0.));
#14780=DIRECTION('center_axis',(0.,0.,1.));
#14781=DIRECTION('ref_axis',(1.,0.,0.));
#14782=DIRECTION('center_axis',(0.,0.,-1.));
#14783=DIRECTION('ref_axis',(1.,0.,0.));
#14784=DIRECTION('center_axis',(0.,0.,1.));
#14785=DIRECTION('ref_axis',(1.,0.,0.));
#14786=DIRECTION('center_axis',(0.,0.,1.));
#14787=DIRECTION('ref_axis',(1.,0.,0.));
#14788=DIRECTION('center_axis',(0.,0.,1.));
#14789=DIRECTION('ref_axis',(1.,0.,0.));
#14790=DIRECTION('center_axis',(0.,0.,1.));
#14791=DIRECTION('ref_axis',(1.,0.,0.));
#14792=DIRECTION('center_axis',(0.,0.,1.));
#14793=DIRECTION('ref_axis',(1.,0.,0.));
#14794=DIRECTION('',(0.,0.,-1.));
#14795=DIRECTION('center_axis',(0.,0.,1.));
#14796=DIRECTION('ref_axis',(1.,0.,0.));
#14797=DIRECTION('center_axis',(0.,0.,1.));
#14798=DIRECTION('ref_axis',(1.,0.,0.));
#14799=DIRECTION('axis',(0.,0.,1.));
#14800=DIRECTION('refdir',(1.,0.,0.));
#14801=DIRECTION('center_axis',(0.,0.,-1.));
#14802=DIRECTION('ref_axis',(1.,0.,0.));
#14803=DIRECTION('center_axis',(0.,0.,-1.));
#14804=DIRECTION('ref_axis',(1.,0.,0.));
#14805=DIRECTION('',(-0.707106781186547,-8.65956056235493E-17,-0.707106781186547));
#14806=DIRECTION('center_axis',(0.,0.,1.));
#14807=DIRECTION('ref_axis',(1.,0.,0.));
#14808=DIRECTION('center_axis',(0.,0.,1.));
#14809=DIRECTION('ref_axis',(1.,0.,0.));
#14810=DIRECTION('',(0.,0.,-1.));
#14811=DIRECTION('center_axis',(0.,0.,-1.));
#14812=DIRECTION('ref_axis',(1.,0.,0.));
#14813=DIRECTION('center_axis',(0.,0.,1.));
#14814=DIRECTION('ref_axis',(1.,0.,0.));
#14815=DIRECTION('center_axis',(1.,0.,0.));
#14816=DIRECTION('ref_axis',(0.,0.,-1.));
#14817=DIRECTION('center_axis',(1.,0.,0.));
#14818=DIRECTION('ref_axis',(0.,0.,-1.));
#14819=DIRECTION('',(1.,0.,0.));
#14820=DIRECTION('',(1.,0.,0.));
#14821=DIRECTION('',(-1.,0.,0.));
#14822=DIRECTION('',(1.,0.,0.));
#14823=DIRECTION('',(-1.,0.,0.));
#14824=DIRECTION('center_axis',(1.,0.,0.));
#14825=DIRECTION('ref_axis',(0.,0.,-1.));
#14826=DIRECTION('',(-1.,0.,0.));
#14827=DIRECTION('',(1.,0.,0.));
#14828=DIRECTION('',(1.,0.,0.));
#14829=DIRECTION('center_axis',(-1.,0.,0.));
#14830=DIRECTION('ref_axis',(0.,0.,-1.));
#14831=DIRECTION('',(-1.,0.,0.));
#14832=DIRECTION('',(1.,0.,0.));
#14833=DIRECTION('center_axis',(0.,0.,1.));
#14834=DIRECTION('ref_axis',(1.,0.,0.));
#14835=DIRECTION('center_axis',(0.,0.,-1.));
#14836=DIRECTION('ref_axis',(1.,0.,0.));
#14837=DIRECTION('',(0.,0.,-1.));
#14838=DIRECTION('center_axis',(0.,0.,1.));
#14839=DIRECTION('ref_axis',(1.,0.,0.));
#14840=DIRECTION('',(0.,0.,1.));
#14841=DIRECTION('center_axis',(0.,0.,-1.));
#14842=DIRECTION('ref_axis',(1.,0.,0.));
#14843=DIRECTION('center_axis',(0.,0.,1.));
#14844=DIRECTION('ref_axis',(1.,0.,0.));
#14845=DIRECTION('center_axis',(0.,0.,-1.));
#14846=DIRECTION('ref_axis',(1.,0.,0.));
#14847=DIRECTION('',(0.,-1.,0.));
#14848=DIRECTION('center_axis',(0.,0.,1.));
#14849=DIRECTION('ref_axis',(1.,0.,0.));
#14850=DIRECTION('center_axis',(0.,0.,-1.));
#14851=DIRECTION('ref_axis',(1.,0.,0.));
#14852=DIRECTION('',(0.,0.,-1.));
#14853=DIRECTION('center_axis',(0.,0.,1.));
#14854=DIRECTION('ref_axis',(1.,0.,0.));
#14855=DIRECTION('center_axis',(0.,0.,1.));
#14856=DIRECTION('ref_axis',(1.,0.,0.));
#14857=DIRECTION('',(0.,1.,0.));
#14858=DIRECTION('center_axis',(0.,0.,1.));
#14859=DIRECTION('ref_axis',(-1.,1.22464679914735E-16,0.));
#14860=DIRECTION('center_axis',(0.,0.,1.));
#14861=DIRECTION('ref_axis',(1.,0.,0.));
#14862=DIRECTION('',(0.,0.,1.));
#14863=DIRECTION('center_axis',(0.,0.,-1.));
#14864=DIRECTION('ref_axis',(1.,0.,0.));
#14865=DIRECTION('',(0.,0.,-1.));
#14866=DIRECTION('center_axis',(0.,0.,1.));
#14867=DIRECTION('ref_axis',(1.,0.,0.));
#14868=DIRECTION('center_axis',(0.,0.,1.));
#14869=DIRECTION('ref_axis',(1.,0.,0.));
#14870=DIRECTION('center_axis',(0.,0.,-1.));
#14871=DIRECTION('ref_axis',(1.,0.,0.));
#14872=DIRECTION('',(0.,-1.,0.));
#14873=DIRECTION('center_axis',(0.,0.,1.));
#14874=DIRECTION('ref_axis',(1.,0.,0.));
#14875=DIRECTION('center_axis',(0.,0.,-1.));
#14876=DIRECTION('ref_axis',(1.,0.,0.));
#14877=DIRECTION('',(0.,0.,1.));
#14878=DIRECTION('center_axis',(0.,0.,1.));
#14879=DIRECTION('ref_axis',(1.,0.,0.));
#14880=DIRECTION('center_axis',(0.,0.,-1.));
#14881=DIRECTION('ref_axis',(1.,0.,0.));
#14882=DIRECTION('',(0.,1.,0.));
#14883=DIRECTION('center_axis',(-1.,0.,0.));
#14884=DIRECTION('ref_axis',(0.,-1.,0.));
#14885=DIRECTION('',(0.,0.,-1.));
#14886=DIRECTION('',(0.,-1.,0.));
#14887=DIRECTION('',(0.,0.,1.));
#14888=DIRECTION('',(0.,1.,0.));
#14889=DIRECTION('',(0.,0.,1.));
#14890=DIRECTION('',(0.,-1.,0.));
#14891=DIRECTION('',(0.,0.,1.));
#14892=DIRECTION('',(0.,1.,0.));
#14893=DIRECTION('',(0.,0.,1.));
#14894=DIRECTION('',(0.,-1.,0.));
#14895=DIRECTION('',(0.,0.,-1.));
#14896=DIRECTION('',(0.,1.,0.));
#14897=DIRECTION('',(0.,0.,-1.));
#14898=DIRECTION('',(0.,-1.,0.));
#14899=DIRECTION('',(0.,1.,0.));
#14900=DIRECTION('',(0.,0.,-1.));
#14901=DIRECTION('',(0.,-1.,0.));
#14902=DIRECTION('',(0.,0.,-1.));
#14903=DIRECTION('',(0.,1.,0.));
#14904=DIRECTION('center_axis',(0.,0.,1.));
#14905=DIRECTION('ref_axis',(1.,0.,0.));
#14906=DIRECTION('center_axis',(0.,0.,1.));
#14907=DIRECTION('ref_axis',(1.,0.,0.));
#14908=DIRECTION('',(0.,1.,0.));
#14909=DIRECTION('center_axis',(0.,0.,1.));
#14910=DIRECTION('ref_axis',(1.,0.,0.));
#14911=DIRECTION('center_axis',(1.,0.,0.));
#14912=DIRECTION('ref_axis',(0.,1.,0.));
#14913=DIRECTION('',(0.,0.,1.));
#14914=DIRECTION('',(0.,-1.,0.));
#14915=DIRECTION('',(0.,0.,1.));
#14916=DIRECTION('',(0.,1.,0.));
#14917=DIRECTION('',(0.,0.,1.));
#14918=DIRECTION('',(0.,-1.,0.));
#14919=DIRECTION('',(0.,0.,1.));
#14920=DIRECTION('',(0.,1.,0.));
#14921=DIRECTION('',(0.,0.,1.));
#14922=DIRECTION('',(0.,-1.,0.));
#14923=DIRECTION('',(0.,1.,0.));
#14924=DIRECTION('',(0.,0.,-1.));
#14925=DIRECTION('',(0.,-1.,0.));
#14926=DIRECTION('',(0.,0.,-1.));
#14927=DIRECTION('',(0.,1.,0.));
#14928=DIRECTION('',(0.,0.,-1.));
#14929=DIRECTION('',(0.,-1.,0.));
#14930=DIRECTION('',(0.,0.,-1.));
#14931=DIRECTION('center_axis',(0.,0.,1.));
#14932=DIRECTION('ref_axis',(1.,0.,0.));
#14933=DIRECTION('center_axis',(0.,0.,-1.));
#14934=DIRECTION('ref_axis',(1.,0.,0.));
#14935=DIRECTION('',(0.,0.,1.));
#14936=DIRECTION('center_axis',(0.,0.,-1.));
#14937=DIRECTION('ref_axis',(1.,0.,0.));
#14938=DIRECTION('center_axis',(0.,0.,-1.));
#14939=DIRECTION('ref_axis',(1.,0.,0.));
#14940=DIRECTION('center_axis',(0.,0.,-1.));
#14941=DIRECTION('ref_axis',(1.,0.,0.));
#14942=DIRECTION('center_axis',(0.,0.,1.));
#14943=DIRECTION('ref_axis',(1.,0.,0.));
#14944=DIRECTION('center_axis',(0.,0.,-1.));
#14945=DIRECTION('ref_axis',(1.,0.,0.));
#14946=DIRECTION('center_axis',(0.,0.,1.));
#14947=DIRECTION('ref_axis',(1.,0.,0.));
#14948=DIRECTION('center_axis',(0.,0.,-1.));
#14949=DIRECTION('ref_axis',(1.,0.,0.));
#14950=DIRECTION('center_axis',(0.,0.,1.));
#14951=DIRECTION('ref_axis',(-1.,1.22464679914735E-16,0.));
#14952=DIRECTION('center_axis',(0.,0.,1.));
#14953=DIRECTION('ref_axis',(1.,0.,0.));
#14954=DIRECTION('center_axis',(0.,0.,1.));
#14955=DIRECTION('ref_axis',(1.,0.,0.));
#14956=DIRECTION('center_axis',(0.,0.,1.));
#14957=DIRECTION('ref_axis',(1.,0.,0.));
#14958=DIRECTION('center_axis',(0.,0.,1.));
#14959=DIRECTION('ref_axis',(1.,0.,0.));
#14960=DIRECTION('center_axis',(0.,0.,-1.));
#14961=DIRECTION('ref_axis',(1.,0.,0.));
#14962=DIRECTION('center_axis',(0.,0.,1.));
#14963=DIRECTION('ref_axis',(1.,0.,0.));
#14964=DIRECTION('center_axis',(0.,0.,-1.));
#14965=DIRECTION('ref_axis',(1.,0.,0.));
#14966=DIRECTION('center_axis',(0.,0.,1.));
#14967=DIRECTION('ref_axis',(-1.,1.22464679914735E-16,0.));
#14968=DIRECTION('center_axis',(0.,0.,-1.));
#14969=DIRECTION('ref_axis',(1.,0.,0.));
#14970=DIRECTION('center_axis',(0.,0.,1.));
#14971=DIRECTION('ref_axis',(1.,0.,0.));
#14972=DIRECTION('center_axis',(0.,0.,-1.));
#14973=DIRECTION('ref_axis',(1.,0.,0.));
#14974=DIRECTION('center_axis',(0.,0.,1.));
#14975=DIRECTION('ref_axis',(1.,0.,0.));
#14976=DIRECTION('center_axis',(0.,0.,1.));
#14977=DIRECTION('ref_axis',(1.,0.,0.));
#14978=DIRECTION('center_axis',(0.,0.,-1.));
#14979=DIRECTION('ref_axis',(1.,0.,0.));
#14980=DIRECTION('center_axis',(0.,0.,1.));
#14981=DIRECTION('ref_axis',(1.,0.,0.));
#14982=DIRECTION('center_axis',(0.,0.,1.));
#14983=DIRECTION('ref_axis',(1.,0.,0.));
#14984=DIRECTION('center_axis',(0.,0.,1.));
#14985=DIRECTION('ref_axis',(1.,0.,0.));
#14986=DIRECTION('center_axis',(0.,0.,1.));
#14987=DIRECTION('ref_axis',(1.,0.,0.));
#14988=DIRECTION('center_axis',(0.,0.,1.));
#14989=DIRECTION('ref_axis',(-1.,-1.22464679914735E-16,0.));
#14990=DIRECTION('center_axis',(0.,0.,-1.));
#14991=DIRECTION('ref_axis',(1.,0.,0.));
#14992=DIRECTION('center_axis',(0.,0.,1.));
#14993=DIRECTION('ref_axis',(1.,0.,0.));
#14994=DIRECTION('center_axis',(0.,0.,-1.));
#14995=DIRECTION('ref_axis',(1.,0.,0.));
#14996=DIRECTION('center_axis',(0.,0.,1.));
#14997=DIRECTION('ref_axis',(1.,0.,0.));
#14998=DIRECTION('center_axis',(0.,0.,-1.));
#14999=DIRECTION('ref_axis',(1.,0.,0.));
#15000=DIRECTION('center_axis',(0.,0.,1.));
#15001=DIRECTION('ref_axis',(1.,0.,0.));
#15002=DIRECTION('center_axis',(0.,0.,-1.));
#15003=DIRECTION('ref_axis',(1.,0.,0.));
#15004=DIRECTION('center_axis',(0.,0.,1.));
#15005=DIRECTION('ref_axis',(1.,0.,0.));
#15006=DIRECTION('center_axis',(0.,0.,1.));
#15007=DIRECTION('ref_axis',(1.,0.,0.));
#15008=DIRECTION('center_axis',(0.,0.,-1.));
#15009=DIRECTION('ref_axis',(1.,0.,0.));
#15010=DIRECTION('center_axis',(0.,0.,1.));
#15011=DIRECTION('ref_axis',(1.,0.,0.));
#15012=DIRECTION('center_axis',(0.,0.,1.));
#15013=DIRECTION('ref_axis',(1.,0.,0.));
#15014=DIRECTION('center_axis',(0.,0.,1.));
#15015=DIRECTION('ref_axis',(1.,0.,0.));
#15016=DIRECTION('center_axis',(0.,0.,1.));
#15017=DIRECTION('ref_axis',(1.,0.,0.));
#15018=DIRECTION('center_axis',(0.,0.,1.));
#15019=DIRECTION('ref_axis',(1.,0.,0.));
#15020=DIRECTION('',(0.,0.,-1.));
#15021=DIRECTION('center_axis',(0.,0.,1.));
#15022=DIRECTION('ref_axis',(1.,0.,0.));
#15023=DIRECTION('center_axis',(0.,0.,1.));
#15024=DIRECTION('ref_axis',(1.,0.,0.));
#15025=DIRECTION('axis',(0.,0.,1.));
#15026=DIRECTION('refdir',(1.,0.,0.));
#15027=DIRECTION('center_axis',(0.,0.,-1.));
#15028=DIRECTION('ref_axis',(1.,0.,0.));
#15029=DIRECTION('center_axis',(0.,0.,-1.));
#15030=DIRECTION('ref_axis',(1.,0.,0.));
#15031=DIRECTION('',(-0.707106781186547,-8.65956056235493E-17,-0.707106781186547));
#15032=DIRECTION('center_axis',(0.,0.,1.));
#15033=DIRECTION('ref_axis',(1.,0.,0.));
#15034=DIRECTION('center_axis',(0.,0.,1.));
#15035=DIRECTION('ref_axis',(1.,0.,0.));
#15036=DIRECTION('',(0.,0.,-1.));
#15037=DIRECTION('center_axis',(0.,0.,-1.));
#15038=DIRECTION('ref_axis',(1.,0.,0.));
#15039=DIRECTION('center_axis',(0.,0.,1.));
#15040=DIRECTION('ref_axis',(1.,0.,0.));
#15041=DIRECTION('center_axis',(1.,0.,0.));
#15042=DIRECTION('ref_axis',(0.,0.,-1.));
#15043=DIRECTION('center_axis',(1.,0.,0.));
#15044=DIRECTION('ref_axis',(0.,0.,-1.));
#15045=DIRECTION('',(1.,0.,0.));
#15046=DIRECTION('',(1.,0.,0.));
#15047=DIRECTION('',(-1.,0.,0.));
#15048=DIRECTION('',(1.,0.,0.));
#15049=DIRECTION('',(-1.,0.,0.));
#15050=DIRECTION('center_axis',(1.,0.,0.));
#15051=DIRECTION('ref_axis',(0.,0.,-1.));
#15052=DIRECTION('',(-1.,0.,0.));
#15053=DIRECTION('',(1.,0.,0.));
#15054=DIRECTION('',(1.,0.,0.));
#15055=DIRECTION('center_axis',(-1.,0.,0.));
#15056=DIRECTION('ref_axis',(0.,0.,-1.));
#15057=DIRECTION('',(-1.,0.,0.));
#15058=DIRECTION('',(1.,0.,0.));
#15059=DIRECTION('center_axis',(0.,0.,1.));
#15060=DIRECTION('ref_axis',(1.,0.,0.));
#15061=DIRECTION('center_axis',(0.,0.,-1.));
#15062=DIRECTION('ref_axis',(1.,0.,0.));
#15063=DIRECTION('',(0.,0.,-1.));
#15064=DIRECTION('center_axis',(0.,0.,1.));
#15065=DIRECTION('ref_axis',(1.,0.,0.));
#15066=DIRECTION('',(0.,0.,1.));
#15067=DIRECTION('center_axis',(0.,0.,-1.));
#15068=DIRECTION('ref_axis',(1.,0.,0.));
#15069=DIRECTION('center_axis',(0.,0.,1.));
#15070=DIRECTION('ref_axis',(1.,0.,0.));
#15071=DIRECTION('center_axis',(0.,0.,-1.));
#15072=DIRECTION('ref_axis',(1.,0.,0.));
#15073=DIRECTION('',(0.,-1.,0.));
#15074=DIRECTION('center_axis',(0.,0.,1.));
#15075=DIRECTION('ref_axis',(1.,0.,0.));
#15076=DIRECTION('center_axis',(0.,0.,-1.));
#15077=DIRECTION('ref_axis',(1.,0.,0.));
#15078=DIRECTION('',(0.,0.,-1.));
#15079=DIRECTION('center_axis',(0.,0.,1.));
#15080=DIRECTION('ref_axis',(1.,0.,0.));
#15081=DIRECTION('center_axis',(0.,0.,1.));
#15082=DIRECTION('ref_axis',(1.,0.,0.));
#15083=DIRECTION('',(0.,1.,0.));
#15084=DIRECTION('center_axis',(0.,0.,1.));
#15085=DIRECTION('ref_axis',(-1.,1.22464679914735E-16,0.));
#15086=DIRECTION('center_axis',(0.,0.,1.));
#15087=DIRECTION('ref_axis',(1.,0.,0.));
#15088=DIRECTION('',(0.,0.,1.));
#15089=DIRECTION('center_axis',(0.,0.,-1.));
#15090=DIRECTION('ref_axis',(1.,0.,0.));
#15091=DIRECTION('',(0.,0.,-1.));
#15092=DIRECTION('center_axis',(0.,0.,1.));
#15093=DIRECTION('ref_axis',(1.,0.,0.));
#15094=DIRECTION('center_axis',(0.,0.,1.));
#15095=DIRECTION('ref_axis',(1.,0.,0.));
#15096=DIRECTION('center_axis',(0.,0.,-1.));
#15097=DIRECTION('ref_axis',(1.,0.,0.));
#15098=DIRECTION('',(0.,-1.,0.));
#15099=DIRECTION('center_axis',(0.,0.,1.));
#15100=DIRECTION('ref_axis',(1.,0.,0.));
#15101=DIRECTION('center_axis',(0.,0.,-1.));
#15102=DIRECTION('ref_axis',(1.,0.,0.));
#15103=DIRECTION('',(0.,0.,1.));
#15104=DIRECTION('center_axis',(0.,0.,1.));
#15105=DIRECTION('ref_axis',(1.,0.,0.));
#15106=DIRECTION('center_axis',(0.,0.,-1.));
#15107=DIRECTION('ref_axis',(1.,0.,0.));
#15108=DIRECTION('',(0.,1.,0.));
#15109=DIRECTION('center_axis',(-1.,0.,0.));
#15110=DIRECTION('ref_axis',(0.,-1.,0.));
#15111=DIRECTION('',(0.,0.,-1.));
#15112=DIRECTION('',(0.,-1.,0.));
#15113=DIRECTION('',(0.,0.,1.));
#15114=DIRECTION('',(0.,1.,0.));
#15115=DIRECTION('',(0.,0.,1.));
#15116=DIRECTION('',(0.,-1.,0.));
#15117=DIRECTION('',(0.,0.,1.));
#15118=DIRECTION('',(0.,1.,0.));
#15119=DIRECTION('',(0.,0.,1.));
#15120=DIRECTION('',(0.,-1.,0.));
#15121=DIRECTION('',(0.,0.,-1.));
#15122=DIRECTION('',(0.,1.,0.));
#15123=DIRECTION('',(0.,0.,-1.));
#15124=DIRECTION('',(0.,-1.,0.));
#15125=DIRECTION('',(0.,1.,0.));
#15126=DIRECTION('',(0.,0.,-1.));
#15127=DIRECTION('',(0.,-1.,0.));
#15128=DIRECTION('',(0.,0.,-1.));
#15129=DIRECTION('',(0.,1.,0.));
#15130=DIRECTION('center_axis',(0.,0.,1.));
#15131=DIRECTION('ref_axis',(1.,0.,0.));
#15132=DIRECTION('center_axis',(0.,0.,1.));
#15133=DIRECTION('ref_axis',(1.,0.,0.));
#15134=DIRECTION('',(0.,1.,0.));
#15135=DIRECTION('center_axis',(0.,0.,1.));
#15136=DIRECTION('ref_axis',(1.,0.,0.));
#15137=DIRECTION('center_axis',(1.,0.,0.));
#15138=DIRECTION('ref_axis',(0.,1.,0.));
#15139=DIRECTION('',(0.,0.,1.));
#15140=DIRECTION('',(0.,-1.,0.));
#15141=DIRECTION('',(0.,0.,1.));
#15142=DIRECTION('',(0.,1.,0.));
#15143=DIRECTION('',(0.,0.,1.));
#15144=DIRECTION('',(0.,-1.,0.));
#15145=DIRECTION('',(0.,0.,1.));
#15146=DIRECTION('',(0.,1.,0.));
#15147=DIRECTION('',(0.,0.,1.));
#15148=DIRECTION('',(0.,-1.,0.));
#15149=DIRECTION('',(0.,1.,0.));
#15150=DIRECTION('',(0.,0.,-1.));
#15151=DIRECTION('',(0.,-1.,0.));
#15152=DIRECTION('',(0.,0.,-1.));
#15153=DIRECTION('',(0.,1.,0.));
#15154=DIRECTION('',(0.,0.,-1.));
#15155=DIRECTION('',(0.,-1.,0.));
#15156=DIRECTION('',(0.,0.,-1.));
#15157=DIRECTION('center_axis',(0.,0.,1.));
#15158=DIRECTION('ref_axis',(1.,0.,0.));
#15159=DIRECTION('center_axis',(0.,0.,-1.));
#15160=DIRECTION('ref_axis',(1.,0.,0.));
#15161=DIRECTION('',(0.,0.,1.));
#15162=DIRECTION('center_axis',(0.,0.,-1.));
#15163=DIRECTION('ref_axis',(1.,0.,0.));
#15164=DIRECTION('center_axis',(0.,0.,-1.));
#15165=DIRECTION('ref_axis',(1.,0.,0.));
#15166=DIRECTION('center_axis',(0.,0.,-1.));
#15167=DIRECTION('ref_axis',(1.,0.,0.));
#15168=DIRECTION('center_axis',(0.,0.,1.));
#15169=DIRECTION('ref_axis',(1.,0.,0.));
#15170=DIRECTION('center_axis',(0.,0.,-1.));
#15171=DIRECTION('ref_axis',(1.,0.,0.));
#15172=DIRECTION('center_axis',(0.,0.,1.));
#15173=DIRECTION('ref_axis',(1.,0.,0.));
#15174=DIRECTION('center_axis',(0.,0.,-1.));
#15175=DIRECTION('ref_axis',(1.,0.,0.));
#15176=DIRECTION('center_axis',(0.,0.,1.));
#15177=DIRECTION('ref_axis',(-1.,1.22464679914735E-16,0.));
#15178=DIRECTION('center_axis',(0.,0.,1.));
#15179=DIRECTION('ref_axis',(1.,0.,0.));
#15180=DIRECTION('center_axis',(0.,0.,1.));
#15181=DIRECTION('ref_axis',(1.,0.,0.));
#15182=DIRECTION('center_axis',(0.,0.,1.));
#15183=DIRECTION('ref_axis',(1.,0.,0.));
#15184=DIRECTION('center_axis',(0.,0.,1.));
#15185=DIRECTION('ref_axis',(1.,0.,0.));
#15186=DIRECTION('center_axis',(0.,0.,-1.));
#15187=DIRECTION('ref_axis',(1.,0.,0.));
#15188=DIRECTION('center_axis',(0.,0.,1.));
#15189=DIRECTION('ref_axis',(1.,0.,0.));
#15190=DIRECTION('center_axis',(0.,0.,-1.));
#15191=DIRECTION('ref_axis',(1.,0.,0.));
#15192=DIRECTION('center_axis',(0.,0.,1.));
#15193=DIRECTION('ref_axis',(-1.,1.22464679914735E-16,0.));
#15194=DIRECTION('center_axis',(0.,0.,-1.));
#15195=DIRECTION('ref_axis',(1.,0.,0.));
#15196=DIRECTION('center_axis',(0.,0.,1.));
#15197=DIRECTION('ref_axis',(1.,0.,0.));
#15198=DIRECTION('center_axis',(0.,0.,-1.));
#15199=DIRECTION('ref_axis',(1.,0.,0.));
#15200=DIRECTION('center_axis',(0.,0.,1.));
#15201=DIRECTION('ref_axis',(1.,0.,0.));
#15202=DIRECTION('center_axis',(0.,0.,1.));
#15203=DIRECTION('ref_axis',(1.,0.,0.));
#15204=DIRECTION('center_axis',(0.,0.,-1.));
#15205=DIRECTION('ref_axis',(1.,0.,0.));
#15206=DIRECTION('center_axis',(0.,0.,1.));
#15207=DIRECTION('ref_axis',(1.,0.,0.));
#15208=DIRECTION('center_axis',(0.,0.,1.));
#15209=DIRECTION('ref_axis',(1.,0.,0.));
#15210=DIRECTION('center_axis',(0.,0.,1.));
#15211=DIRECTION('ref_axis',(1.,0.,0.));
#15212=DIRECTION('center_axis',(0.,0.,1.));
#15213=DIRECTION('ref_axis',(1.,0.,0.));
#15214=DIRECTION('center_axis',(0.,0.,1.));
#15215=DIRECTION('ref_axis',(-1.,-1.22464679914735E-16,0.));
#15216=DIRECTION('center_axis',(0.,0.,-1.));
#15217=DIRECTION('ref_axis',(1.,0.,0.));
#15218=DIRECTION('center_axis',(0.,0.,1.));
#15219=DIRECTION('ref_axis',(1.,0.,0.));
#15220=DIRECTION('center_axis',(0.,0.,-1.));
#15221=DIRECTION('ref_axis',(1.,0.,0.));
#15222=DIRECTION('center_axis',(0.,0.,1.));
#15223=DIRECTION('ref_axis',(1.,0.,0.));
#15224=DIRECTION('center_axis',(0.,0.,-1.));
#15225=DIRECTION('ref_axis',(1.,0.,0.));
#15226=DIRECTION('center_axis',(0.,0.,1.));
#15227=DIRECTION('ref_axis',(1.,0.,0.));
#15228=DIRECTION('center_axis',(0.,0.,-1.));
#15229=DIRECTION('ref_axis',(1.,0.,0.));
#15230=DIRECTION('center_axis',(0.,0.,1.));
#15231=DIRECTION('ref_axis',(1.,0.,0.));
#15232=DIRECTION('center_axis',(0.,0.,1.));
#15233=DIRECTION('ref_axis',(1.,0.,0.));
#15234=DIRECTION('center_axis',(0.,0.,-1.));
#15235=DIRECTION('ref_axis',(1.,0.,0.));
#15236=DIRECTION('center_axis',(0.,0.,1.));
#15237=DIRECTION('ref_axis',(1.,0.,0.));
#15238=DIRECTION('center_axis',(0.,0.,1.));
#15239=DIRECTION('ref_axis',(1.,0.,0.));
#15240=DIRECTION('center_axis',(0.,0.,1.));
#15241=DIRECTION('ref_axis',(1.,0.,0.));
#15242=DIRECTION('center_axis',(0.,0.,1.));
#15243=DIRECTION('ref_axis',(1.,0.,0.));
#15244=DIRECTION('center_axis',(0.,0.,1.));
#15245=DIRECTION('ref_axis',(1.,0.,0.));
#15246=DIRECTION('',(0.,0.,-1.));
#15247=DIRECTION('center_axis',(0.,0.,1.));
#15248=DIRECTION('ref_axis',(1.,0.,0.));
#15249=DIRECTION('center_axis',(0.,0.,1.));
#15250=DIRECTION('ref_axis',(1.,0.,0.));
#15251=DIRECTION('axis',(0.,0.,1.));
#15252=DIRECTION('refdir',(1.,0.,0.));
#15253=DIRECTION('center_axis',(1.,0.,0.));
#15254=DIRECTION('ref_axis',(0.,0.,-1.));
#15255=DIRECTION('center_axis',(-1.,0.,0.));
#15256=DIRECTION('ref_axis',(0.,0.,-1.));
#15257=DIRECTION('',(-1.,0.,0.));
#15258=DIRECTION('center_axis',(-1.,0.,0.));
#15259=DIRECTION('ref_axis',(0.,0.,-1.));
#15260=DIRECTION('center_axis',(1.,0.,0.));
#15261=DIRECTION('ref_axis',(0.,0.,-1.));
#15262=DIRECTION('center_axis',(1.,0.,0.));
#15263=DIRECTION('ref_axis',(0.,0.,-1.));
#15264=DIRECTION('',(-1.,0.,0.));
#15265=DIRECTION('center_axis',(1.,0.,0.));
#15266=DIRECTION('ref_axis',(0.,0.,-1.));
#15267=DIRECTION('center_axis',(1.,0.,0.));
#15268=DIRECTION('ref_axis',(0.,0.,-1.));
#15269=DIRECTION('center_axis',(1.,0.,0.));
#15270=DIRECTION('ref_axis',(0.,0.,-1.));
#15271=DIRECTION('axis',(0.,0.,1.));
#15272=DIRECTION('refdir',(1.,0.,0.));
#15273=DIRECTION('center_axis',(1.,0.,0.));
#15274=DIRECTION('ref_axis',(0.,0.,-1.));
#15275=DIRECTION('center_axis',(-1.,0.,0.));
#15276=DIRECTION('ref_axis',(0.,0.,-1.));
#15277=DIRECTION('',(-1.,0.,0.));
#15278=DIRECTION('center_axis',(-1.,0.,0.));
#15279=DIRECTION('ref_axis',(0.,0.,-1.));
#15280=DIRECTION('center_axis',(1.,0.,0.));
#15281=DIRECTION('ref_axis',(0.,0.,-1.));
#15282=DIRECTION('center_axis',(1.,0.,0.));
#15283=DIRECTION('ref_axis',(0.,0.,-1.));
#15284=DIRECTION('',(-1.,0.,0.));
#15285=DIRECTION('center_axis',(1.,0.,0.));
#15286=DIRECTION('ref_axis',(0.,0.,-1.));
#15287=DIRECTION('center_axis',(1.,0.,0.));
#15288=DIRECTION('ref_axis',(0.,0.,-1.));
#15289=DIRECTION('center_axis',(1.,0.,0.));
#15290=DIRECTION('ref_axis',(0.,0.,-1.));
#15291=DIRECTION('axis',(0.,0.,1.));
#15292=DIRECTION('refdir',(1.,0.,0.));
#15293=DIRECTION('center_axis',(1.,0.,0.));
#15294=DIRECTION('ref_axis',(0.,0.,-1.));
#15295=DIRECTION('center_axis',(-1.,0.,0.));
#15296=DIRECTION('ref_axis',(0.,0.,-1.));
#15297=DIRECTION('',(-1.,0.,0.));
#15298=DIRECTION('center_axis',(-1.,0.,0.));
#15299=DIRECTION('ref_axis',(0.,0.,-1.));
#15300=DIRECTION('center_axis',(1.,0.,0.));
#15301=DIRECTION('ref_axis',(0.,0.,-1.));
#15302=DIRECTION('center_axis',(1.,0.,0.));
#15303=DIRECTION('ref_axis',(0.,0.,-1.));
#15304=DIRECTION('',(-1.,0.,0.));
#15305=DIRECTION('center_axis',(1.,0.,0.));
#15306=DIRECTION('ref_axis',(0.,0.,-1.));
#15307=DIRECTION('center_axis',(1.,0.,0.));
#15308=DIRECTION('ref_axis',(0.,0.,-1.));
#15309=DIRECTION('center_axis',(1.,0.,0.));
#15310=DIRECTION('ref_axis',(0.,0.,-1.));
#15311=DIRECTION('axis',(0.,0.,1.));
#15312=DIRECTION('refdir',(1.,0.,0.));
#15313=DIRECTION('center_axis',(1.,0.,0.));
#15314=DIRECTION('ref_axis',(0.,0.,-1.));
#15315=DIRECTION('center_axis',(-1.,0.,0.));
#15316=DIRECTION('ref_axis',(0.,0.,-1.));
#15317=DIRECTION('',(-1.,0.,0.));
#15318=DIRECTION('center_axis',(-1.,0.,0.));
#15319=DIRECTION('ref_axis',(0.,0.,-1.));
#15320=DIRECTION('center_axis',(1.,0.,0.));
#15321=DIRECTION('ref_axis',(0.,0.,-1.));
#15322=DIRECTION('center_axis',(1.,0.,0.));
#15323=DIRECTION('ref_axis',(0.,0.,-1.));
#15324=DIRECTION('',(-1.,0.,0.));
#15325=DIRECTION('center_axis',(1.,0.,0.));
#15326=DIRECTION('ref_axis',(0.,0.,-1.));
#15327=DIRECTION('center_axis',(1.,0.,0.));
#15328=DIRECTION('ref_axis',(0.,0.,-1.));
#15329=DIRECTION('center_axis',(1.,0.,0.));
#15330=DIRECTION('ref_axis',(0.,0.,-1.));
#15331=DIRECTION('axis',(0.,0.,1.));
#15332=DIRECTION('refdir',(1.,0.,0.));
#15333=DIRECTION('center_axis',(1.,0.,0.));
#15334=DIRECTION('ref_axis',(0.,0.,-1.));
#15335=DIRECTION('center_axis',(1.,0.,0.));
#15336=DIRECTION('ref_axis',(0.,0.,-1.));
#15337=DIRECTION('',(1.,0.,0.));
#15338=DIRECTION('center_axis',(-1.,0.,0.));
#15339=DIRECTION('ref_axis',(0.,0.,-1.));
#15340=DIRECTION('center_axis',(1.,0.,0.));
#15341=DIRECTION('ref_axis',(0.,0.,-1.));
#15342=DIRECTION('center_axis',(1.,0.,0.));
#15343=DIRECTION('ref_axis',(0.,0.,-1.));
#15344=DIRECTION('',(1.,0.,0.));
#15345=DIRECTION('center_axis',(-1.,0.,0.));
#15346=DIRECTION('ref_axis',(0.,0.,-1.));
#15347=DIRECTION('center_axis',(1.,0.,0.));
#15348=DIRECTION('ref_axis',(0.,0.,-1.));
#15349=DIRECTION('center_axis',(1.,0.,0.));
#15350=DIRECTION('ref_axis',(0.,0.,-1.));
#15351=DIRECTION('center_axis',(1.,0.,0.));
#15352=DIRECTION('ref_axis',(0.,0.,-1.));
#15353=DIRECTION('center_axis',(1.,0.,0.));
#15354=DIRECTION('ref_axis',(0.,0.,-1.));
#15355=DIRECTION('center_axis',(1.,0.,0.));
#15356=DIRECTION('ref_axis',(0.,0.,-1.));
#15357=DIRECTION('center_axis',(1.,0.,0.));
#15358=DIRECTION('ref_axis',(0.,0.,-1.));
#15359=DIRECTION('center_axis',(1.,0.,0.));
#15360=DIRECTION('ref_axis',(0.,0.,-1.));
#15361=DIRECTION('center_axis',(1.,0.,0.));
#15362=DIRECTION('ref_axis',(0.,0.,-1.));
#15363=DIRECTION('center_axis',(1.,0.,0.));
#15364=DIRECTION('ref_axis',(0.,0.,-1.));
#15365=DIRECTION('center_axis',(1.,0.,0.));
#15366=DIRECTION('ref_axis',(0.,0.,-1.));
#15367=DIRECTION('',(0.,-0.0499376169438922,-0.998752338877845));
#15368=DIRECTION('',(0.,0.0199960011996002,-0.999800059980007));
#15369=DIRECTION('',(0.,0.206010481049842,-0.978549784986749));
#15370=DIRECTION('center_axis',(1.,0.,0.));
#15371=DIRECTION('ref_axis',(0.,0.,-1.));
#15372=DIRECTION('center_axis',(1.,0.,0.));
#15373=DIRECTION('ref_axis',(0.,0.,-1.));
#15374=DIRECTION('',(0.,0.206010481049842,0.978549784986749));
#15375=DIRECTION('',(0.,0.0199960011996002,0.999800059980007));
#15376=DIRECTION('',(0.,-0.0499376169438922,0.998752338877845));
#15377=DIRECTION('center_axis',(0.,0.998752338877845,-0.0499376169438922));
#15378=DIRECTION('ref_axis',(0.,0.0499376169438922,0.998752338877845));
#15379=DIRECTION('',(1.,0.,0.));
#15380=DIRECTION('',(0.,0.0499376169438922,0.998752338877845));
#15381=DIRECTION('',(1.,0.,0.));
#15382=DIRECTION('center_axis',(0.,0.999800059980007,0.0199960011996002));
#15383=DIRECTION('ref_axis',(0.,-0.0199960011996002,0.999800059980007));
#15384=DIRECTION('',(0.,-0.0199960011996002,0.999800059980007));
#15385=DIRECTION('',(1.,0.,0.));
#15386=DIRECTION('center_axis',(0.,0.978549784986749,0.206010481049842));
#15387=DIRECTION('ref_axis',(0.,-0.206010481049842,0.978549784986749));
#15388=DIRECTION('',(0.,-0.206010481049842,0.978549784986749));
#15389=DIRECTION('',(1.,0.,0.));
#15390=DIRECTION('center_axis',(1.,0.,0.));
#15391=DIRECTION('ref_axis',(0.,0.,-1.));
#15392=DIRECTION('',(-1.,0.,0.));
#15393=DIRECTION('center_axis',(-1.,0.,0.));
#15394=DIRECTION('ref_axis',(0.,0.,-1.));
#15395=DIRECTION('',(1.,0.,0.));
#15396=DIRECTION('',(-1.,0.,0.));
#15397=DIRECTION('center_axis',(-1.,0.,0.));
#15398=DIRECTION('ref_axis',(0.,0.,-1.));
#15399=DIRECTION('center_axis',(0.,-0.978549784986749,0.206010481049842));
#15400=DIRECTION('ref_axis',(0.,-0.206010481049842,-0.978549784986749));
#15401=DIRECTION('',(0.,-0.206010481049842,-0.978549784986749));
#15402=DIRECTION('',(1.,0.,0.));
#15403=DIRECTION('center_axis',(0.,-0.999800059980007,0.0199960011996002));
#15404=DIRECTION('ref_axis',(0.,-0.0199960011996002,-0.999800059980007));
#15405=DIRECTION('',(0.,-0.0199960011996002,-0.999800059980007));
#15406=DIRECTION('',(1.,0.,0.));
#15407=DIRECTION('center_axis',(0.,-0.998752338877845,-0.0499376169438922));
#15408=DIRECTION('ref_axis',(0.,0.0499376169438922,-0.998752338877845));
#15409=DIRECTION('',(0.,0.0499376169438922,-0.998752338877845));
#15410=DIRECTION('',(1.,0.,0.));
#15411=DIRECTION('center_axis',(1.,0.,0.));
#15412=DIRECTION('ref_axis',(0.,0.,-1.));
#15413=DIRECTION('',(-1.,0.,0.));
#15414=DIRECTION('center_axis',(-1.,0.,0.));
#15415=DIRECTION('ref_axis',(0.,0.,-1.));
#15416=DIRECTION('center_axis',(1.,0.,0.));
#15417=DIRECTION('ref_axis',(0.,0.,-1.));
#15418=DIRECTION('axis',(0.,0.,1.));
#15419=DIRECTION('refdir',(1.,0.,0.));
#15420=DIRECTION('center_axis',(1.,0.,0.));
#15421=DIRECTION('ref_axis',(0.,0.,-1.));
#15422=DIRECTION('center_axis',(1.,0.,0.));
#15423=DIRECTION('ref_axis',(0.,0.,-1.));
#15424=DIRECTION('',(1.,0.,0.));
#15425=DIRECTION('center_axis',(-1.,0.,0.));
#15426=DIRECTION('ref_axis',(0.,0.,-1.));
#15427=DIRECTION('center_axis',(1.,0.,0.));
#15428=DIRECTION('ref_axis',(0.,0.,-1.));
#15429=DIRECTION('center_axis',(1.,0.,0.));
#15430=DIRECTION('ref_axis',(0.,0.,-1.));
#15431=DIRECTION('',(1.,0.,0.));
#15432=DIRECTION('center_axis',(-1.,0.,0.));
#15433=DIRECTION('ref_axis',(0.,0.,-1.));
#15434=DIRECTION('center_axis',(1.,0.,0.));
#15435=DIRECTION('ref_axis',(0.,0.,-1.));
#15436=DIRECTION('center_axis',(1.,0.,0.));
#15437=DIRECTION('ref_axis',(0.,0.,-1.));
#15438=DIRECTION('center_axis',(1.,0.,0.));
#15439=DIRECTION('ref_axis',(0.,0.,-1.));
#15440=DIRECTION('center_axis',(1.,0.,0.));
#15441=DIRECTION('ref_axis',(0.,0.,-1.));
#15442=DIRECTION('center_axis',(1.,0.,0.));
#15443=DIRECTION('ref_axis',(0.,0.,-1.));
#15444=DIRECTION('center_axis',(1.,0.,0.));
#15445=DIRECTION('ref_axis',(0.,0.,-1.));
#15446=DIRECTION('center_axis',(1.,0.,0.));
#15447=DIRECTION('ref_axis',(0.,0.,-1.));
#15448=DIRECTION('center_axis',(1.,0.,0.));
#15449=DIRECTION('ref_axis',(0.,0.,-1.));
#15450=DIRECTION('center_axis',(1.,0.,0.));
#15451=DIRECTION('ref_axis',(0.,0.,-1.));
#15452=DIRECTION('center_axis',(1.,0.,0.));
#15453=DIRECTION('ref_axis',(0.,0.,-1.));
#15454=DIRECTION('',(0.,-0.0499376169438922,-0.998752338877845));
#15455=DIRECTION('',(0.,0.0199960011996002,-0.999800059980007));
#15456=DIRECTION('',(0.,0.206010481049842,-0.978549784986749));
#15457=DIRECTION('center_axis',(1.,0.,0.));
#15458=DIRECTION('ref_axis',(0.,0.,-1.));
#15459=DIRECTION('center_axis',(1.,0.,0.));
#15460=DIRECTION('ref_axis',(0.,0.,-1.));
#15461=DIRECTION('',(0.,0.206010481049842,0.978549784986749));
#15462=DIRECTION('',(0.,0.0199960011996002,0.999800059980007));
#15463=DIRECTION('',(0.,-0.0499376169438922,0.998752338877845));
#15464=DIRECTION('center_axis',(0.,0.998752338877845,-0.0499376169438922));
#15465=DIRECTION('ref_axis',(0.,0.0499376169438922,0.998752338877845));
#15466=DIRECTION('',(1.,0.,0.));
#15467=DIRECTION('',(0.,0.0499376169438922,0.998752338877845));
#15468=DIRECTION('',(1.,0.,0.));
#15469=DIRECTION('center_axis',(0.,0.999800059980007,0.0199960011996002));
#15470=DIRECTION('ref_axis',(0.,-0.0199960011996002,0.999800059980007));
#15471=DIRECTION('',(0.,-0.0199960011996002,0.999800059980007));
#15472=DIRECTION('',(1.,0.,0.));
#15473=DIRECTION('center_axis',(0.,0.978549784986749,0.206010481049842));
#15474=DIRECTION('ref_axis',(0.,-0.206010481049842,0.978549784986749));
#15475=DIRECTION('',(0.,-0.206010481049842,0.978549784986749));
#15476=DIRECTION('',(1.,0.,0.));
#15477=DIRECTION('center_axis',(1.,0.,0.));
#15478=DIRECTION('ref_axis',(0.,0.,-1.));
#15479=DIRECTION('',(-1.,0.,0.));
#15480=DIRECTION('center_axis',(-1.,0.,0.));
#15481=DIRECTION('ref_axis',(0.,0.,-1.));
#15482=DIRECTION('',(1.,0.,0.));
#15483=DIRECTION('',(-1.,0.,0.));
#15484=DIRECTION('center_axis',(-1.,0.,0.));
#15485=DIRECTION('ref_axis',(0.,0.,-1.));
#15486=DIRECTION('center_axis',(0.,-0.978549784986749,0.206010481049842));
#15487=DIRECTION('ref_axis',(0.,-0.206010481049842,-0.978549784986749));
#15488=DIRECTION('',(0.,-0.206010481049842,-0.978549784986749));
#15489=DIRECTION('',(1.,0.,0.));
#15490=DIRECTION('center_axis',(0.,-0.999800059980007,0.0199960011996002));
#15491=DIRECTION('ref_axis',(0.,-0.0199960011996002,-0.999800059980007));
#15492=DIRECTION('',(0.,-0.0199960011996002,-0.999800059980007));
#15493=DIRECTION('',(1.,0.,0.));
#15494=DIRECTION('center_axis',(0.,-0.998752338877845,-0.0499376169438922));
#15495=DIRECTION('ref_axis',(0.,0.0499376169438922,-0.998752338877845));
#15496=DIRECTION('',(0.,0.0499376169438922,-0.998752338877845));
#15497=DIRECTION('',(1.,0.,0.));
#15498=DIRECTION('center_axis',(1.,0.,0.));
#15499=DIRECTION('ref_axis',(0.,0.,-1.));
#15500=DIRECTION('',(-1.,0.,0.));
#15501=DIRECTION('center_axis',(-1.,0.,0.));
#15502=DIRECTION('ref_axis',(0.,0.,-1.));
#15503=DIRECTION('center_axis',(1.,0.,0.));
#15504=DIRECTION('ref_axis',(0.,0.,-1.));
#15505=DIRECTION('axis',(0.,0.,1.));
#15506=DIRECTION('refdir',(1.,0.,0.));
#15507=DIRECTION('center_axis',(1.,0.,0.));
#15508=DIRECTION('ref_axis',(0.,0.,-1.));
#15509=DIRECTION('center_axis',(1.,0.,0.));
#15510=DIRECTION('ref_axis',(0.,0.,-1.));
#15511=DIRECTION('',(1.,0.,0.));
#15512=DIRECTION('center_axis',(-1.,0.,0.));
#15513=DIRECTION('ref_axis',(0.,0.,-1.));
#15514=DIRECTION('center_axis',(1.,0.,0.));
#15515=DIRECTION('ref_axis',(0.,0.,-1.));
#15516=DIRECTION('center_axis',(1.,0.,0.));
#15517=DIRECTION('ref_axis',(0.,0.,-1.));
#15518=DIRECTION('',(1.,0.,0.));
#15519=DIRECTION('center_axis',(-1.,0.,0.));
#15520=DIRECTION('ref_axis',(0.,0.,-1.));
#15521=DIRECTION('center_axis',(1.,0.,0.));
#15522=DIRECTION('ref_axis',(0.,0.,-1.));
#15523=DIRECTION('center_axis',(1.,0.,0.));
#15524=DIRECTION('ref_axis',(0.,0.,-1.));
#15525=DIRECTION('center_axis',(1.,0.,0.));
#15526=DIRECTION('ref_axis',(0.,0.,-1.));
#15527=DIRECTION('center_axis',(1.,0.,0.));
#15528=DIRECTION('ref_axis',(0.,0.,-1.));
#15529=DIRECTION('center_axis',(1.,0.,0.));
#15530=DIRECTION('ref_axis',(0.,0.,-1.));
#15531=DIRECTION('center_axis',(1.,0.,0.));
#15532=DIRECTION('ref_axis',(0.,0.,-1.));
#15533=DIRECTION('center_axis',(1.,0.,0.));
#15534=DIRECTION('ref_axis',(0.,0.,-1.));
#15535=DIRECTION('center_axis',(1.,0.,0.));
#15536=DIRECTION('ref_axis',(0.,0.,-1.));
#15537=DIRECTION('center_axis',(1.,0.,0.));
#15538=DIRECTION('ref_axis',(0.,0.,-1.));
#15539=DIRECTION('center_axis',(1.,0.,0.));
#15540=DIRECTION('ref_axis',(0.,0.,-1.));
#15541=DIRECTION('',(0.,-0.0499376169438922,-0.998752338877845));
#15542=DIRECTION('',(0.,0.0199960011996002,-0.999800059980007));
#15543=DIRECTION('',(0.,0.206010481049842,-0.978549784986749));
#15544=DIRECTION('center_axis',(1.,0.,0.));
#15545=DIRECTION('ref_axis',(0.,0.,-1.));
#15546=DIRECTION('center_axis',(1.,0.,0.));
#15547=DIRECTION('ref_axis',(0.,0.,-1.));
#15548=DIRECTION('',(0.,0.206010481049842,0.978549784986749));
#15549=DIRECTION('',(0.,0.0199960011996002,0.999800059980007));
#15550=DIRECTION('',(0.,-0.0499376169438922,0.998752338877845));
#15551=DIRECTION('center_axis',(0.,0.998752338877845,-0.0499376169438922));
#15552=DIRECTION('ref_axis',(0.,0.0499376169438922,0.998752338877845));
#15553=DIRECTION('',(1.,0.,0.));
#15554=DIRECTION('',(0.,0.0499376169438922,0.998752338877845));
#15555=DIRECTION('',(1.,0.,0.));
#15556=DIRECTION('center_axis',(0.,0.999800059980007,0.0199960011996002));
#15557=DIRECTION('ref_axis',(0.,-0.0199960011996002,0.999800059980007));
#15558=DIRECTION('',(0.,-0.0199960011996002,0.999800059980007));
#15559=DIRECTION('',(1.,0.,0.));
#15560=DIRECTION('center_axis',(0.,0.978549784986749,0.206010481049842));
#15561=DIRECTION('ref_axis',(0.,-0.206010481049842,0.978549784986749));
#15562=DIRECTION('',(0.,-0.206010481049842,0.978549784986749));
#15563=DIRECTION('',(1.,0.,0.));
#15564=DIRECTION('center_axis',(1.,0.,0.));
#15565=DIRECTION('ref_axis',(0.,0.,-1.));
#15566=DIRECTION('',(-1.,0.,0.));
#15567=DIRECTION('center_axis',(-1.,0.,0.));
#15568=DIRECTION('ref_axis',(0.,0.,-1.));
#15569=DIRECTION('',(1.,0.,0.));
#15570=DIRECTION('',(-1.,0.,0.));
#15571=DIRECTION('center_axis',(-1.,0.,0.));
#15572=DIRECTION('ref_axis',(0.,0.,-1.));
#15573=DIRECTION('center_axis',(0.,-0.978549784986749,0.206010481049842));
#15574=DIRECTION('ref_axis',(0.,-0.206010481049842,-0.978549784986749));
#15575=DIRECTION('',(0.,-0.206010481049842,-0.978549784986749));
#15576=DIRECTION('',(1.,0.,0.));
#15577=DIRECTION('center_axis',(0.,-0.999800059980007,0.0199960011996002));
#15578=DIRECTION('ref_axis',(0.,-0.0199960011996002,-0.999800059980007));
#15579=DIRECTION('',(0.,-0.0199960011996002,-0.999800059980007));
#15580=DIRECTION('',(1.,0.,0.));
#15581=DIRECTION('center_axis',(0.,-0.998752338877845,-0.0499376169438922));
#15582=DIRECTION('ref_axis',(0.,0.0499376169438922,-0.998752338877845));
#15583=DIRECTION('',(0.,0.0499376169438922,-0.998752338877845));
#15584=DIRECTION('',(1.,0.,0.));
#15585=DIRECTION('center_axis',(1.,0.,0.));
#15586=DIRECTION('ref_axis',(0.,0.,-1.));
#15587=DIRECTION('',(-1.,0.,0.));
#15588=DIRECTION('center_axis',(-1.,0.,0.));
#15589=DIRECTION('ref_axis',(0.,0.,-1.));
#15590=DIRECTION('center_axis',(1.,0.,0.));
#15591=DIRECTION('ref_axis',(0.,0.,-1.));
#15592=DIRECTION('axis',(0.,0.,1.));
#15593=DIRECTION('refdir',(1.,0.,0.));
#15594=DIRECTION('center_axis',(1.,0.,0.));
#15595=DIRECTION('ref_axis',(0.,0.,-1.));
#15596=DIRECTION('center_axis',(1.,0.,0.));
#15597=DIRECTION('ref_axis',(0.,0.,-1.));
#15598=DIRECTION('',(1.,0.,0.));
#15599=DIRECTION('center_axis',(-1.,0.,0.));
#15600=DIRECTION('ref_axis',(0.,0.,-1.));
#15601=DIRECTION('center_axis',(1.,0.,0.));
#15602=DIRECTION('ref_axis',(0.,0.,-1.));
#15603=DIRECTION('center_axis',(1.,0.,0.));
#15604=DIRECTION('ref_axis',(0.,0.,-1.));
#15605=DIRECTION('',(1.,0.,0.));
#15606=DIRECTION('center_axis',(-1.,0.,0.));
#15607=DIRECTION('ref_axis',(0.,0.,-1.));
#15608=DIRECTION('center_axis',(1.,0.,0.));
#15609=DIRECTION('ref_axis',(0.,0.,-1.));
#15610=DIRECTION('center_axis',(1.,0.,0.));
#15611=DIRECTION('ref_axis',(0.,0.,-1.));
#15612=DIRECTION('center_axis',(1.,0.,0.));
#15613=DIRECTION('ref_axis',(0.,0.,-1.));
#15614=DIRECTION('center_axis',(1.,0.,0.));
#15615=DIRECTION('ref_axis',(0.,0.,-1.));
#15616=DIRECTION('center_axis',(1.,0.,0.));
#15617=DIRECTION('ref_axis',(0.,0.,-1.));
#15618=DIRECTION('center_axis',(1.,0.,0.));
#15619=DIRECTION('ref_axis',(0.,0.,-1.));
#15620=DIRECTION('center_axis',(1.,0.,0.));
#15621=DIRECTION('ref_axis',(0.,0.,-1.));
#15622=DIRECTION('center_axis',(1.,0.,0.));
#15623=DIRECTION('ref_axis',(0.,0.,-1.));
#15624=DIRECTION('center_axis',(1.,0.,0.));
#15625=DIRECTION('ref_axis',(0.,0.,-1.));
#15626=DIRECTION('center_axis',(1.,0.,0.));
#15627=DIRECTION('ref_axis',(0.,0.,-1.));
#15628=DIRECTION('',(0.,-0.0499376169438922,-0.998752338877845));
#15629=DIRECTION('',(0.,0.0199960011996002,-0.999800059980007));
#15630=DIRECTION('',(0.,0.206010481049842,-0.978549784986749));
#15631=DIRECTION('center_axis',(1.,0.,0.));
#15632=DIRECTION('ref_axis',(0.,0.,-1.));
#15633=DIRECTION('center_axis',(1.,0.,0.));
#15634=DIRECTION('ref_axis',(0.,0.,-1.));
#15635=DIRECTION('',(0.,0.206010481049842,0.978549784986749));
#15636=DIRECTION('',(0.,0.0199960011996002,0.999800059980007));
#15637=DIRECTION('',(0.,-0.0499376169438922,0.998752338877845));
#15638=DIRECTION('center_axis',(0.,0.998752338877845,-0.0499376169438922));
#15639=DIRECTION('ref_axis',(0.,0.0499376169438922,0.998752338877845));
#15640=DIRECTION('',(1.,0.,0.));
#15641=DIRECTION('',(0.,0.0499376169438922,0.998752338877845));
#15642=DIRECTION('',(1.,0.,0.));
#15643=DIRECTION('center_axis',(0.,0.999800059980007,0.0199960011996002));
#15644=DIRECTION('ref_axis',(0.,-0.0199960011996002,0.999800059980007));
#15645=DIRECTION('',(0.,-0.0199960011996002,0.999800059980007));
#15646=DIRECTION('',(1.,0.,0.));
#15647=DIRECTION('center_axis',(0.,0.978549784986749,0.206010481049842));
#15648=DIRECTION('ref_axis',(0.,-0.206010481049842,0.978549784986749));
#15649=DIRECTION('',(0.,-0.206010481049842,0.978549784986749));
#15650=DIRECTION('',(1.,0.,0.));
#15651=DIRECTION('center_axis',(1.,0.,0.));
#15652=DIRECTION('ref_axis',(0.,0.,-1.));
#15653=DIRECTION('',(-1.,0.,0.));
#15654=DIRECTION('center_axis',(-1.,0.,0.));
#15655=DIRECTION('ref_axis',(0.,0.,-1.));
#15656=DIRECTION('',(1.,0.,0.));
#15657=DIRECTION('',(-1.,0.,0.));
#15658=DIRECTION('center_axis',(-1.,0.,0.));
#15659=DIRECTION('ref_axis',(0.,0.,-1.));
#15660=DIRECTION('center_axis',(0.,-0.978549784986749,0.206010481049842));
#15661=DIRECTION('ref_axis',(0.,-0.206010481049842,-0.978549784986749));
#15662=DIRECTION('',(0.,-0.206010481049842,-0.978549784986749));
#15663=DIRECTION('',(1.,0.,0.));
#15664=DIRECTION('center_axis',(0.,-0.999800059980007,0.0199960011996002));
#15665=DIRECTION('ref_axis',(0.,-0.0199960011996002,-0.999800059980007));
#15666=DIRECTION('',(0.,-0.0199960011996002,-0.999800059980007));
#15667=DIRECTION('',(1.,0.,0.));
#15668=DIRECTION('center_axis',(0.,-0.998752338877845,-0.0499376169438922));
#15669=DIRECTION('ref_axis',(0.,0.0499376169438922,-0.998752338877845));
#15670=DIRECTION('',(0.,0.0499376169438922,-0.998752338877845));
#15671=DIRECTION('',(1.,0.,0.));
#15672=DIRECTION('center_axis',(1.,0.,0.));
#15673=DIRECTION('ref_axis',(0.,0.,-1.));
#15674=DIRECTION('',(-1.,0.,0.));
#15675=DIRECTION('center_axis',(-1.,0.,0.));
#15676=DIRECTION('ref_axis',(0.,0.,-1.));
#15677=DIRECTION('center_axis',(1.,0.,0.));
#15678=DIRECTION('ref_axis',(0.,0.,-1.));
#15679=DIRECTION('',(0.,0.,1.));
#15680=DIRECTION('',(1.,0.,0.));
#15681=DIRECTION('',(0.,0.,1.));
#15682=DIRECTION('',(1.,0.,0.));
#15683=DIRECTION('',(0.,0.,1.));
#15684=DIRECTION('',(1.,0.,0.));
#15685=DIRECTION('',(0.,0.,1.));
#15686=DIRECTION('',(1.,0.,0.));
#15687=DIRECTION('',(0.,0.,1.));
#15688=DIRECTION('',(1.,0.,0.));
#15689=DIRECTION('',(0.,0.,1.));
#15690=DIRECTION('',(1.,0.,0.));
#15691=DIRECTION('',(0.,0.,1.));
#15692=DIRECTION('',(1.,0.,0.));
#15693=DIRECTION('',(0.,0.,1.));
#15694=DIRECTION('',(1.,0.,0.));
#15695=DIRECTION('',(0.,0.,1.));
#15696=DIRECTION('',(1.,0.,0.));
#15697=DIRECTION('',(0.,0.,1.));
#15698=DIRECTION('',(1.,0.,0.));
#15699=DIRECTION('',(0.,0.,1.));
#15700=DIRECTION('',(1.,0.,0.));
#15701=DIRECTION('',(0.,0.,1.));
#15702=DIRECTION('',(1.,0.,0.));
#15703=DIRECTION('',(0.,0.,1.));
#15704=DIRECTION('',(1.,0.,0.));
#15705=DIRECTION('',(0.,0.,1.));
#15706=DIRECTION('',(1.,0.,0.));
#15707=DIRECTION('',(0.,0.,1.));
#15708=DIRECTION('',(1.,0.,0.));
#15709=DIRECTION('',(0.,0.,1.));
#15710=DIRECTION('',(1.,0.,0.));
#15711=DIRECTION('',(0.,0.,1.));
#15712=DIRECTION('',(1.,0.,0.));
#15713=DIRECTION('',(0.,0.,1.));
#15714=DIRECTION('',(1.,0.,0.));
#15715=DIRECTION('',(0.,0.,1.));
#15716=DIRECTION('',(1.,0.,0.));
#15717=DIRECTION('',(0.,0.,1.));
#15718=DIRECTION('',(1.,0.,0.));
#15719=DIRECTION('',(0.,0.,1.));
#15720=DIRECTION('',(1.,0.,0.));
#15721=DIRECTION('',(0.,0.,1.));
#15722=DIRECTION('',(1.,0.,0.));
#15723=DIRECTION('',(0.,0.,1.));
#15724=DIRECTION('',(1.,0.,0.));
#15725=DIRECTION('',(0.,0.,1.));
#15726=DIRECTION('',(1.,0.,0.));
#15727=DIRECTION('',(0.,0.,1.));
#15728=DIRECTION('',(1.,0.,0.));
#15729=DIRECTION('',(0.,0.,1.));
#15730=DIRECTION('',(1.,0.,0.));
#15731=DIRECTION('',(0.,0.,1.));
#15732=DIRECTION('',(1.,0.,0.));
#15733=CARTESIAN_POINT('',(0.,0.,0.));
#15734=CARTESIAN_POINT('',(0.,0.,0.));
#15735=CARTESIAN_POINT('Origin',(-118.,51.,-56.));
#15736=CARTESIAN_POINT('',(-122.5,51.,-52.));
#15737=CARTESIAN_POINT('Origin',(-118.,51.,-52.));
#15738=CARTESIAN_POINT('',(-122.5,51.,-38.));
#15739=CARTESIAN_POINT('',(-122.5,51.,-56.));
#15740=CARTESIAN_POINT('Origin',(-118.,51.,-38.));
#15741=CARTESIAN_POINT('Origin',(118.0000001,51.,-56.));
#15742=CARTESIAN_POINT('',(113.5000001,51.,-52.));
#15743=CARTESIAN_POINT('Origin',(118.0000001,51.,-52.));
#15744=CARTESIAN_POINT('',(113.5000001,51.,-38.));
#15745=CARTESIAN_POINT('',(113.5000001,51.,-56.));
#15746=CARTESIAN_POINT('Origin',(118.0000001,51.,-38.));
#15747=CARTESIAN_POINT('Origin',(39.3333334,51.,-56.));
#15748=CARTESIAN_POINT('',(34.8333334,51.,-52.));
#15749=CARTESIAN_POINT('Origin',(39.3333334,51.,-52.));
#15750=CARTESIAN_POINT('',(34.8333334,51.,-38.));
#15751=CARTESIAN_POINT('',(34.8333334,51.,-56.));
#15752=CARTESIAN_POINT('Origin',(39.3333334,51.,-38.));
#15753=CARTESIAN_POINT('Origin',(-39.3333333,51.,-56.));
#15754=CARTESIAN_POINT('',(-43.8333333,51.,-52.));
#15755=CARTESIAN_POINT('Origin',(-39.3333333,51.,-52.));
#15756=CARTESIAN_POINT('',(-43.8333333,51.,-38.));
#15757=CARTESIAN_POINT('',(-43.8333333,51.,-56.));
#15758=CARTESIAN_POINT('Origin',(-39.3333333,51.,-38.));
#15759=CARTESIAN_POINT('Origin',(118.0000001,-51.,-56.));
#15760=CARTESIAN_POINT('',(113.5000001,-51.,-52.));
#15761=CARTESIAN_POINT('Origin',(118.0000001,-51.,-52.));
#15762=CARTESIAN_POINT('',(113.5000001,-51.,-38.));
#15763=CARTESIAN_POINT('',(113.5000001,-51.,-56.));
#15764=CARTESIAN_POINT('Origin',(118.0000001,-51.,-38.));
#15765=CARTESIAN_POINT('Origin',(39.3333334,-51.,-56.));
#15766=CARTESIAN_POINT('',(34.8333334,-51.,-52.));
#15767=CARTESIAN_POINT('Origin',(39.3333334,-51.,-52.));
#15768=CARTESIAN_POINT('',(34.8333334,-51.,-38.));
#15769=CARTESIAN_POINT('',(34.8333334,-51.,-56.));
#15770=CARTESIAN_POINT('Origin',(39.3333334,-51.,-38.));
#15771=CARTESIAN_POINT('Origin',(-39.3333333,-51.,-56.));
#15772=CARTESIAN_POINT('',(-43.8333333,-51.,-52.));
#15773=CARTESIAN_POINT('Origin',(-39.3333333,-51.,-52.));
#15774=CARTESIAN_POINT('',(-43.8333333,-51.,-38.));
#15775=CARTESIAN_POINT('',(-43.8333333,-51.,-56.));
#15776=CARTESIAN_POINT('Origin',(-39.3333333,-51.,-38.));
#15777=CARTESIAN_POINT('Origin',(-118.,-51.,-56.));
#15778=CARTESIAN_POINT('',(-122.5,-51.,-52.));
#15779=CARTESIAN_POINT('Origin',(-118.,-51.,-52.));
#15780=CARTESIAN_POINT('',(-122.5,-51.,-38.));
#15781=CARTESIAN_POINT('',(-122.5,-51.,-56.));
#15782=CARTESIAN_POINT('Origin',(-118.,-51.,-38.));
#15783=CARTESIAN_POINT('Origin',(55.,0.,0.));
#15784=CARTESIAN_POINT('',(45.,-20.,1.22464679914735E-15));
#15785=CARTESIAN_POINT('Origin',(55.,-20.,0.));
#15786=CARTESIAN_POINT('',(45.,20.,-1.22464679914735E-15));
#15787=CARTESIAN_POINT('',(45.,0.,1.22464679914735E-15));
#15788=CARTESIAN_POINT('Origin',(55.,20.,0.));
#15789=CARTESIAN_POINT('Origin',(0.,0.,0.));
#15790=CARTESIAN_POINT('',(-10.,-20.,1.22464679914735E-15));
#15791=CARTESIAN_POINT('Origin',(0.,-20.,0.));
#15792=CARTESIAN_POINT('',(-10.,20.,-1.22464679914735E-15));
#15793=CARTESIAN_POINT('',(-10.,0.,1.22464679914735E-15));
#15794=CARTESIAN_POINT('Origin',(0.,20.,0.));
#15795=CARTESIAN_POINT('Origin',(-55.,0.,0.));
#15796=CARTESIAN_POINT('',(-65.,-20.,1.22464679914735E-15));
#15797=CARTESIAN_POINT('Origin',(-55.,-20.,0.));
#15798=CARTESIAN_POINT('',(-65.,20.,-1.22464679914735E-15));
#15799=CARTESIAN_POINT('',(-65.,0.,1.22464679914735E-15));
#15800=CARTESIAN_POINT('Origin',(-55.,20.,0.));
#15801=CARTESIAN_POINT('Origin',(-110.,0.,0.));
#15802=CARTESIAN_POINT('',(-120.,-20.,1.22464679914735E-15));
#15803=CARTESIAN_POINT('Origin',(-110.,-20.,0.));
#15804=CARTESIAN_POINT('',(-120.,20.,-1.22464679914735E-15));
#15805=CARTESIAN_POINT('',(-120.,0.,1.22464679914735E-15));
#15806=CARTESIAN_POINT('Origin',(-110.,20.,0.));
#15807=CARTESIAN_POINT('Origin',(110.,0.,0.));
#15808=CARTESIAN_POINT('',(100.,-20.,1.22464679914735E-15));
#15809=CARTESIAN_POINT('Origin',(110.,-20.,0.));
#15810=CARTESIAN_POINT('',(100.,20.,-1.22464679914735E-15));
#15811=CARTESIAN_POINT('',(100.,0.,1.22464679914735E-15));
#15812=CARTESIAN_POINT('Origin',(110.,20.,0.));
#15813=CARTESIAN_POINT('Origin',(99.,0.,-42.));
#15814=CARTESIAN_POINT('',(99.,-20.,-38.));
#15815=CARTESIAN_POINT('',(99.,20.,-38.));
#15816=CARTESIAN_POINT('',(99.,0.,-38.));
#15817=CARTESIAN_POINT('',(99.,-20.,24.));
#15818=CARTESIAN_POINT('',(99.,-20.,24.));
#15819=CARTESIAN_POINT('',(99.,20.,24.));
#15820=CARTESIAN_POINT('',(99.,0.,24.));
#15821=CARTESIAN_POINT('',(99.,20.,24.));
#15822=CARTESIAN_POINT('Origin',(110.,-20.,-9.));
#15823=CARTESIAN_POINT('',(121.,-20.,-38.));
#15824=CARTESIAN_POINT('',(55.,-20.,-38.));
#15825=CARTESIAN_POINT('',(121.,-20.,24.));
#15826=CARTESIAN_POINT('',(121.,-20.,-42.));
#15827=CARTESIAN_POINT('',(121.,-20.,24.));
#15828=CARTESIAN_POINT('Origin',(121.,0.,24.));
#15829=CARTESIAN_POINT('',(121.,20.,-38.));
#15830=CARTESIAN_POINT('',(121.,0.,-38.));
#15831=CARTESIAN_POINT('',(121.,20.,24.));
#15832=CARTESIAN_POINT('',(121.,20.,-42.));
#15833=CARTESIAN_POINT('',(121.,0.,24.));
#15834=CARTESIAN_POINT('Origin',(99.,0.,24.));
#15835=CARTESIAN_POINT('',(121.,20.,24.));
#15836=CARTESIAN_POINT('Origin',(110.,20.,-9.));
#15837=CARTESIAN_POINT('',(55.,20.,-38.));
#15838=CARTESIAN_POINT('Origin',(-121.,0.,-42.));
#15839=CARTESIAN_POINT('',(-121.,-20.,-38.));
#15840=CARTESIAN_POINT('',(-121.,20.,-38.));
#15841=CARTESIAN_POINT('',(-121.,0.,-38.));
#15842=CARTESIAN_POINT('',(-121.,-20.,24.));
#15843=CARTESIAN_POINT('',(-121.,-20.,24.));
#15844=CARTESIAN_POINT('',(-121.,20.,24.));
#15845=CARTESIAN_POINT('',(-121.,0.,24.));
#15846=CARTESIAN_POINT('',(-121.,20.,24.));
#15847=CARTESIAN_POINT('Origin',(-110.,-20.,-9.));
#15848=CARTESIAN_POINT('',(-99.,-20.,-38.));
#15849=CARTESIAN_POINT('',(-55.,-20.,-38.));
#15850=CARTESIAN_POINT('',(-99.,-20.,24.));
#15851=CARTESIAN_POINT('',(-99.,-20.,-42.));
#15852=CARTESIAN_POINT('',(-99.,-20.,24.));
#15853=CARTESIAN_POINT('Origin',(-99.,0.,24.));
#15854=CARTESIAN_POINT('',(-99.,20.,-38.));
#15855=CARTESIAN_POINT('',(-99.,0.,-38.));
#15856=CARTESIAN_POINT('',(-99.,20.,24.));
#15857=CARTESIAN_POINT('',(-99.,20.,-42.));
#15858=CARTESIAN_POINT('',(-99.,0.,24.));
#15859=CARTESIAN_POINT('Origin',(-121.,0.,24.));
#15860=CARTESIAN_POINT('',(-99.,20.,24.));
#15861=CARTESIAN_POINT('Origin',(-110.,20.,-9.));
#15862=CARTESIAN_POINT('',(-55.,20.,-38.));
#15863=CARTESIAN_POINT('Origin',(-66.,0.,-42.));
#15864=CARTESIAN_POINT('',(-66.,-20.,-38.));
#15865=CARTESIAN_POINT('',(-66.,20.,-38.));
#15866=CARTESIAN_POINT('',(-66.,0.,-38.));
#15867=CARTESIAN_POINT('',(-66.,-20.,24.));
#15868=CARTESIAN_POINT('',(-66.,-20.,24.));
#15869=CARTESIAN_POINT('',(-66.,20.,24.));
#15870=CARTESIAN_POINT('',(-66.,0.,24.));
#15871=CARTESIAN_POINT('',(-66.,20.,24.));
#15872=CARTESIAN_POINT('Origin',(-55.,-20.,-9.));
#15873=CARTESIAN_POINT('',(-44.,-20.,-38.));
#15874=CARTESIAN_POINT('',(-27.5,-20.,-38.));
#15875=CARTESIAN_POINT('',(-44.,-20.,24.));
#15876=CARTESIAN_POINT('',(-44.,-20.,-42.));
#15877=CARTESIAN_POINT('',(-44.,-20.,24.));
#15878=CARTESIAN_POINT('Origin',(-44.,0.,24.));
#15879=CARTESIAN_POINT('',(-44.,20.,-38.));
#15880=CARTESIAN_POINT('',(-44.,0.,-38.));
#15881=CARTESIAN_POINT('',(-44.,20.,24.));
#15882=CARTESIAN_POINT('',(-44.,20.,-42.));
#15883=CARTESIAN_POINT('',(-44.,0.,24.));
#15884=CARTESIAN_POINT('Origin',(-66.,0.,24.));
#15885=CARTESIAN_POINT('',(-44.,20.,24.));
#15886=CARTESIAN_POINT('Origin',(-55.,20.,-9.));
#15887=CARTESIAN_POINT('',(-27.5,20.,-38.));
#15888=CARTESIAN_POINT('Origin',(-11.,0.,-42.));
#15889=CARTESIAN_POINT('',(-11.,-20.,-38.));
#15890=CARTESIAN_POINT('',(-11.,20.,-38.));
#15891=CARTESIAN_POINT('',(-11.,0.,-38.));
#15892=CARTESIAN_POINT('',(-11.,-20.,24.));
#15893=CARTESIAN_POINT('',(-11.,-20.,24.));
#15894=CARTESIAN_POINT('',(-11.,20.,24.));
#15895=CARTESIAN_POINT('',(-11.,0.,24.));
#15896=CARTESIAN_POINT('',(-11.,20.,24.));
#15897=CARTESIAN_POINT('Origin',(0.,-20.,-9.));
#15898=CARTESIAN_POINT('',(11.,-20.,-38.));
#15899=CARTESIAN_POINT('',(0.,-20.,-38.));
#15900=CARTESIAN_POINT('',(11.,-20.,24.));
#15901=CARTESIAN_POINT('',(11.,-20.,-42.));
#15902=CARTESIAN_POINT('',(11.,-20.,24.));
#15903=CARTESIAN_POINT('Origin',(11.,0.,24.));
#15904=CARTESIAN_POINT('',(11.,20.,-38.));
#15905=CARTESIAN_POINT('',(11.,0.,-38.));
#15906=CARTESIAN_POINT('',(11.,20.,24.));
#15907=CARTESIAN_POINT('',(11.,20.,-42.));
#15908=CARTESIAN_POINT('',(11.,0.,24.));
#15909=CARTESIAN_POINT('Origin',(-11.,0.,24.));
#15910=CARTESIAN_POINT('',(11.,20.,24.));
#15911=CARTESIAN_POINT('Origin',(0.,20.,-9.));
#15912=CARTESIAN_POINT('',(0.,20.,-38.));
#15913=CARTESIAN_POINT('Origin',(44.,0.,-42.));
#15914=CARTESIAN_POINT('',(44.,-20.,-38.));
#15915=CARTESIAN_POINT('',(44.,20.,-38.));
#15916=CARTESIAN_POINT('',(44.,0.,-38.));
#15917=CARTESIAN_POINT('',(44.,-20.,24.));
#15918=CARTESIAN_POINT('',(44.,-20.,24.));
#15919=CARTESIAN_POINT('',(44.,20.,24.));
#15920=CARTESIAN_POINT('',(44.,0.,24.));
#15921=CARTESIAN_POINT('',(44.,20.,24.));
#15922=CARTESIAN_POINT('Origin',(55.,-20.,-9.));
#15923=CARTESIAN_POINT('',(66.,-20.,-38.));
#15924=CARTESIAN_POINT('',(27.5,-20.,-38.));
#15925=CARTESIAN_POINT('',(66.,-20.,24.));
#15926=CARTESIAN_POINT('',(66.,-20.,-42.));
#15927=CARTESIAN_POINT('',(66.,-20.,24.));
#15928=CARTESIAN_POINT('Origin',(66.,0.,24.));
#15929=CARTESIAN_POINT('',(66.,20.,-38.));
#15930=CARTESIAN_POINT('',(66.,0.,-38.));
#15931=CARTESIAN_POINT('',(66.,20.,24.));
#15932=CARTESIAN_POINT('',(66.,20.,-42.));
#15933=CARTESIAN_POINT('',(66.,0.,24.));
#15934=CARTESIAN_POINT('Origin',(44.,0.,24.));
#15935=CARTESIAN_POINT('',(66.,20.,24.));
#15936=CARTESIAN_POINT('Origin',(55.,20.,-9.));
#15937=CARTESIAN_POINT('',(27.5,20.,-38.));
#15938=CARTESIAN_POINT('Origin',(130.,58.,-52.));
#15939=CARTESIAN_POINT('',(130.,58.,-52.));
#15940=CARTESIAN_POINT('',(-130.,58.,-52.));
#15941=CARTESIAN_POINT('',(130.,58.,-52.));
#15942=CARTESIAN_POINT('',(-130.,58.,-38.));
#15943=CARTESIAN_POINT('',(-130.,58.,-52.));
#15944=CARTESIAN_POINT('',(130.,58.,-38.));
#15945=CARTESIAN_POINT('',(130.,58.,-38.));
#15946=CARTESIAN_POINT('',(130.,58.,-52.));
#15947=CARTESIAN_POINT('Origin',(130.,-58.,-52.));
#15948=CARTESIAN_POINT('',(130.,-58.,-52.));
#15949=CARTESIAN_POINT('',(130.,-58.,-52.));
#15950=CARTESIAN_POINT('',(130.,-58.,-38.));
#15951=CARTESIAN_POINT('',(130.,-58.,-38.));
#15952=CARTESIAN_POINT('',(130.,-58.,-52.));
#15953=CARTESIAN_POINT('Origin',(-130.,-58.,-52.));
#15954=CARTESIAN_POINT('',(-130.,-58.,-52.));
#15955=CARTESIAN_POINT('',(-130.,-58.,-52.));
#15956=CARTESIAN_POINT('',(-130.,-58.,-38.));
#15957=CARTESIAN_POINT('',(-130.,-58.,-38.));
#15958=CARTESIAN_POINT('',(-130.,-58.,-52.));
#15959=CARTESIAN_POINT('Origin',(-130.,58.,-52.));
#15960=CARTESIAN_POINT('',(-130.,58.,-52.));
#15961=CARTESIAN_POINT('',(-130.,58.,-38.));
#15962=CARTESIAN_POINT('Origin',(0.,0.,-38.));
#15963=CARTESIAN_POINT('Origin',(0.,0.,-52.));
#15964=CARTESIAN_POINT('',(0.,0.,0.));
#15965=CARTESIAN_POINT('Origin',(-118.,0.,0.));
#15966=CARTESIAN_POINT('',(-102.,-1.11442858722409E-15,9.1));
#15967=CARTESIAN_POINT('Origin',(-102.,0.,0.));
#15968=CARTESIAN_POINT('',(-118.,-1.11442858722409E-15,9.1));
#15969=CARTESIAN_POINT('',(-118.,-1.11442858722409E-15,9.1));
#15970=CARTESIAN_POINT('Origin',(-118.,0.,0.));
#15971=CARTESIAN_POINT('Origin',(-118.,0.,0.));
#15972=CARTESIAN_POINT('',(-102.,-1.22464679914735E-15,10.));
#15973=CARTESIAN_POINT('Origin',(-102.,0.,0.));
#15974=CARTESIAN_POINT('',(-118.,-1.22464679914735E-15,10.));
#15975=CARTESIAN_POINT('',(-118.,-1.22464679914735E-15,10.));
#15976=CARTESIAN_POINT('Origin',(-118.,0.,0.));
#15977=CARTESIAN_POINT('Origin',(-102.,0.,0.));
#15978=CARTESIAN_POINT('Origin',(-118.,0.,0.));
#15979=CARTESIAN_POINT('',(0.,0.,0.));
#15980=CARTESIAN_POINT('Origin',(-63.,0.,0.));
#15981=CARTESIAN_POINT('',(-47.,-1.11442858722409E-15,9.1));
#15982=CARTESIAN_POINT('Origin',(-47.,0.,0.));
#15983=CARTESIAN_POINT('',(-63.,-1.11442858722409E-15,9.1));
#15984=CARTESIAN_POINT('',(-63.,-1.11442858722409E-15,9.1));
#15985=CARTESIAN_POINT('Origin',(-63.,0.,0.));
#15986=CARTESIAN_POINT('Origin',(-63.,0.,0.));
#15987=CARTESIAN_POINT('',(-47.,-1.22464679914735E-15,10.));
#15988=CARTESIAN_POINT('Origin',(-47.,0.,0.));
#15989=CARTESIAN_POINT('',(-63.,-1.22464679914735E-15,10.));
#15990=CARTESIAN_POINT('',(-63.,-1.22464679914735E-15,10.));
#15991=CARTESIAN_POINT('Origin',(-63.,0.,0.));
#15992=CARTESIAN_POINT('Origin',(-47.,0.,0.));
#15993=CARTESIAN_POINT('Origin',(-63.,0.,0.));
#15994=CARTESIAN_POINT('',(0.,0.,0.));
#15995=CARTESIAN_POINT('Origin',(-8.,0.,0.));
#15996=CARTESIAN_POINT('',(8.,-1.11442858722409E-15,9.1));
#15997=CARTESIAN_POINT('Origin',(8.,0.,0.));
#15998=CARTESIAN_POINT('',(-8.,-1.11442858722409E-15,9.1));
#15999=CARTESIAN_POINT('',(-8.,-1.11442858722409E-15,9.1));
#16000=CARTESIAN_POINT('Origin',(-8.,0.,0.));
#16001=CARTESIAN_POINT('Origin',(-8.,0.,0.));
#16002=CARTESIAN_POINT('',(8.,-1.22464679914735E-15,10.));
#16003=CARTESIAN_POINT('Origin',(8.,0.,0.));
#16004=CARTESIAN_POINT('',(-8.,-1.22464679914735E-15,10.));
#16005=CARTESIAN_POINT('',(-8.,-1.22464679914735E-15,10.));
#16006=CARTESIAN_POINT('Origin',(-8.,0.,0.));
#16007=CARTESIAN_POINT('Origin',(8.,0.,0.));
#16008=CARTESIAN_POINT('Origin',(-8.,0.,0.));
#16009=CARTESIAN_POINT('',(0.,0.,0.));
#16010=CARTESIAN_POINT('Origin',(47.,0.,0.));
#16011=CARTESIAN_POINT('',(63.,-1.11442858722409E-15,9.1));
#16012=CARTESIAN_POINT('Origin',(63.,0.,0.));
#16013=CARTESIAN_POINT('',(47.,-1.11442858722409E-15,9.1));
#16014=CARTESIAN_POINT('',(47.,-1.11442858722409E-15,9.1));
#16015=CARTESIAN_POINT('Origin',(47.,0.,0.));
#16016=CARTESIAN_POINT('Origin',(47.,0.,0.));
#16017=CARTESIAN_POINT('',(63.,-1.22464679914735E-15,10.));
#16018=CARTESIAN_POINT('Origin',(63.,0.,0.));
#16019=CARTESIAN_POINT('',(47.,-1.22464679914735E-15,10.));
#16020=CARTESIAN_POINT('',(47.,-1.22464679914735E-15,10.));
#16021=CARTESIAN_POINT('Origin',(47.,0.,0.));
#16022=CARTESIAN_POINT('Origin',(63.,0.,0.));
#16023=CARTESIAN_POINT('Origin',(47.,0.,0.));
#16024=CARTESIAN_POINT('',(0.,0.,0.));
#16025=CARTESIAN_POINT('Origin',(102.,0.,0.));
#16026=CARTESIAN_POINT('',(118.,-1.11442858722409E-15,9.1));
#16027=CARTESIAN_POINT('Origin',(118.,0.,0.));
#16028=CARTESIAN_POINT('',(102.,-1.11442858722409E-15,9.1));
#16029=CARTESIAN_POINT('',(102.,-1.11442858722409E-15,9.1));
#16030=CARTESIAN_POINT('Origin',(102.,0.,0.));
#16031=CARTESIAN_POINT('Origin',(102.,0.,0.));
#16032=CARTESIAN_POINT('',(118.,-1.22464679914735E-15,10.));
#16033=CARTESIAN_POINT('Origin',(118.,0.,0.));
#16034=CARTESIAN_POINT('',(102.,-1.22464679914735E-15,10.));
#16035=CARTESIAN_POINT('',(102.,-1.22464679914735E-15,10.));
#16036=CARTESIAN_POINT('Origin',(102.,0.,0.));
#16037=CARTESIAN_POINT('Origin',(118.,0.,0.));
#16038=CARTESIAN_POINT('Origin',(102.,0.,0.));
#16039=CARTESIAN_POINT('',(0.,0.,0.));
#16040=CARTESIAN_POINT('Origin',(129.5,0.,0.));
#16041=CARTESIAN_POINT('',(129.5,-2.0818995585505E-15,17.));
#16042=CARTESIAN_POINT('Origin',(129.5,0.,0.));
#16043=CARTESIAN_POINT('',(129.5,-1.10218211923262E-15,9.));
#16044=CARTESIAN_POINT('Origin',(129.5,0.,0.));
#16045=CARTESIAN_POINT('Origin',(121.5,0.,0.));
#16046=CARTESIAN_POINT('',(121.5,-2.0818995585505E-15,17.));
#16047=CARTESIAN_POINT('Origin',(121.5,0.,0.));
#16048=CARTESIAN_POINT('',(121.5,1.10218211923262E-15,9.));
#16049=CARTESIAN_POINT('Origin',(121.5,0.,0.));
#16050=CARTESIAN_POINT('Origin',(121.5,0.,0.));
#16051=CARTESIAN_POINT('',(121.5,-2.0818995585505E-15,17.));
#16052=CARTESIAN_POINT('Origin',(98.5,0.,0.));
#16053=CARTESIAN_POINT('',(98.5,-1.10218211923262E-15,9.));
#16054=CARTESIAN_POINT('',(98.5,-1.10218211923262E-15,9.));
#16055=CARTESIAN_POINT('Origin',(98.5,0.,0.));
#16056=CARTESIAN_POINT('Origin',(155.,0.,0.));
#16057=CARTESIAN_POINT('',(155.,-1.10218211923262E-15,9.));
#16058=CARTESIAN_POINT('Origin',(155.,0.,0.));
#16059=CARTESIAN_POINT('Origin',(-155.,0.,0.));
#16060=CARTESIAN_POINT('',(-121.5,-9.79717439317883E-16,8.));
#16061=CARTESIAN_POINT('Origin',(-121.5,0.,0.));
#16062=CARTESIAN_POINT('',(-155.,-9.79717439317883E-16,8.));
#16063=CARTESIAN_POINT('',(-155.,-9.79717439317883E-16,8.));
#16064=CARTESIAN_POINT('Origin',(-155.,0.,0.));
#16065=CARTESIAN_POINT('Origin',(-155.,0.,0.));
#16066=CARTESIAN_POINT('Origin',(98.5,0.,1.75));
#16067=CARTESIAN_POINT('',(98.5,-11.,0.));
#16068=CARTESIAN_POINT('',(98.5,-26.,0.));
#16069=CARTESIAN_POINT('',(98.5,26.,0.));
#16070=CARTESIAN_POINT('',(98.5,26.,0.));
#16071=CARTESIAN_POINT('Origin',(98.5,0.,0.));
#16072=CARTESIAN_POINT('',(98.5,11.,0.));
#16073=CARTESIAN_POINT('',(98.5,26.,0.));
#16074=CARTESIAN_POINT('',(98.5,11.,14.6458980337503));
#16075=CARTESIAN_POINT('',(98.5,11.,18.));
#16076=CARTESIAN_POINT('',(98.5,-11.,14.6458980337503));
#16077=CARTESIAN_POINT('Origin',(98.5,0.,18.));
#16078=CARTESIAN_POINT('',(98.5,-11.,-6.));
#16079=CARTESIAN_POINT('Origin',(91.,0.,1.75));
#16080=CARTESIAN_POINT('',(91.,-11.,0.));
#16081=CARTESIAN_POINT('',(91.,-26.,0.));
#16082=CARTESIAN_POINT('',(91.,26.,0.));
#16083=CARTESIAN_POINT('',(91.,-11.,14.6458980337503));
#16084=CARTESIAN_POINT('',(91.,-11.,-6.));
#16085=CARTESIAN_POINT('',(91.,11.,14.6458980337503));
#16086=CARTESIAN_POINT('Origin',(91.,0.,18.));
#16087=CARTESIAN_POINT('',(91.,11.,0.));
#16088=CARTESIAN_POINT('',(91.,11.,18.));
#16089=CARTESIAN_POINT('',(91.,26.,0.));
#16090=CARTESIAN_POINT('',(91.,26.,0.));
#16091=CARTESIAN_POINT('Origin',(91.,0.,0.));
#16092=CARTESIAN_POINT('',(91.,-8.57252759403147E-16,25.));
#16093=CARTESIAN_POINT('Origin',(91.,0.,18.));
#16094=CARTESIAN_POINT('Origin',(91.,-11.,14.6458980337503));
#16095=CARTESIAN_POINT('',(91.,-11.,0.));
#16096=CARTESIAN_POINT('',(91.,-11.,14.6458980337503));
#16097=CARTESIAN_POINT('Origin',(91.,0.,18.));
#16098=CARTESIAN_POINT('',(91.,11.,14.6458980337503));
#16099=CARTESIAN_POINT('Origin',(91.,11.,0.));
#16100=CARTESIAN_POINT('',(91.,11.,0.));
#16101=CARTESIAN_POINT('Origin',(91.,26.,0.));
#16102=CARTESIAN_POINT('',(91.,26.,0.));
#16103=CARTESIAN_POINT('Origin',(91.,0.,0.));
#16104=CARTESIAN_POINT('',(91.,-26.,0.));
#16105=CARTESIAN_POINT('Origin',(91.,-11.,0.));
#16106=CARTESIAN_POINT('Origin',(66.5,0.,1.75));
#16107=CARTESIAN_POINT('',(66.5,-11.,0.));
#16108=CARTESIAN_POINT('',(66.5,-26.,0.));
#16109=CARTESIAN_POINT('',(66.5,26.,0.));
#16110=CARTESIAN_POINT('',(66.5,-11.,14.6458980337503));
#16111=CARTESIAN_POINT('',(66.5,-11.,-6.));
#16112=CARTESIAN_POINT('',(66.5,11.,14.6458980337503));
#16113=CARTESIAN_POINT('Origin',(66.5,0.,18.));
#16114=CARTESIAN_POINT('',(66.5,11.,0.));
#16115=CARTESIAN_POINT('',(66.5,11.,18.));
#16116=CARTESIAN_POINT('',(66.5,26.,0.));
#16117=CARTESIAN_POINT('',(66.5,26.,0.));
#16118=CARTESIAN_POINT('Origin',(66.5,0.,0.));
#16119=CARTESIAN_POINT('',(66.5,-1.10218211923262E-15,9.));
#16120=CARTESIAN_POINT('Origin',(66.5,0.,0.));
#16121=CARTESIAN_POINT('Origin',(74.,0.,1.75));
#16122=CARTESIAN_POINT('',(74.,-11.,0.));
#16123=CARTESIAN_POINT('',(74.,-26.,0.));
#16124=CARTESIAN_POINT('',(74.,26.,0.));
#16125=CARTESIAN_POINT('',(74.,26.,0.));
#16126=CARTESIAN_POINT('Origin',(74.,0.,0.));
#16127=CARTESIAN_POINT('',(74.,11.,0.));
#16128=CARTESIAN_POINT('',(74.,26.,0.));
#16129=CARTESIAN_POINT('',(74.,11.,14.6458980337503));
#16130=CARTESIAN_POINT('',(74.,11.,18.));
#16131=CARTESIAN_POINT('',(74.,-11.,14.6458980337503));
#16132=CARTESIAN_POINT('Origin',(74.,0.,18.));
#16133=CARTESIAN_POINT('',(74.,-11.,-6.));
#16134=CARTESIAN_POINT('',(74.,-8.57252759403147E-16,25.));
#16135=CARTESIAN_POINT('Origin',(74.,0.,18.));
#16136=CARTESIAN_POINT('Origin',(66.5,-11.,14.6458980337503));
#16137=CARTESIAN_POINT('',(66.5,-11.,0.));
#16138=CARTESIAN_POINT('',(66.5,-11.,14.6458980337503));
#16139=CARTESIAN_POINT('Origin',(66.5,0.,18.));
#16140=CARTESIAN_POINT('',(66.5,11.,14.6458980337503));
#16141=CARTESIAN_POINT('Origin',(66.5,11.,0.));
#16142=CARTESIAN_POINT('',(66.5,11.,0.));
#16143=CARTESIAN_POINT('Origin',(66.5,26.,0.));
#16144=CARTESIAN_POINT('',(66.5,26.,0.));
#16145=CARTESIAN_POINT('Origin',(66.5,0.,0.));
#16146=CARTESIAN_POINT('',(66.5,-26.,0.));
#16147=CARTESIAN_POINT('Origin',(66.5,-11.,0.));
#16148=CARTESIAN_POINT('Origin',(74.,0.,18.));
#16149=CARTESIAN_POINT('',(74.,-8.57252759403147E-16,25.));
#16150=CARTESIAN_POINT('Origin',(43.5,0.,-1.75));
#16151=CARTESIAN_POINT('',(43.5,-11.,-14.6458980337503));
#16152=CARTESIAN_POINT('',(43.5,11.,-14.6458980337503));
#16153=CARTESIAN_POINT('Origin',(43.5,0.,-18.));
#16154=CARTESIAN_POINT('',(43.5,11.,0.));
#16155=CARTESIAN_POINT('',(43.5,11.,-18.));
#16156=CARTESIAN_POINT('',(43.5,26.,0.));
#16157=CARTESIAN_POINT('',(43.5,-26.,0.));
#16158=CARTESIAN_POINT('',(43.5,-26.,0.));
#16159=CARTESIAN_POINT('Origin',(43.5,0.,0.));
#16160=CARTESIAN_POINT('',(43.5,-11.,0.));
#16161=CARTESIAN_POINT('',(43.5,-26.,0.));
#16162=CARTESIAN_POINT('',(43.5,-11.,6.));
#16163=CARTESIAN_POINT('',(43.5,-1.10218211923262E-15,9.));
#16164=CARTESIAN_POINT('Origin',(43.5,0.,0.));
#16165=CARTESIAN_POINT('Origin',(36.,0.,-1.75));
#16166=CARTESIAN_POINT('',(36.,-11.,-14.6458980337503));
#16167=CARTESIAN_POINT('',(36.,11.,-14.6458980337503));
#16168=CARTESIAN_POINT('Origin',(36.,0.,-18.));
#16169=CARTESIAN_POINT('',(36.,-11.,0.));
#16170=CARTESIAN_POINT('',(36.,-11.,6.));
#16171=CARTESIAN_POINT('',(36.,-26.,0.));
#16172=CARTESIAN_POINT('',(36.,-26.,0.));
#16173=CARTESIAN_POINT('',(36.,26.,0.));
#16174=CARTESIAN_POINT('Origin',(36.,0.,0.));
#16175=CARTESIAN_POINT('',(36.,11.,0.));
#16176=CARTESIAN_POINT('',(36.,-26.,0.));
#16177=CARTESIAN_POINT('',(36.,11.,-18.));
#16178=CARTESIAN_POINT('',(36.,-8.57252759403147E-16,-11.));
#16179=CARTESIAN_POINT('Origin',(36.,0.,-18.));
#16180=CARTESIAN_POINT('Origin',(36.,-11.,0.));
#16181=CARTESIAN_POINT('',(36.,-11.,-14.6458980337503));
#16182=CARTESIAN_POINT('',(36.,-11.,0.));
#16183=CARTESIAN_POINT('Origin',(36.,-26.,0.));
#16184=CARTESIAN_POINT('',(36.,-26.,0.));
#16185=CARTESIAN_POINT('Origin',(36.,0.,0.));
#16186=CARTESIAN_POINT('',(36.,26.,0.));
#16187=CARTESIAN_POINT('Origin',(36.,11.,0.));
#16188=CARTESIAN_POINT('',(36.,11.,0.));
#16189=CARTESIAN_POINT('Origin',(36.,11.,-14.6458980337503));
#16190=CARTESIAN_POINT('',(36.,11.,-14.6458980337503));
#16191=CARTESIAN_POINT('Origin',(36.,0.,-18.));
#16192=CARTESIAN_POINT('Origin',(19.,0.,-1.75));
#16193=CARTESIAN_POINT('',(19.,-11.,-14.6458980337503));
#16194=CARTESIAN_POINT('',(19.,11.,-14.6458980337503));
#16195=CARTESIAN_POINT('Origin',(19.,0.,-18.));
#16196=CARTESIAN_POINT('',(19.,11.,0.));
#16197=CARTESIAN_POINT('',(19.,11.,-18.));
#16198=CARTESIAN_POINT('',(19.,26.,0.));
#16199=CARTESIAN_POINT('',(19.,-26.,0.));
#16200=CARTESIAN_POINT('',(19.,-26.,0.));
#16201=CARTESIAN_POINT('Origin',(19.,0.,0.));
#16202=CARTESIAN_POINT('',(19.,-11.,0.));
#16203=CARTESIAN_POINT('',(19.,-26.,0.));
#16204=CARTESIAN_POINT('',(19.,-11.,6.));
#16205=CARTESIAN_POINT('',(19.,-8.57252759403147E-16,-11.));
#16206=CARTESIAN_POINT('Origin',(19.,0.,-18.));
#16207=CARTESIAN_POINT('Origin',(11.5,0.,-1.75));
#16208=CARTESIAN_POINT('',(11.5,-11.,-14.6458980337503));
#16209=CARTESIAN_POINT('',(11.5,11.,-14.6458980337503));
#16210=CARTESIAN_POINT('Origin',(11.5,0.,-18.));
#16211=CARTESIAN_POINT('',(11.5,-11.,0.));
#16212=CARTESIAN_POINT('',(11.5,-11.,6.));
#16213=CARTESIAN_POINT('',(11.5,-26.,0.));
#16214=CARTESIAN_POINT('',(11.5,-26.,0.));
#16215=CARTESIAN_POINT('',(11.5,26.,0.));
#16216=CARTESIAN_POINT('Origin',(11.5,0.,0.));
#16217=CARTESIAN_POINT('',(11.5,11.,0.));
#16218=CARTESIAN_POINT('',(11.5,-26.,0.));
#16219=CARTESIAN_POINT('',(11.5,11.,-18.));
#16220=CARTESIAN_POINT('',(11.5,-1.10218211923262E-15,9.));
#16221=CARTESIAN_POINT('Origin',(11.5,0.,0.));
#16222=CARTESIAN_POINT('Origin',(11.5,-11.,0.));
#16223=CARTESIAN_POINT('',(11.5,-11.,-14.6458980337503));
#16224=CARTESIAN_POINT('',(11.5,-11.,0.));
#16225=CARTESIAN_POINT('Origin',(11.5,-26.,0.));
#16226=CARTESIAN_POINT('',(11.5,-26.,0.));
#16227=CARTESIAN_POINT('Origin',(11.5,0.,0.));
#16228=CARTESIAN_POINT('',(11.5,26.,0.));
#16229=CARTESIAN_POINT('Origin',(11.5,11.,0.));
#16230=CARTESIAN_POINT('',(11.5,11.,0.));
#16231=CARTESIAN_POINT('Origin',(11.5,11.,-14.6458980337503));
#16232=CARTESIAN_POINT('',(11.5,11.,-14.6458980337503));
#16233=CARTESIAN_POINT('Origin',(11.5,0.,-18.));
#16234=CARTESIAN_POINT('Origin',(-11.5,0.,-1.75));
#16235=CARTESIAN_POINT('',(-11.5,-11.,-14.6458980337503));
#16236=CARTESIAN_POINT('',(-11.5,11.,-14.6458980337503));
#16237=CARTESIAN_POINT('Origin',(-11.5,0.,-18.));
#16238=CARTESIAN_POINT('',(-11.5,11.,0.));
#16239=CARTESIAN_POINT('',(-11.5,11.,-18.));
#16240=CARTESIAN_POINT('',(-11.5,26.,0.));
#16241=CARTESIAN_POINT('',(-11.5,-26.,0.));
#16242=CARTESIAN_POINT('',(-11.5,-26.,0.));
#16243=CARTESIAN_POINT('Origin',(-11.5,0.,0.));
#16244=CARTESIAN_POINT('',(-11.5,-11.,0.));
#16245=CARTESIAN_POINT('',(-11.5,-26.,0.));
#16246=CARTESIAN_POINT('',(-11.5,-11.,6.));
#16247=CARTESIAN_POINT('',(-11.5,-1.10218211923262E-15,9.));
#16248=CARTESIAN_POINT('Origin',(-11.5,0.,0.));
#16249=CARTESIAN_POINT('Origin',(-19.,0.,-1.75));
#16250=CARTESIAN_POINT('',(-19.,-11.,-14.6458980337503));
#16251=CARTESIAN_POINT('',(-19.,11.,-14.6458980337503));
#16252=CARTESIAN_POINT('Origin',(-19.,0.,-18.));
#16253=CARTESIAN_POINT('',(-19.,-11.,0.));
#16254=CARTESIAN_POINT('',(-19.,-11.,6.));
#16255=CARTESIAN_POINT('',(-19.,-26.,0.));
#16256=CARTESIAN_POINT('',(-19.,-26.,0.));
#16257=CARTESIAN_POINT('',(-19.,26.,0.));
#16258=CARTESIAN_POINT('Origin',(-19.,0.,0.));
#16259=CARTESIAN_POINT('',(-19.,11.,0.));
#16260=CARTESIAN_POINT('',(-19.,-26.,0.));
#16261=CARTESIAN_POINT('',(-19.,11.,-18.));
#16262=CARTESIAN_POINT('',(-19.,-8.57252759403147E-16,-11.));
#16263=CARTESIAN_POINT('Origin',(-19.,0.,-18.));
#16264=CARTESIAN_POINT('Origin',(-19.,-11.,0.));
#16265=CARTESIAN_POINT('',(-19.,-11.,-14.6458980337503));
#16266=CARTESIAN_POINT('',(-19.,-11.,0.));
#16267=CARTESIAN_POINT('Origin',(-19.,-26.,0.));
#16268=CARTESIAN_POINT('',(-19.,-26.,0.));
#16269=CARTESIAN_POINT('Origin',(-19.,0.,0.));
#16270=CARTESIAN_POINT('',(-19.,26.,0.));
#16271=CARTESIAN_POINT('Origin',(-19.,11.,0.));
#16272=CARTESIAN_POINT('',(-19.,11.,0.));
#16273=CARTESIAN_POINT('Origin',(-19.,11.,-14.6458980337503));
#16274=CARTESIAN_POINT('',(-19.,11.,-14.6458980337503));
#16275=CARTESIAN_POINT('Origin',(-19.,0.,-18.));
#16276=CARTESIAN_POINT('Origin',(-43.5,0.,-1.75));
#16277=CARTESIAN_POINT('',(-43.5,-11.,-14.6458980337503));
#16278=CARTESIAN_POINT('',(-43.5,11.,-14.6458980337503));
#16279=CARTESIAN_POINT('Origin',(-43.5,0.,-18.));
#16280=CARTESIAN_POINT('',(-43.5,-11.,0.));
#16281=CARTESIAN_POINT('',(-43.5,-11.,6.));
#16282=CARTESIAN_POINT('',(-43.5,-26.,0.));
#16283=CARTESIAN_POINT('',(-43.5,-26.,0.));
#16284=CARTESIAN_POINT('',(-43.5,26.,0.));
#16285=CARTESIAN_POINT('Origin',(-43.5,0.,0.));
#16286=CARTESIAN_POINT('',(-43.5,11.,0.));
#16287=CARTESIAN_POINT('',(-43.5,-26.,0.));
#16288=CARTESIAN_POINT('',(-43.5,11.,-18.));
#16289=CARTESIAN_POINT('',(-43.5,-1.10218211923262E-15,9.));
#16290=CARTESIAN_POINT('Origin',(-43.5,0.,0.));
#16291=CARTESIAN_POINT('Origin',(-36.,0.,-1.75));
#16292=CARTESIAN_POINT('',(-36.,-11.,-14.6458980337503));
#16293=CARTESIAN_POINT('',(-36.,11.,-14.6458980337503));
#16294=CARTESIAN_POINT('Origin',(-36.,0.,-18.));
#16295=CARTESIAN_POINT('',(-36.,11.,0.));
#16296=CARTESIAN_POINT('',(-36.,11.,-18.));
#16297=CARTESIAN_POINT('',(-36.,26.,0.));
#16298=CARTESIAN_POINT('',(-36.,-26.,0.));
#16299=CARTESIAN_POINT('',(-36.,-26.,0.));
#16300=CARTESIAN_POINT('Origin',(-36.,0.,0.));
#16301=CARTESIAN_POINT('',(-36.,-11.,0.));
#16302=CARTESIAN_POINT('',(-36.,-26.,0.));
#16303=CARTESIAN_POINT('',(-36.,-11.,6.));
#16304=CARTESIAN_POINT('',(-36.,-8.57252759403147E-16,-11.));
#16305=CARTESIAN_POINT('Origin',(-36.,0.,-18.));
#16306=CARTESIAN_POINT('Origin',(-43.5,-11.,0.));
#16307=CARTESIAN_POINT('',(-43.5,-11.,-14.6458980337503));
#16308=CARTESIAN_POINT('',(-43.5,-11.,0.));
#16309=CARTESIAN_POINT('Origin',(-43.5,-26.,0.));
#16310=CARTESIAN_POINT('',(-43.5,-26.,0.));
#16311=CARTESIAN_POINT('Origin',(-43.5,0.,0.));
#16312=CARTESIAN_POINT('',(-43.5,26.,0.));
#16313=CARTESIAN_POINT('Origin',(-43.5,11.,0.));
#16314=CARTESIAN_POINT('',(-43.5,11.,0.));
#16315=CARTESIAN_POINT('Origin',(-43.5,11.,-14.6458980337503));
#16316=CARTESIAN_POINT('',(-43.5,11.,-14.6458980337503));
#16317=CARTESIAN_POINT('Origin',(-43.5,0.,-18.));
#16318=CARTESIAN_POINT('Origin',(-36.,0.,-18.));
#16319=CARTESIAN_POINT('',(-36.,-8.57252759403147E-16,-11.));
#16320=CARTESIAN_POINT('Origin',(-66.5,0.,1.75));
#16321=CARTESIAN_POINT('',(-66.5,-11.,0.));
#16322=CARTESIAN_POINT('',(-66.5,-26.,0.));
#16323=CARTESIAN_POINT('',(-66.5,26.,0.));
#16324=CARTESIAN_POINT('',(-66.5,26.,0.));
#16325=CARTESIAN_POINT('Origin',(-66.5,0.,0.));
#16326=CARTESIAN_POINT('',(-66.5,11.,0.));
#16327=CARTESIAN_POINT('',(-66.5,26.,0.));
#16328=CARTESIAN_POINT('',(-66.5,11.,14.6458980337503));
#16329=CARTESIAN_POINT('',(-66.5,11.,18.));
#16330=CARTESIAN_POINT('',(-66.5,-11.,14.6458980337503));
#16331=CARTESIAN_POINT('Origin',(-66.5,0.,18.));
#16332=CARTESIAN_POINT('',(-66.5,-11.,-6.));
#16333=CARTESIAN_POINT('',(-66.5,-1.10218211923262E-15,9.));
#16334=CARTESIAN_POINT('Origin',(-66.5,0.,0.));
#16335=CARTESIAN_POINT('Origin',(-74.,0.,1.75));
#16336=CARTESIAN_POINT('',(-74.,-11.,0.));
#16337=CARTESIAN_POINT('',(-74.,-26.,0.));
#16338=CARTESIAN_POINT('',(-74.,26.,0.));
#16339=CARTESIAN_POINT('',(-74.,-11.,14.6458980337503));
#16340=CARTESIAN_POINT('',(-74.,-11.,-6.));
#16341=CARTESIAN_POINT('',(-74.,11.,14.6458980337503));
#16342=CARTESIAN_POINT('Origin',(-74.,0.,18.));
#16343=CARTESIAN_POINT('',(-74.,11.,0.));
#16344=CARTESIAN_POINT('',(-74.,11.,18.));
#16345=CARTESIAN_POINT('',(-74.,26.,0.));
#16346=CARTESIAN_POINT('',(-74.,26.,0.));
#16347=CARTESIAN_POINT('Origin',(-74.,0.,0.));
#16348=CARTESIAN_POINT('',(-74.,-8.57252759403147E-16,25.));
#16349=CARTESIAN_POINT('Origin',(-74.,0.,18.));
#16350=CARTESIAN_POINT('Origin',(-74.,-11.,14.6458980337503));
#16351=CARTESIAN_POINT('',(-74.,-11.,0.));
#16352=CARTESIAN_POINT('',(-74.,-11.,14.6458980337503));
#16353=CARTESIAN_POINT('Origin',(-74.,0.,18.));
#16354=CARTESIAN_POINT('',(-74.,11.,14.6458980337503));
#16355=CARTESIAN_POINT('Origin',(-74.,11.,0.));
#16356=CARTESIAN_POINT('',(-74.,11.,0.));
#16357=CARTESIAN_POINT('Origin',(-74.,26.,0.));
#16358=CARTESIAN_POINT('',(-74.,26.,0.));
#16359=CARTESIAN_POINT('Origin',(-74.,0.,0.));
#16360=CARTESIAN_POINT('',(-74.,-26.,0.));
#16361=CARTESIAN_POINT('Origin',(-74.,-11.,0.));
#16362=CARTESIAN_POINT('Origin',(-91.,0.,1.75));
#16363=CARTESIAN_POINT('',(-91.,-11.,0.));
#16364=CARTESIAN_POINT('',(-91.,-26.,0.));
#16365=CARTESIAN_POINT('',(-91.,26.,0.));
#16366=CARTESIAN_POINT('',(-91.,26.,0.));
#16367=CARTESIAN_POINT('Origin',(-91.,0.,0.));
#16368=CARTESIAN_POINT('',(-91.,11.,0.));
#16369=CARTESIAN_POINT('',(-91.,26.,0.));
#16370=CARTESIAN_POINT('',(-91.,11.,14.6458980337503));
#16371=CARTESIAN_POINT('',(-91.,11.,18.));
#16372=CARTESIAN_POINT('',(-91.,-11.,14.6458980337503));
#16373=CARTESIAN_POINT('Origin',(-91.,0.,18.));
#16374=CARTESIAN_POINT('',(-91.,-11.,-6.));
#16375=CARTESIAN_POINT('',(-91.,-8.57252759403147E-16,25.));
#16376=CARTESIAN_POINT('Origin',(-91.,0.,18.));
#16377=CARTESIAN_POINT('Origin',(-98.5,0.,1.75));
#16378=CARTESIAN_POINT('',(-98.5,-11.,0.));
#16379=CARTESIAN_POINT('',(-98.5,-26.,0.));
#16380=CARTESIAN_POINT('',(-98.5,26.,0.));
#16381=CARTESIAN_POINT('',(-98.5,-11.,14.6458980337503));
#16382=CARTESIAN_POINT('',(-98.5,-11.,-6.));
#16383=CARTESIAN_POINT('',(-98.5,11.,14.6458980337503));
#16384=CARTESIAN_POINT('Origin',(-98.5,0.,18.));
#16385=CARTESIAN_POINT('',(-98.5,11.,0.));
#16386=CARTESIAN_POINT('',(-98.5,11.,18.));
#16387=CARTESIAN_POINT('',(-98.5,26.,0.));
#16388=CARTESIAN_POINT('',(-98.5,26.,0.));
#16389=CARTESIAN_POINT('Origin',(-98.5,0.,0.));
#16390=CARTESIAN_POINT('',(-98.5,-1.10218211923262E-15,9.));
#16391=CARTESIAN_POINT('Origin',(-98.5,0.,0.));
#16392=CARTESIAN_POINT('Origin',(-98.5,-11.,14.6458980337503));
#16393=CARTESIAN_POINT('',(-98.5,-11.,0.));
#16394=CARTESIAN_POINT('',(-98.5,-11.,14.6458980337503));
#16395=CARTESIAN_POINT('Origin',(-98.5,0.,18.));
#16396=CARTESIAN_POINT('',(-98.5,11.,14.6458980337503));
#16397=CARTESIAN_POINT('Origin',(-98.5,11.,0.));
#16398=CARTESIAN_POINT('',(-98.5,11.,0.));
#16399=CARTESIAN_POINT('Origin',(-98.5,26.,0.));
#16400=CARTESIAN_POINT('',(-98.5,26.,0.));
#16401=CARTESIAN_POINT('Origin',(-98.5,0.,0.));
#16402=CARTESIAN_POINT('',(-98.5,-26.,0.));
#16403=CARTESIAN_POINT('Origin',(-98.5,-11.,0.));
#16404=CARTESIAN_POINT('Origin',(-121.5,0.,0.));
#16405=CARTESIAN_POINT('',(-121.5,-1.10218211923262E-15,9.));
#16406=CARTESIAN_POINT('',(-121.5,-1.10218211923262E-15,9.));
#16407=CARTESIAN_POINT('Origin',(-121.5,0.,0.));
#16408=CARTESIAN_POINT('Origin',(-121.5,0.,0.));
#16409=CARTESIAN_POINT('Origin',(-91.,0.,18.));
#16410=CARTESIAN_POINT('',(-91.,-8.57252759403147E-16,25.));
#16411=CARTESIAN_POINT('Origin',(-66.5,0.,0.));
#16412=CARTESIAN_POINT('',(-66.5,-1.10218211923262E-15,9.));
#16413=CARTESIAN_POINT('Origin',(-11.5,0.,0.));
#16414=CARTESIAN_POINT('',(-11.5,-1.10218211923262E-15,9.));
#16415=CARTESIAN_POINT('Origin',(19.,0.,-18.));
#16416=CARTESIAN_POINT('',(19.,-8.57252759403147E-16,-11.));
#16417=CARTESIAN_POINT('Origin',(43.5,0.,0.));
#16418=CARTESIAN_POINT('',(43.5,-1.10218211923262E-15,9.));
#16419=CARTESIAN_POINT('Origin',(98.5,0.,0.));
#16420=CARTESIAN_POINT('',(98.5,-1.10218211923262E-15,9.));
#16421=CARTESIAN_POINT('',(0.,0.,0.));
#16422=CARTESIAN_POINT('Origin',(125.,19.0918830920368,19.0918830920368));
#16423=CARTESIAN_POINT('',(129.5,24.0416305603426,24.0416305603426));
#16424=CARTESIAN_POINT('Origin',(129.5,19.0918830920368,19.0918830920368));
#16425=CARTESIAN_POINT('',(141.5,24.0416305603426,24.0416305603426));
#16426=CARTESIAN_POINT('',(125.,24.0416305603426,24.0416305603426));
#16427=CARTESIAN_POINT('Origin',(141.5,19.0918830920368,19.0918830920368));
#16428=CARTESIAN_POINT('Origin',(125.,27.,-4.95981953654678E-15));
#16429=CARTESIAN_POINT('',(129.5,34.,-5.38844591624835E-15));
#16430=CARTESIAN_POINT('Origin',(129.5,27.,-4.95981953654678E-15));
#16431=CARTESIAN_POINT('',(141.5,34.,-7.10295143505465E-15));
#16432=CARTESIAN_POINT('',(125.,34.,-5.38844591624835E-15));
#16433=CARTESIAN_POINT('Origin',(141.5,27.,-4.95981953654678E-15));
#16434=CARTESIAN_POINT('Origin',(125.,19.0918830920368,-19.0918830920368));
#16435=CARTESIAN_POINT('',(129.5,24.0416305603426,-24.0416305603426));
#16436=CARTESIAN_POINT('Origin',(129.5,19.0918830920368,-19.0918830920368));
#16437=CARTESIAN_POINT('',(141.5,24.0416305603426,-24.0416305603426));
#16438=CARTESIAN_POINT('',(125.,24.0416305603426,-24.0416305603426));
#16439=CARTESIAN_POINT('Origin',(141.5,19.0918830920368,-19.0918830920368));
#16440=CARTESIAN_POINT('Origin',(125.,-3.30654635769785E-15,-27.));
#16441=CARTESIAN_POINT('',(129.5,-3.30654635769785E-15,-34.));
#16442=CARTESIAN_POINT('Origin',(129.5,-3.30654635769785E-15,-27.));
#16443=CARTESIAN_POINT('',(141.5,-5.02105187650415E-15,-34.));
#16444=CARTESIAN_POINT('',(125.,-3.30654635769785E-15,-34.));
#16445=CARTESIAN_POINT('Origin',(141.5,-3.30654635769785E-15,-27.));
#16446=CARTESIAN_POINT('Origin',(125.,-19.0918830920368,-19.0918830920368));
#16447=CARTESIAN_POINT('',(129.5,-24.0416305603426,-24.0416305603426));
#16448=CARTESIAN_POINT('Origin',(129.5,-19.0918830920368,-19.0918830920368));
#16449=CARTESIAN_POINT('',(141.5,-24.0416305603426,-24.0416305603426));
#16450=CARTESIAN_POINT('',(125.,-24.0416305603426,-24.0416305603426));
#16451=CARTESIAN_POINT('Origin',(141.5,-19.0918830920368,-19.0918830920368));
#16452=CARTESIAN_POINT('Origin',(125.,-27.,1.65327317884893E-15));
#16453=CARTESIAN_POINT('',(129.5,-34.,1.22464679914735E-15));
#16454=CARTESIAN_POINT('Origin',(129.5,-27.,1.65327317884893E-15));
#16455=CARTESIAN_POINT('',(141.5,-34.,2.93915231795365E-15));
#16456=CARTESIAN_POINT('',(125.,-34.,1.22464679914735E-15));
#16457=CARTESIAN_POINT('Origin',(141.5,-27.,1.65327317884893E-15));
#16458=CARTESIAN_POINT('Origin',(125.,-19.0918830920368,19.0918830920368));
#16459=CARTESIAN_POINT('',(129.5,-24.0416305603426,24.0416305603426));
#16460=CARTESIAN_POINT('Origin',(129.5,-19.0918830920368,19.0918830920368));
#16461=CARTESIAN_POINT('',(141.5,-24.0416305603426,24.0416305603426));
#16462=CARTESIAN_POINT('',(125.,-24.0416305603426,24.0416305603426));
#16463=CARTESIAN_POINT('Origin',(141.5,-19.0918830920368,19.0918830920368));
#16464=CARTESIAN_POINT('Origin',(125.,0.,27.));
#16465=CARTESIAN_POINT('',(129.5,-8.57252759403147E-16,34.));
#16466=CARTESIAN_POINT('Origin',(129.5,0.,27.));
#16467=CARTESIAN_POINT('',(141.5,8.57252759403147E-16,34.));
#16468=CARTESIAN_POINT('',(125.,-8.57252759403147E-16,34.));
#16469=CARTESIAN_POINT('Origin',(141.5,0.,27.));
#16470=CARTESIAN_POINT('Origin',(141.5,0.,39.));
#16471=CARTESIAN_POINT('',(141.5,-4.77612251667468E-15,-39.));
#16472=CARTESIAN_POINT('Origin',(141.5,0.,0.));
#16473=CARTESIAN_POINT('',(141.5,-1.11442858722409E-15,-9.1));
#16474=CARTESIAN_POINT('Origin',(141.5,0.,0.));
#16475=CARTESIAN_POINT('Origin',(144.5,0.,0.));
#16476=CARTESIAN_POINT('',(147.5,-4.77612251667468E-15,-39.));
#16477=CARTESIAN_POINT('',(144.5,-4.77612251667468E-15,-39.));
#16478=CARTESIAN_POINT('Origin',(147.5,0.,0.));
#16479=CARTESIAN_POINT('Origin',(147.5,0.,45.));
#16480=CARTESIAN_POINT('',(147.5,-5.51091059616309E-15,-45.));
#16481=CARTESIAN_POINT('Origin',(147.5,0.,0.));
#16482=CARTESIAN_POINT('Origin',(137.5,0.,0.));
#16483=CARTESIAN_POINT('',(127.5,-5.51091059616309E-15,-45.));
#16484=CARTESIAN_POINT('Origin',(127.5,0.,0.));
#16485=CARTESIAN_POINT('',(137.5,-5.51091059616309E-15,-45.));
#16486=CARTESIAN_POINT('Origin',(127.5,0.,39.));
#16487=CARTESIAN_POINT('',(127.5,-4.77612251667468E-15,-39.));
#16488=CARTESIAN_POINT('Origin',(127.5,0.,0.));
#16489=CARTESIAN_POINT('Origin',(128.5,0.,0.));
#16490=CARTESIAN_POINT('',(129.5,-4.77612251667468E-15,-39.));
#16491=CARTESIAN_POINT('',(128.5,-4.77612251667468E-15,-39.));
#16492=CARTESIAN_POINT('Origin',(129.5,0.,0.));
#16493=CARTESIAN_POINT('Origin',(129.5,0.,9.1));
#16494=CARTESIAN_POINT('',(129.5,-1.11442858722409E-15,-9.1));
#16495=CARTESIAN_POINT('Origin',(129.5,0.,0.));
#16496=CARTESIAN_POINT('Origin',(135.5,0.,0.));
#16497=CARTESIAN_POINT('',(135.5,-1.11442858722409E-15,-9.1));
#16498=CARTESIAN_POINT('',(0.,0.,0.));
#16499=CARTESIAN_POINT('Origin',(-155.,12.1243556529821,6.99999999999999));
#16500=CARTESIAN_POINT('',(-152.,14.2894191624432,8.24999999999999));
#16501=CARTESIAN_POINT('Origin',(-152.,12.1243556529821,6.99999999999999));
#16502=CARTESIAN_POINT('',(-136.5,14.2894191624432,8.24999999999999));
#16503=CARTESIAN_POINT('',(-155.,14.2894191624432,8.24999999999999));
#16504=CARTESIAN_POINT('Origin',(-136.5,12.1243556529821,6.99999999999999));
#16505=CARTESIAN_POINT('Origin',(-155.,12.1243556529821,-7.00000000000001));
#16506=CARTESIAN_POINT('',(-152.,14.2894191624432,-8.25000000000001));
#16507=CARTESIAN_POINT('Origin',(-152.,12.1243556529821,-7.00000000000001));
#16508=CARTESIAN_POINT('',(-136.5,14.2894191624432,-8.25000000000001));
#16509=CARTESIAN_POINT('',(-155.,14.2894191624432,-8.25000000000001));
#16510=CARTESIAN_POINT('Origin',(-136.5,12.1243556529821,-7.00000000000001));
#16511=CARTESIAN_POINT('Origin',(-155.,-1.71450551880629E-15,-14.));
#16512=CARTESIAN_POINT('',(-152.,-1.71450551880629E-15,-16.5));
#16513=CARTESIAN_POINT('Origin',(-152.,-1.71450551880629E-15,-14.));
#16514=CARTESIAN_POINT('',(-136.5,-2.32682891837997E-15,-16.5));
#16515=CARTESIAN_POINT('',(-155.,-1.71450551880629E-15,-16.5));
#16516=CARTESIAN_POINT('Origin',(-136.5,-1.71450551880629E-15,-14.));
#16517=CARTESIAN_POINT('Origin',(-155.,-12.1243556529821,-7.));
#16518=CARTESIAN_POINT('',(-152.,-14.2894191624432,-8.25));
#16519=CARTESIAN_POINT('Origin',(-152.,-12.1243556529821,-7.));
#16520=CARTESIAN_POINT('',(-136.5,-14.2894191624432,-8.25));
#16521=CARTESIAN_POINT('',(-155.,-14.2894191624432,-8.25));
#16522=CARTESIAN_POINT('Origin',(-136.5,-12.1243556529821,-7.));
#16523=CARTESIAN_POINT('Origin',(-155.,-12.1243556529821,7.));
#16524=CARTESIAN_POINT('',(-152.,-14.2894191624432,8.25));
#16525=CARTESIAN_POINT('Origin',(-152.,-12.1243556529821,7.));
#16526=CARTESIAN_POINT('',(-136.5,-14.2894191624432,8.25));
#16527=CARTESIAN_POINT('',(-155.,-14.2894191624432,8.25));
#16528=CARTESIAN_POINT('Origin',(-136.5,-12.1243556529821,7.));
#16529=CARTESIAN_POINT('Origin',(-155.,0.,14.));
#16530=CARTESIAN_POINT('',(-152.,-3.06161699786838E-16,16.5));
#16531=CARTESIAN_POINT('Origin',(-152.,0.,14.));
#16532=CARTESIAN_POINT('',(-136.5,3.06161699786838E-16,16.5));
#16533=CARTESIAN_POINT('',(-155.,-3.06161699786838E-16,16.5));
#16534=CARTESIAN_POINT('Origin',(-136.5,0.,14.));
#16535=CARTESIAN_POINT('Origin',(-136.5,0.,30.));
#16536=CARTESIAN_POINT('',(-136.5,-3.67394039744206E-15,-30.));
#16537=CARTESIAN_POINT('Origin',(-136.5,0.,0.));
#16538=CARTESIAN_POINT('',(-136.5,-9.91963907309356E-16,-8.1));
#16539=CARTESIAN_POINT('Origin',(-136.5,0.,0.));
#16540=CARTESIAN_POINT('Origin',(-137.75,0.,0.));
#16541=CARTESIAN_POINT('',(-139.,-3.67394039744206E-15,-30.));
#16542=CARTESIAN_POINT('Origin',(-139.,0.,0.));
#16543=CARTESIAN_POINT('',(-137.75,-3.67394039744206E-15,-30.));
#16544=CARTESIAN_POINT('Origin',(-139.5,0.,0.));
#16545=CARTESIAN_POINT('',(-140.,-2.93915231795365E-15,-24.));
#16546=CARTESIAN_POINT('Origin',(-140.,0.,0.));
#16547=CARTESIAN_POINT('',(-139.5,-3.30654635769785E-15,-27.));
#16548=CARTESIAN_POINT('Origin',(-141.,0.,0.));
#16549=CARTESIAN_POINT('',(-142.,-2.93915231795365E-15,-24.));
#16550=CARTESIAN_POINT('Origin',(-142.,0.,0.));
#16551=CARTESIAN_POINT('',(-141.,-2.93915231795365E-15,-24.));
#16552=CARTESIAN_POINT('Origin',(-142.5,0.,0.));
#16553=CARTESIAN_POINT('',(-143.,-3.67394039744206E-15,-30.));
#16554=CARTESIAN_POINT('Origin',(-143.,0.,0.));
#16555=CARTESIAN_POINT('',(-142.5,-3.30654635769785E-15,-27.));
#16556=CARTESIAN_POINT('Origin',(-144.25,0.,0.));
#16557=CARTESIAN_POINT('',(-145.5,-3.67394039744206E-15,-30.));
#16558=CARTESIAN_POINT('Origin',(-145.5,0.,0.));
#16559=CARTESIAN_POINT('',(-144.25,-3.67394039744206E-15,-30.));
#16560=CARTESIAN_POINT('Origin',(-146.,0.,0.));
#16561=CARTESIAN_POINT('',(-146.5,-2.93915231795365E-15,-24.));
#16562=CARTESIAN_POINT('Origin',(-146.5,0.,0.));
#16563=CARTESIAN_POINT('',(-146.,-3.30654635769785E-15,-27.));
#16564=CARTESIAN_POINT('Origin',(-147.5,0.,0.));
#16565=CARTESIAN_POINT('',(-148.5,-2.93915231795365E-15,-24.));
#16566=CARTESIAN_POINT('Origin',(-148.5,0.,0.));
#16567=CARTESIAN_POINT('',(-147.5,-2.93915231795365E-15,-24.));
#16568=CARTESIAN_POINT('Origin',(-149.,0.,0.));
#16569=CARTESIAN_POINT('',(-149.5,-3.67394039744206E-15,-30.));
#16570=CARTESIAN_POINT('Origin',(-149.5,0.,0.));
#16571=CARTESIAN_POINT('',(-149.,-3.30654635769785E-15,-27.));
#16572=CARTESIAN_POINT('Origin',(-150.75,0.,0.));
#16573=CARTESIAN_POINT('',(-152.,-3.67394039744206E-15,-30.));
#16574=CARTESIAN_POINT('Origin',(-152.,0.,0.));
#16575=CARTESIAN_POINT('',(-150.75,-3.67394039744206E-15,-30.));
#16576=CARTESIAN_POINT('Origin',(-152.,0.,8.1));
#16577=CARTESIAN_POINT('',(-152.,-9.91963907309356E-16,-8.1));
#16578=CARTESIAN_POINT('Origin',(-152.,0.,0.));
#16579=CARTESIAN_POINT('Origin',(-144.25,0.,0.));
#16580=CARTESIAN_POINT('',(-144.25,-9.91963907309356E-16,-8.1));
#16581=CARTESIAN_POINT('',(0.,0.,0.));
#16582=CARTESIAN_POINT('Origin',(-118.,-51.,-38.));
#16583=CARTESIAN_POINT('',(-114.25,-57.4951905283833,-38.));
#16584=CARTESIAN_POINT('',(-110.5,-51.,-38.));
#16585=CARTESIAN_POINT('',(-114.25,-57.4951905283833,-38.));
#16586=CARTESIAN_POINT('',(-121.75,-57.4951905283833,-38.));
#16587=CARTESIAN_POINT('',(-121.75,-57.4951905283833,-38.));
#16588=CARTESIAN_POINT('',(-125.5,-51.,-38.));
#16589=CARTESIAN_POINT('',(-125.5,-51.,-38.));
#16590=CARTESIAN_POINT('',(-121.75,-44.5048094716167,-38.));
#16591=CARTESIAN_POINT('',(-121.75,-44.5048094716167,-38.));
#16592=CARTESIAN_POINT('',(-114.25,-44.5048094716167,-38.));
#16593=CARTESIAN_POINT('',(-114.25,-44.5048094716167,-38.));
#16594=CARTESIAN_POINT('',(-110.5,-51.,-38.));
#16595=CARTESIAN_POINT('',(-122.3,-51.,-38.));
#16596=CARTESIAN_POINT('Origin',(-118.,-51.,-38.));
#16597=CARTESIAN_POINT('Origin',(-121.75,-57.4951905283833,-38.));
#16598=CARTESIAN_POINT('',(-114.25,-57.4951905283833,-30.));
#16599=CARTESIAN_POINT('',(-114.25,-57.4951905283833,-38.));
#16600=CARTESIAN_POINT('',(-121.75,-57.4951905283833,-30.));
#16601=CARTESIAN_POINT('',(-121.75,-57.4951905283833,-30.));
#16602=CARTESIAN_POINT('',(-121.75,-57.4951905283833,-38.));
#16603=CARTESIAN_POINT('Origin',(-125.5,-51.,-38.));
#16604=CARTESIAN_POINT('',(-125.5,-51.,-30.));
#16605=CARTESIAN_POINT('',(-125.5,-51.,-30.));
#16606=CARTESIAN_POINT('',(-125.5,-51.,-38.));
#16607=CARTESIAN_POINT('Origin',(-121.75,-44.5048094716167,-38.));
#16608=CARTESIAN_POINT('',(-121.75,-44.5048094716167,-30.));
#16609=CARTESIAN_POINT('',(-121.75,-44.5048094716167,-30.));
#16610=CARTESIAN_POINT('',(-121.75,-44.5048094716167,-38.));
#16611=CARTESIAN_POINT('Origin',(-114.25,-44.5048094716167,-38.));
#16612=CARTESIAN_POINT('',(-114.25,-44.5048094716167,-30.));
#16613=CARTESIAN_POINT('',(-114.25,-44.5048094716167,-30.));
#16614=CARTESIAN_POINT('',(-114.25,-44.5048094716167,-38.));
#16615=CARTESIAN_POINT('Origin',(-110.5,-51.,-38.));
#16616=CARTESIAN_POINT('',(-110.5,-51.,-30.));
#16617=CARTESIAN_POINT('',(-110.5,-51.,-30.));
#16618=CARTESIAN_POINT('',(-110.5,-51.,-38.));
#16619=CARTESIAN_POINT('Origin',(-114.25,-57.4951905283833,-38.));
#16620=CARTESIAN_POINT('',(-114.25,-57.4951905283833,-30.));
#16621=CARTESIAN_POINT('Origin',(-118.,-51.,-30.));
#16622=CARTESIAN_POINT('Origin',(-118.,-51.,-56.));
#16623=CARTESIAN_POINT('',(-122.3,-51.,-56.));
#16624=CARTESIAN_POINT('',(-122.3,-51.,-56.));
#16625=CARTESIAN_POINT('Origin',(-118.,-51.,-56.));
#16626=CARTESIAN_POINT('Origin',(-118.,-51.,-56.));
#16627=CARTESIAN_POINT('Origin',(-39.3333333,-51.,-38.));
#16628=CARTESIAN_POINT('',(-35.5833333,-57.4951905283833,-38.));
#16629=CARTESIAN_POINT('',(-31.8333333,-51.,-38.));
#16630=CARTESIAN_POINT('',(-35.5833333,-57.4951905283833,-38.));
#16631=CARTESIAN_POINT('',(-43.0833333,-57.4951905283833,-38.));
#16632=CARTESIAN_POINT('',(-43.0833333,-57.4951905283833,-38.));
#16633=CARTESIAN_POINT('',(-46.8333333,-51.,-38.));
#16634=CARTESIAN_POINT('',(-46.8333333,-51.,-38.));
#16635=CARTESIAN_POINT('',(-43.0833333,-44.5048094716167,-38.));
#16636=CARTESIAN_POINT('',(-43.0833333,-44.5048094716167,-38.));
#16637=CARTESIAN_POINT('',(-35.5833333,-44.5048094716167,-38.));
#16638=CARTESIAN_POINT('',(-35.5833333,-44.5048094716167,-38.));
#16639=CARTESIAN_POINT('',(-31.8333333,-51.,-38.));
#16640=CARTESIAN_POINT('',(-43.6333333,-51.,-38.));
#16641=CARTESIAN_POINT('Origin',(-39.3333333,-51.,-38.));
#16642=CARTESIAN_POINT('Origin',(-43.0833333,-57.4951905283833,-38.));
#16643=CARTESIAN_POINT('',(-35.5833333,-57.4951905283833,-30.));
#16644=CARTESIAN_POINT('',(-35.5833333,-57.4951905283833,-38.));
#16645=CARTESIAN_POINT('',(-43.0833333,-57.4951905283833,-30.));
#16646=CARTESIAN_POINT('',(-43.0833333,-57.4951905283833,-30.));
#16647=CARTESIAN_POINT('',(-43.0833333,-57.4951905283833,-38.));
#16648=CARTESIAN_POINT('Origin',(-46.8333333,-51.,-38.));
#16649=CARTESIAN_POINT('',(-46.8333333,-51.,-30.));
#16650=CARTESIAN_POINT('',(-46.8333333,-51.,-30.));
#16651=CARTESIAN_POINT('',(-46.8333333,-51.,-38.));
#16652=CARTESIAN_POINT('Origin',(-43.0833333,-44.5048094716167,-38.));
#16653=CARTESIAN_POINT('',(-43.0833333,-44.5048094716167,-30.));
#16654=CARTESIAN_POINT('',(-43.0833333,-44.5048094716167,-30.));
#16655=CARTESIAN_POINT('',(-43.0833333,-44.5048094716167,-38.));
#16656=CARTESIAN_POINT('Origin',(-35.5833333,-44.5048094716167,-38.));
#16657=CARTESIAN_POINT('',(-35.5833333,-44.5048094716167,-30.));
#16658=CARTESIAN_POINT('',(-35.5833333,-44.5048094716167,-30.));
#16659=CARTESIAN_POINT('',(-35.5833333,-44.5048094716167,-38.));
#16660=CARTESIAN_POINT('Origin',(-31.8333333,-51.,-38.));
#16661=CARTESIAN_POINT('',(-31.8333333,-51.,-30.));
#16662=CARTESIAN_POINT('',(-31.8333333,-51.,-30.));
#16663=CARTESIAN_POINT('',(-31.8333333,-51.,-38.));
#16664=CARTESIAN_POINT('Origin',(-35.5833333,-57.4951905283833,-38.));
#16665=CARTESIAN_POINT('',(-35.5833333,-57.4951905283833,-30.));
#16666=CARTESIAN_POINT('Origin',(-39.3333333,-51.,-30.));
#16667=CARTESIAN_POINT('Origin',(-39.3333333,-51.,-56.));
#16668=CARTESIAN_POINT('',(-43.6333333,-51.,-56.));
#16669=CARTESIAN_POINT('',(-43.6333333,-51.,-56.));
#16670=CARTESIAN_POINT('Origin',(-39.3333333,-51.,-56.));
#16671=CARTESIAN_POINT('Origin',(-39.3333333,-51.,-56.));
#16672=CARTESIAN_POINT('Origin',(39.3333334,-51.,-38.));
#16673=CARTESIAN_POINT('',(43.0833334,-57.4951905283833,-38.));
#16674=CARTESIAN_POINT('',(46.8333334,-51.,-38.));
#16675=CARTESIAN_POINT('',(43.0833334,-57.4951905283833,-38.));
#16676=CARTESIAN_POINT('',(35.5833334,-57.4951905283833,-38.));
#16677=CARTESIAN_POINT('',(35.5833334,-57.4951905283833,-38.));
#16678=CARTESIAN_POINT('',(31.8333334,-51.,-38.));
#16679=CARTESIAN_POINT('',(31.8333334,-51.,-38.));
#16680=CARTESIAN_POINT('',(35.5833334,-44.5048094716167,-38.));
#16681=CARTESIAN_POINT('',(35.5833334,-44.5048094716167,-38.));
#16682=CARTESIAN_POINT('',(43.0833334,-44.5048094716167,-38.));
#16683=CARTESIAN_POINT('',(43.0833334,-44.5048094716167,-38.));
#16684=CARTESIAN_POINT('',(46.8333334,-51.,-38.));
#16685=CARTESIAN_POINT('',(35.0333334,-51.,-38.));
#16686=CARTESIAN_POINT('Origin',(39.3333334,-51.,-38.));
#16687=CARTESIAN_POINT('Origin',(35.5833334,-57.4951905283833,-38.));
#16688=CARTESIAN_POINT('',(43.0833334,-57.4951905283833,-30.));
#16689=CARTESIAN_POINT('',(43.0833334,-57.4951905283833,-38.));
#16690=CARTESIAN_POINT('',(35.5833334,-57.4951905283833,-30.));
#16691=CARTESIAN_POINT('',(35.5833334,-57.4951905283833,-30.));
#16692=CARTESIAN_POINT('',(35.5833334,-57.4951905283833,-38.));
#16693=CARTESIAN_POINT('Origin',(31.8333334,-51.,-38.));
#16694=CARTESIAN_POINT('',(31.8333334,-51.,-30.));
#16695=CARTESIAN_POINT('',(31.8333334,-51.,-30.));
#16696=CARTESIAN_POINT('',(31.8333334,-51.,-38.));
#16697=CARTESIAN_POINT('Origin',(35.5833334,-44.5048094716167,-38.));
#16698=CARTESIAN_POINT('',(35.5833334,-44.5048094716167,-30.));
#16699=CARTESIAN_POINT('',(35.5833334,-44.5048094716167,-30.));
#16700=CARTESIAN_POINT('',(35.5833334,-44.5048094716167,-38.));
#16701=CARTESIAN_POINT('Origin',(43.0833334,-44.5048094716167,-38.));
#16702=CARTESIAN_POINT('',(43.0833334,-44.5048094716167,-30.));
#16703=CARTESIAN_POINT('',(43.0833334,-44.5048094716167,-30.));
#16704=CARTESIAN_POINT('',(43.0833334,-44.5048094716167,-38.));
#16705=CARTESIAN_POINT('Origin',(46.8333334,-51.,-38.));
#16706=CARTESIAN_POINT('',(46.8333334,-51.,-30.));
#16707=CARTESIAN_POINT('',(46.8333334,-51.,-30.));
#16708=CARTESIAN_POINT('',(46.8333334,-51.,-38.));
#16709=CARTESIAN_POINT('Origin',(43.0833334,-57.4951905283833,-38.));
#16710=CARTESIAN_POINT('',(43.0833334,-57.4951905283833,-30.));
#16711=CARTESIAN_POINT('Origin',(39.3333334,-51.,-30.));
#16712=CARTESIAN_POINT('Origin',(39.3333334,-51.,-56.));
#16713=CARTESIAN_POINT('',(35.0333334,-51.,-56.));
#16714=CARTESIAN_POINT('',(35.0333334,-51.,-56.));
#16715=CARTESIAN_POINT('Origin',(39.3333334,-51.,-56.));
#16716=CARTESIAN_POINT('Origin',(39.3333334,-51.,-56.));
#16717=CARTESIAN_POINT('Origin',(118.0000001,-51.,-38.));
#16718=CARTESIAN_POINT('',(121.7500001,-57.4951905283833,-38.));
#16719=CARTESIAN_POINT('',(125.5000001,-51.,-38.));
#16720=CARTESIAN_POINT('',(121.7500001,-57.4951905283833,-38.));
#16721=CARTESIAN_POINT('',(114.2500001,-57.4951905283833,-38.));
#16722=CARTESIAN_POINT('',(114.2500001,-57.4951905283833,-38.));
#16723=CARTESIAN_POINT('',(110.5000001,-51.,-38.));
#16724=CARTESIAN_POINT('',(110.5000001,-51.,-38.));
#16725=CARTESIAN_POINT('',(114.2500001,-44.5048094716167,-38.));
#16726=CARTESIAN_POINT('',(114.2500001,-44.5048094716167,-38.));
#16727=CARTESIAN_POINT('',(121.7500001,-44.5048094716167,-38.));
#16728=CARTESIAN_POINT('',(121.7500001,-44.5048094716167,-38.));
#16729=CARTESIAN_POINT('',(125.5000001,-51.,-38.));
#16730=CARTESIAN_POINT('',(113.7000001,-51.,-38.));
#16731=CARTESIAN_POINT('Origin',(118.0000001,-51.,-38.));
#16732=CARTESIAN_POINT('Origin',(114.2500001,-57.4951905283833,-38.));
#16733=CARTESIAN_POINT('',(121.7500001,-57.4951905283833,-30.));
#16734=CARTESIAN_POINT('',(121.7500001,-57.4951905283833,-38.));
#16735=CARTESIAN_POINT('',(114.2500001,-57.4951905283833,-30.));
#16736=CARTESIAN_POINT('',(114.2500001,-57.4951905283833,-30.));
#16737=CARTESIAN_POINT('',(114.2500001,-57.4951905283833,-38.));
#16738=CARTESIAN_POINT('Origin',(110.5000001,-51.,-38.));
#16739=CARTESIAN_POINT('',(110.5000001,-51.,-30.));
#16740=CARTESIAN_POINT('',(110.5000001,-51.,-30.));
#16741=CARTESIAN_POINT('',(110.5000001,-51.,-38.));
#16742=CARTESIAN_POINT('Origin',(114.2500001,-44.5048094716167,-38.));
#16743=CARTESIAN_POINT('',(114.2500001,-44.5048094716167,-30.));
#16744=CARTESIAN_POINT('',(114.2500001,-44.5048094716167,-30.));
#16745=CARTESIAN_POINT('',(114.2500001,-44.5048094716167,-38.));
#16746=CARTESIAN_POINT('Origin',(121.7500001,-44.5048094716167,-38.));
#16747=CARTESIAN_POINT('',(121.7500001,-44.5048094716167,-30.));
#16748=CARTESIAN_POINT('',(121.7500001,-44.5048094716167,-30.));
#16749=CARTESIAN_POINT('',(121.7500001,-44.5048094716167,-38.));
#16750=CARTESIAN_POINT('Origin',(125.5000001,-51.,-38.));
#16751=CARTESIAN_POINT('',(125.5000001,-51.,-30.));
#16752=CARTESIAN_POINT('',(125.5000001,-51.,-30.));
#16753=CARTESIAN_POINT('',(125.5000001,-51.,-38.));
#16754=CARTESIAN_POINT('Origin',(121.7500001,-57.4951905283833,-38.));
#16755=CARTESIAN_POINT('',(121.7500001,-57.4951905283833,-30.));
#16756=CARTESIAN_POINT('Origin',(118.0000001,-51.,-30.));
#16757=CARTESIAN_POINT('Origin',(118.0000001,-51.,-56.));
#16758=CARTESIAN_POINT('',(113.7000001,-51.,-56.));
#16759=CARTESIAN_POINT('',(113.7000001,-51.,-56.));
#16760=CARTESIAN_POINT('Origin',(118.0000001,-51.,-56.));
#16761=CARTESIAN_POINT('Origin',(118.0000001,-51.,-56.));
#16762=CARTESIAN_POINT('Origin',(-118.,51.,-38.));
#16763=CARTESIAN_POINT('',(-114.25,44.5048094716167,-38.));
#16764=CARTESIAN_POINT('',(-110.5,51.,-38.));
#16765=CARTESIAN_POINT('',(-114.25,44.5048094716167,-38.));
#16766=CARTESIAN_POINT('',(-121.75,44.5048094716167,-38.));
#16767=CARTESIAN_POINT('',(-121.75,44.5048094716167,-38.));
#16768=CARTESIAN_POINT('',(-125.5,51.,-38.));
#16769=CARTESIAN_POINT('',(-125.5,51.,-38.));
#16770=CARTESIAN_POINT('',(-121.75,57.4951905283833,-38.));
#16771=CARTESIAN_POINT('',(-121.75,57.4951905283833,-38.));
#16772=CARTESIAN_POINT('',(-114.25,57.4951905283833,-38.));
#16773=CARTESIAN_POINT('',(-114.25,57.4951905283833,-38.));
#16774=CARTESIAN_POINT('',(-110.5,51.,-38.));
#16775=CARTESIAN_POINT('',(-122.3,51.,-38.));
#16776=CARTESIAN_POINT('Origin',(-118.,51.,-38.));
#16777=CARTESIAN_POINT('Origin',(-121.75,44.5048094716167,-38.));
#16778=CARTESIAN_POINT('',(-114.25,44.5048094716167,-30.));
#16779=CARTESIAN_POINT('',(-114.25,44.5048094716167,-38.));
#16780=CARTESIAN_POINT('',(-121.75,44.5048094716167,-30.));
#16781=CARTESIAN_POINT('',(-121.75,44.5048094716167,-30.));
#16782=CARTESIAN_POINT('',(-121.75,44.5048094716167,-38.));
#16783=CARTESIAN_POINT('Origin',(-125.5,51.,-38.));
#16784=CARTESIAN_POINT('',(-125.5,51.,-30.));
#16785=CARTESIAN_POINT('',(-125.5,51.,-30.));
#16786=CARTESIAN_POINT('',(-125.5,51.,-38.));
#16787=CARTESIAN_POINT('Origin',(-121.75,57.4951905283833,-38.));
#16788=CARTESIAN_POINT('',(-121.75,57.4951905283833,-30.));
#16789=CARTESIAN_POINT('',(-121.75,57.4951905283833,-30.));
#16790=CARTESIAN_POINT('',(-121.75,57.4951905283833,-38.));
#16791=CARTESIAN_POINT('Origin',(-114.25,57.4951905283833,-38.));
#16792=CARTESIAN_POINT('',(-114.25,57.4951905283833,-30.));
#16793=CARTESIAN_POINT('',(-114.25,57.4951905283833,-30.));
#16794=CARTESIAN_POINT('',(-114.25,57.4951905283833,-38.));
#16795=CARTESIAN_POINT('Origin',(-110.5,51.,-38.));
#16796=CARTESIAN_POINT('',(-110.5,51.,-30.));
#16797=CARTESIAN_POINT('',(-110.5,51.,-30.));
#16798=CARTESIAN_POINT('',(-110.5,51.,-38.));
#16799=CARTESIAN_POINT('Origin',(-114.25,44.5048094716167,-38.));
#16800=CARTESIAN_POINT('',(-114.25,44.5048094716167,-30.));
#16801=CARTESIAN_POINT('Origin',(-118.,51.,-30.));
#16802=CARTESIAN_POINT('Origin',(-118.,51.,-56.));
#16803=CARTESIAN_POINT('',(-122.3,51.,-56.));
#16804=CARTESIAN_POINT('',(-122.3,51.,-56.));
#16805=CARTESIAN_POINT('Origin',(-118.,51.,-56.));
#16806=CARTESIAN_POINT('Origin',(-118.,51.,-56.));
#16807=CARTESIAN_POINT('Origin',(-39.3333333,51.,-38.));
#16808=CARTESIAN_POINT('',(-35.5833333,44.5048094716167,-38.));
#16809=CARTESIAN_POINT('',(-31.8333333,51.,-38.));
#16810=CARTESIAN_POINT('',(-35.5833333,44.5048094716167,-38.));
#16811=CARTESIAN_POINT('',(-43.0833333,44.5048094716167,-38.));
#16812=CARTESIAN_POINT('',(-43.0833333,44.5048094716167,-38.));
#16813=CARTESIAN_POINT('',(-46.8333333,51.,-38.));
#16814=CARTESIAN_POINT('',(-46.8333333,51.,-38.));
#16815=CARTESIAN_POINT('',(-43.0833333,57.4951905283833,-38.));
#16816=CARTESIAN_POINT('',(-43.0833333,57.4951905283833,-38.));
#16817=CARTESIAN_POINT('',(-35.5833333,57.4951905283833,-38.));
#16818=CARTESIAN_POINT('',(-35.5833333,57.4951905283833,-38.));
#16819=CARTESIAN_POINT('',(-31.8333333,51.,-38.));
#16820=CARTESIAN_POINT('',(-43.6333333,51.,-38.));
#16821=CARTESIAN_POINT('Origin',(-39.3333333,51.,-38.));
#16822=CARTESIAN_POINT('Origin',(-43.0833333,44.5048094716167,-38.));
#16823=CARTESIAN_POINT('',(-35.5833333,44.5048094716167,-30.));
#16824=CARTESIAN_POINT('',(-35.5833333,44.5048094716167,-38.));
#16825=CARTESIAN_POINT('',(-43.0833333,44.5048094716167,-30.));
#16826=CARTESIAN_POINT('',(-43.0833333,44.5048094716167,-30.));
#16827=CARTESIAN_POINT('',(-43.0833333,44.5048094716167,-38.));
#16828=CARTESIAN_POINT('Origin',(-46.8333333,51.,-38.));
#16829=CARTESIAN_POINT('',(-46.8333333,51.,-30.));
#16830=CARTESIAN_POINT('',(-46.8333333,51.,-30.));
#16831=CARTESIAN_POINT('',(-46.8333333,51.,-38.));
#16832=CARTESIAN_POINT('Origin',(-43.0833333,57.4951905283833,-38.));
#16833=CARTESIAN_POINT('',(-43.0833333,57.4951905283833,-30.));
#16834=CARTESIAN_POINT('',(-43.0833333,57.4951905283833,-30.));
#16835=CARTESIAN_POINT('',(-43.0833333,57.4951905283833,-38.));
#16836=CARTESIAN_POINT('Origin',(-35.5833333,57.4951905283833,-38.));
#16837=CARTESIAN_POINT('',(-35.5833333,57.4951905283833,-30.));
#16838=CARTESIAN_POINT('',(-35.5833333,57.4951905283833,-30.));
#16839=CARTESIAN_POINT('',(-35.5833333,57.4951905283833,-38.));
#16840=CARTESIAN_POINT('Origin',(-31.8333333,51.,-38.));
#16841=CARTESIAN_POINT('',(-31.8333333,51.,-30.));
#16842=CARTESIAN_POINT('',(-31.8333333,51.,-30.));
#16843=CARTESIAN_POINT('',(-31.8333333,51.,-38.));
#16844=CARTESIAN_POINT('Origin',(-35.5833333,44.5048094716167,-38.));
#16845=CARTESIAN_POINT('',(-35.5833333,44.5048094716167,-30.));
#16846=CARTESIAN_POINT('Origin',(-39.3333333,51.,-30.));
#16847=CARTESIAN_POINT('Origin',(-39.3333333,51.,-56.));
#16848=CARTESIAN_POINT('',(-43.6333333,51.,-56.));
#16849=CARTESIAN_POINT('',(-43.6333333,51.,-56.));
#16850=CARTESIAN_POINT('Origin',(-39.3333333,51.,-56.));
#16851=CARTESIAN_POINT('Origin',(-39.3333333,51.,-56.));
#16852=CARTESIAN_POINT('Origin',(39.3333334,51.,-38.));
#16853=CARTESIAN_POINT('',(43.0833334,44.5048094716167,-38.));
#16854=CARTESIAN_POINT('',(46.8333334,51.,-38.));
#16855=CARTESIAN_POINT('',(43.0833334,44.5048094716167,-38.));
#16856=CARTESIAN_POINT('',(35.5833334,44.5048094716167,-38.));
#16857=CARTESIAN_POINT('',(35.5833334,44.5048094716167,-38.));
#16858=CARTESIAN_POINT('',(31.8333334,51.,-38.));
#16859=CARTESIAN_POINT('',(31.8333334,51.,-38.));
#16860=CARTESIAN_POINT('',(35.5833334,57.4951905283833,-38.));
#16861=CARTESIAN_POINT('',(35.5833334,57.4951905283833,-38.));
#16862=CARTESIAN_POINT('',(43.0833334,57.4951905283833,-38.));
#16863=CARTESIAN_POINT('',(43.0833334,57.4951905283833,-38.));
#16864=CARTESIAN_POINT('',(46.8333334,51.,-38.));
#16865=CARTESIAN_POINT('',(35.0333334,51.,-38.));
#16866=CARTESIAN_POINT('Origin',(39.3333334,51.,-38.));
#16867=CARTESIAN_POINT('Origin',(35.5833334,44.5048094716167,-38.));
#16868=CARTESIAN_POINT('',(43.0833334,44.5048094716167,-30.));
#16869=CARTESIAN_POINT('',(43.0833334,44.5048094716167,-38.));
#16870=CARTESIAN_POINT('',(35.5833334,44.5048094716167,-30.));
#16871=CARTESIAN_POINT('',(35.5833334,44.5048094716167,-30.));
#16872=CARTESIAN_POINT('',(35.5833334,44.5048094716167,-38.));
#16873=CARTESIAN_POINT('Origin',(31.8333334,51.,-38.));
#16874=CARTESIAN_POINT('',(31.8333334,51.,-30.));
#16875=CARTESIAN_POINT('',(31.8333334,51.,-30.));
#16876=CARTESIAN_POINT('',(31.8333334,51.,-38.));
#16877=CARTESIAN_POINT('Origin',(35.5833334,57.4951905283833,-38.));
#16878=CARTESIAN_POINT('',(35.5833334,57.4951905283833,-30.));
#16879=CARTESIAN_POINT('',(35.5833334,57.4951905283833,-30.));
#16880=CARTESIAN_POINT('',(35.5833334,57.4951905283833,-38.));
#16881=CARTESIAN_POINT('Origin',(43.0833334,57.4951905283833,-38.));
#16882=CARTESIAN_POINT('',(43.0833334,57.4951905283833,-30.));
#16883=CARTESIAN_POINT('',(43.0833334,57.4951905283833,-30.));
#16884=CARTESIAN_POINT('',(43.0833334,57.4951905283833,-38.));
#16885=CARTESIAN_POINT('Origin',(46.8333334,51.,-38.));
#16886=CARTESIAN_POINT('',(46.8333334,51.,-30.));
#16887=CARTESIAN_POINT('',(46.8333334,51.,-30.));
#16888=CARTESIAN_POINT('',(46.8333334,51.,-38.));
#16889=CARTESIAN_POINT('Origin',(43.0833334,44.5048094716167,-38.));
#16890=CARTESIAN_POINT('',(43.0833334,44.5048094716167,-30.));
#16891=CARTESIAN_POINT('Origin',(39.3333334,51.,-30.));
#16892=CARTESIAN_POINT('Origin',(39.3333334,51.,-56.));
#16893=CARTESIAN_POINT('',(35.0333334,51.,-56.));
#16894=CARTESIAN_POINT('',(35.0333334,51.,-56.));
#16895=CARTESIAN_POINT('Origin',(39.3333334,51.,-56.));
#16896=CARTESIAN_POINT('Origin',(39.3333334,51.,-56.));
#16897=CARTESIAN_POINT('Origin',(118.0000001,51.,-38.));
#16898=CARTESIAN_POINT('',(121.7500001,44.5048094716167,-38.));
#16899=CARTESIAN_POINT('',(125.5000001,51.,-38.));
#16900=CARTESIAN_POINT('',(121.7500001,44.5048094716167,-38.));
#16901=CARTESIAN_POINT('',(114.2500001,44.5048094716167,-38.));
#16902=CARTESIAN_POINT('',(114.2500001,44.5048094716167,-38.));
#16903=CARTESIAN_POINT('',(110.5000001,51.,-38.));
#16904=CARTESIAN_POINT('',(110.5000001,51.,-38.));
#16905=CARTESIAN_POINT('',(114.2500001,57.4951905283833,-38.));
#16906=CARTESIAN_POINT('',(114.2500001,57.4951905283833,-38.));
#16907=CARTESIAN_POINT('',(121.7500001,57.4951905283833,-38.));
#16908=CARTESIAN_POINT('',(121.7500001,57.4951905283833,-38.));
#16909=CARTESIAN_POINT('',(125.5000001,51.,-38.));
#16910=CARTESIAN_POINT('',(113.7000001,51.,-38.));
#16911=CARTESIAN_POINT('Origin',(118.0000001,51.,-38.));
#16912=CARTESIAN_POINT('Origin',(114.2500001,44.5048094716167,-38.));
#16913=CARTESIAN_POINT('',(121.7500001,44.5048094716167,-30.));
#16914=CARTESIAN_POINT('',(121.7500001,44.5048094716167,-38.));
#16915=CARTESIAN_POINT('',(114.2500001,44.5048094716167,-30.));
#16916=CARTESIAN_POINT('',(114.2500001,44.5048094716167,-30.));
#16917=CARTESIAN_POINT('',(114.2500001,44.5048094716167,-38.));
#16918=CARTESIAN_POINT('Origin',(110.5000001,51.,-38.));
#16919=CARTESIAN_POINT('',(110.5000001,51.,-30.));
#16920=CARTESIAN_POINT('',(110.5000001,51.,-30.));
#16921=CARTESIAN_POINT('',(110.5000001,51.,-38.));
#16922=CARTESIAN_POINT('Origin',(114.2500001,57.4951905283833,-38.));
#16923=CARTESIAN_POINT('',(114.2500001,57.4951905283833,-30.));
#16924=CARTESIAN_POINT('',(114.2500001,57.4951905283833,-30.));
#16925=CARTESIAN_POINT('',(114.2500001,57.4951905283833,-38.));
#16926=CARTESIAN_POINT('Origin',(121.7500001,57.4951905283833,-38.));
#16927=CARTESIAN_POINT('',(121.7500001,57.4951905283833,-30.));
#16928=CARTESIAN_POINT('',(121.7500001,57.4951905283833,-30.));
#16929=CARTESIAN_POINT('',(121.7500001,57.4951905283833,-38.));
#16930=CARTESIAN_POINT('Origin',(125.5000001,51.,-38.));
#16931=CARTESIAN_POINT('',(125.5000001,51.,-30.));
#16932=CARTESIAN_POINT('',(125.5000001,51.,-30.));
#16933=CARTESIAN_POINT('',(125.5000001,51.,-38.));
#16934=CARTESIAN_POINT('Origin',(121.7500001,44.5048094716167,-38.));
#16935=CARTESIAN_POINT('',(121.7500001,44.5048094716167,-30.));
#16936=CARTESIAN_POINT('Origin',(118.0000001,51.,-30.));
#16937=CARTESIAN_POINT('Origin',(118.0000001,51.,-56.));
#16938=CARTESIAN_POINT('',(113.7000001,51.,-56.));
#16939=CARTESIAN_POINT('',(113.7000001,51.,-56.));
#16940=CARTESIAN_POINT('Origin',(118.0000001,51.,-56.));
#16941=CARTESIAN_POINT('Origin',(118.0000001,51.,-56.));
#16942=CARTESIAN_POINT('',(0.,0.,0.));
#16943=CARTESIAN_POINT('Origin',(-117.,-37.,-38.));
#16944=CARTESIAN_POINT('',(-117.,-45.,118.));
#16945=CARTESIAN_POINT('',(-125.,-37.,118.));
#16946=CARTESIAN_POINT('Origin',(-117.,-37.,118.));
#16947=CARTESIAN_POINT('',(-125.,-37.,-38.));
#16948=CARTESIAN_POINT('',(-125.,-37.,-38.));
#16949=CARTESIAN_POINT('',(-117.,-45.,-38.));
#16950=CARTESIAN_POINT('Origin',(-117.,-37.,-38.));
#16951=CARTESIAN_POINT('',(-117.,-45.,-38.));
#16952=CARTESIAN_POINT('Origin',(-125.,45.,-38.));
#16953=CARTESIAN_POINT('',(-125.,37.,118.));
#16954=CARTESIAN_POINT('',(-125.,45.,118.));
#16955=CARTESIAN_POINT('',(-125.,37.,-38.));
#16956=CARTESIAN_POINT('',(-125.,37.,-38.));
#16957=CARTESIAN_POINT('',(-125.,45.,-38.));
#16958=CARTESIAN_POINT('Origin',(0.,0.,118.));
#16959=CARTESIAN_POINT('',(117.,-45.,118.));
#16960=CARTESIAN_POINT('',(-125.,-45.,118.));
#16961=CARTESIAN_POINT('',(125.,-37.,118.));
#16962=CARTESIAN_POINT('Origin',(117.,-37.,118.));
#16963=CARTESIAN_POINT('',(125.,37.,118.));
#16964=CARTESIAN_POINT('',(125.,-45.,118.));
#16965=CARTESIAN_POINT('',(117.,45.,118.));
#16966=CARTESIAN_POINT('Origin',(117.,37.,118.));
#16967=CARTESIAN_POINT('',(-117.,45.,118.));
#16968=CARTESIAN_POINT('',(125.,45.,118.));
#16969=CARTESIAN_POINT('Origin',(-117.,37.,118.));
#16970=CARTESIAN_POINT('',(50.5,37.,118.));
#16971=CARTESIAN_POINT('Origin',(55.,37.,118.));
#16972=CARTESIAN_POINT('',(-59.5,37.,118.));
#16973=CARTESIAN_POINT('Origin',(-55.,37.,118.));
#16974=CARTESIAN_POINT('',(-114.5,37.,118.));
#16975=CARTESIAN_POINT('Origin',(-110.,37.,118.));
#16976=CARTESIAN_POINT('',(105.5,-37.,118.));
#16977=CARTESIAN_POINT('Origin',(110.,-37.,118.));
#16978=CARTESIAN_POINT('',(50.5,-37.,118.));
#16979=CARTESIAN_POINT('Origin',(55.,-37.,118.));
#16980=CARTESIAN_POINT('',(-4.49999999999999,-37.,118.));
#16981=CARTESIAN_POINT('Origin',(0.,-37.,118.));
#16982=CARTESIAN_POINT('',(-59.5,-37.,118.));
#16983=CARTESIAN_POINT('Origin',(-55.,-37.,118.));
#16984=CARTESIAN_POINT('',(-114.5,-37.,118.));
#16985=CARTESIAN_POINT('Origin',(-110.,-37.,118.));
#16986=CARTESIAN_POINT('',(-108.,30.,118.));
#16987=CARTESIAN_POINT('',(108.,30.,118.));
#16988=CARTESIAN_POINT('',(54.,30.,118.));
#16989=CARTESIAN_POINT('',(108.,-30.,118.));
#16990=CARTESIAN_POINT('',(108.,-15.,118.));
#16991=CARTESIAN_POINT('',(-108.,-30.,118.));
#16992=CARTESIAN_POINT('',(-54.,-30.,118.));
#16993=CARTESIAN_POINT('',(-108.,15.,118.));
#16994=CARTESIAN_POINT('',(-4.49999999999999,37.,118.));
#16995=CARTESIAN_POINT('Origin',(0.,37.,118.));
#16996=CARTESIAN_POINT('',(105.5,37.,118.));
#16997=CARTESIAN_POINT('Origin',(110.,37.,118.));
#16998=CARTESIAN_POINT('Origin',(117.,-37.,-38.));
#16999=CARTESIAN_POINT('',(117.,-45.,-38.));
#17000=CARTESIAN_POINT('',(117.,-45.,-38.));
#17001=CARTESIAN_POINT('',(125.,-37.,-38.));
#17002=CARTESIAN_POINT('Origin',(117.,-37.,-38.));
#17003=CARTESIAN_POINT('',(125.,-37.,-38.));
#17004=CARTESIAN_POINT('Origin',(125.,-45.,-38.));
#17005=CARTESIAN_POINT('',(125.,37.,-38.));
#17006=CARTESIAN_POINT('',(125.,-45.,-38.));
#17007=CARTESIAN_POINT('',(125.,37.,-38.));
#17008=CARTESIAN_POINT('Origin',(117.,37.,-38.));
#17009=CARTESIAN_POINT('',(117.,45.,-38.));
#17010=CARTESIAN_POINT('Origin',(117.,37.,-38.));
#17011=CARTESIAN_POINT('',(117.,45.,-38.));
#17012=CARTESIAN_POINT('Origin',(-117.,37.,-38.));
#17013=CARTESIAN_POINT('',(-117.,45.,-38.));
#17014=CARTESIAN_POINT('',(-117.,45.,-38.));
#17015=CARTESIAN_POINT('Origin',(-117.,37.,-38.));
#17016=CARTESIAN_POINT('Origin',(110.,37.,100.));
#17017=CARTESIAN_POINT('',(105.5,37.,100.));
#17018=CARTESIAN_POINT('Origin',(110.,37.,100.));
#17019=CARTESIAN_POINT('',(105.5,37.,100.));
#17020=CARTESIAN_POINT('Origin',(110.,37.,100.));
#17021=CARTESIAN_POINT('Origin',(55.,37.,100.));
#17022=CARTESIAN_POINT('',(50.5,37.,100.));
#17023=CARTESIAN_POINT('Origin',(55.,37.,100.));
#17024=CARTESIAN_POINT('',(50.5,37.,100.));
#17025=CARTESIAN_POINT('Origin',(55.,37.,100.));
#17026=CARTESIAN_POINT('Origin',(0.,37.,100.));
#17027=CARTESIAN_POINT('',(-4.49999999999999,37.,100.));
#17028=CARTESIAN_POINT('Origin',(0.,37.,100.));
#17029=CARTESIAN_POINT('',(-4.49999999999999,37.,100.));
#17030=CARTESIAN_POINT('Origin',(0.,37.,100.));
#17031=CARTESIAN_POINT('Origin',(-55.,37.,100.));
#17032=CARTESIAN_POINT('',(-59.5,37.,100.));
#17033=CARTESIAN_POINT('Origin',(-55.,37.,100.));
#17034=CARTESIAN_POINT('',(-59.5,37.,100.));
#17035=CARTESIAN_POINT('Origin',(-55.,37.,100.));
#17036=CARTESIAN_POINT('Origin',(-110.,37.,100.));
#17037=CARTESIAN_POINT('',(-114.5,37.,100.));
#17038=CARTESIAN_POINT('Origin',(-110.,37.,100.));
#17039=CARTESIAN_POINT('',(-114.5,37.,100.));
#17040=CARTESIAN_POINT('Origin',(-110.,37.,100.));
#17041=CARTESIAN_POINT('Origin',(110.,-37.,100.));
#17042=CARTESIAN_POINT('',(105.5,-37.,100.));
#17043=CARTESIAN_POINT('Origin',(110.,-37.,100.));
#17044=CARTESIAN_POINT('',(105.5,-37.,106.));
#17045=CARTESIAN_POINT('',(105.5,-37.,100.));
#17046=CARTESIAN_POINT('',(105.5,-37.,100.));
#17047=CARTESIAN_POINT('',(105.5,-37.,100.));
#17048=CARTESIAN_POINT('Origin',(110.,-37.,100.));
#17049=CARTESIAN_POINT('Origin',(55.,-37.,100.));
#17050=CARTESIAN_POINT('',(50.5,-37.,100.));
#17051=CARTESIAN_POINT('',(59.5,-37.,100.));
#17052=CARTESIAN_POINT('Origin',(55.,-37.,100.));
#17053=CARTESIAN_POINT('',(50.5,-37.,106.));
#17054=CARTESIAN_POINT('',(50.5,-37.,100.));
#17055=CARTESIAN_POINT('',(50.5,-37.,100.));
#17056=CARTESIAN_POINT('',(50.5,-37.,100.));
#17057=CARTESIAN_POINT('Origin',(55.,-37.,100.));
#17058=CARTESIAN_POINT('',(59.5,-37.,106.));
#17059=CARTESIAN_POINT('',(59.5,-37.,100.));
#17060=CARTESIAN_POINT('',(59.5,-37.,100.));
#17061=CARTESIAN_POINT('Origin',(55.,-37.,100.));
#17062=CARTESIAN_POINT('Origin',(0.,-37.,100.));
#17063=CARTESIAN_POINT('',(-4.49999999999999,-37.,100.));
#17064=CARTESIAN_POINT('',(4.49999999999999,-37.,100.));
#17065=CARTESIAN_POINT('Origin',(0.,-37.,100.));
#17066=CARTESIAN_POINT('',(-4.5,-37.,106.));
#17067=CARTESIAN_POINT('',(-4.5,-37.,100.));
#17068=CARTESIAN_POINT('',(-4.49999999999999,-37.,100.));
#17069=CARTESIAN_POINT('',(-4.5,-37.,100.));
#17070=CARTESIAN_POINT('Origin',(0.,-37.,100.));
#17071=CARTESIAN_POINT('',(4.49999999999999,-37.,106.));
#17072=CARTESIAN_POINT('',(4.49999999999999,-37.,100.));
#17073=CARTESIAN_POINT('',(4.49999999999999,-37.,100.));
#17074=CARTESIAN_POINT('Origin',(0.,-37.,100.));
#17075=CARTESIAN_POINT('Origin',(-55.,-37.,100.));
#17076=CARTESIAN_POINT('',(-59.5,-37.,100.));
#17077=CARTESIAN_POINT('',(-50.5,-37.,100.));
#17078=CARTESIAN_POINT('Origin',(-55.,-37.,100.));
#17079=CARTESIAN_POINT('',(-59.5,-37.,106.));
#17080=CARTESIAN_POINT('',(-59.5,-37.,100.));
#17081=CARTESIAN_POINT('',(-59.5,-37.,100.));
#17082=CARTESIAN_POINT('',(-59.5,-37.,100.));
#17083=CARTESIAN_POINT('Origin',(-55.,-37.,100.));
#17084=CARTESIAN_POINT('',(-50.5,-37.,106.));
#17085=CARTESIAN_POINT('',(-50.5,-37.,100.));
#17086=CARTESIAN_POINT('',(-50.5,-37.,100.));
#17087=CARTESIAN_POINT('Origin',(-55.,-37.,100.));
#17088=CARTESIAN_POINT('Origin',(-110.,-37.,100.));
#17089=CARTESIAN_POINT('',(-105.5,-37.,100.));
#17090=CARTESIAN_POINT('',(-114.5,-37.,100.));
#17091=CARTESIAN_POINT('Origin',(-110.,-37.,100.));
#17092=CARTESIAN_POINT('',(-105.5,-37.,106.));
#17093=CARTESIAN_POINT('',(-105.5,-37.,100.));
#17094=CARTESIAN_POINT('',(-105.5,-37.,100.));
#17095=CARTESIAN_POINT('Origin',(-110.,-37.,100.));
#17096=CARTESIAN_POINT('',(-114.5,-37.,100.));
#17097=CARTESIAN_POINT('Origin',(-110.,-37.,100.));
#17098=CARTESIAN_POINT('Origin',(-108.,-30.,106.));
#17099=CARTESIAN_POINT('',(108.,-30.,106.));
#17100=CARTESIAN_POINT('',(108.,-30.,106.));
#17101=CARTESIAN_POINT('',(105.5,-30.,106.));
#17102=CARTESIAN_POINT('',(-108.,-30.,106.));
#17103=CARTESIAN_POINT('',(59.5,-30.,106.));
#17104=CARTESIAN_POINT('',(-12.75,-30.,106.));
#17105=CARTESIAN_POINT('',(50.5,-30.,106.));
#17106=CARTESIAN_POINT('',(-108.,-30.,106.));
#17107=CARTESIAN_POINT('',(4.49999999999999,-30.,106.));
#17108=CARTESIAN_POINT('',(-40.25,-30.,106.));
#17109=CARTESIAN_POINT('',(-4.5,-30.,106.));
#17110=CARTESIAN_POINT('',(-108.,-30.,106.));
#17111=CARTESIAN_POINT('',(-50.5,-30.,106.));
#17112=CARTESIAN_POINT('',(-67.75,-30.,106.));
#17113=CARTESIAN_POINT('',(-59.5,-30.,106.));
#17114=CARTESIAN_POINT('',(-108.,-30.,106.));
#17115=CARTESIAN_POINT('',(-105.5,-30.,106.));
#17116=CARTESIAN_POINT('',(-95.25,-30.,106.));
#17117=CARTESIAN_POINT('',(-108.,-30.,106.));
#17118=CARTESIAN_POINT('',(-108.,-30.,106.));
#17119=CARTESIAN_POINT('',(-108.,-30.,106.));
#17120=CARTESIAN_POINT('Origin',(-108.,30.,106.));
#17121=CARTESIAN_POINT('',(-108.,30.,106.));
#17122=CARTESIAN_POINT('',(-108.,30.,106.));
#17123=CARTESIAN_POINT('',(-108.,30.,106.));
#17124=CARTESIAN_POINT('Origin',(0.,0.,106.));
#17125=CARTESIAN_POINT('',(59.5,-21.,106.));
#17126=CARTESIAN_POINT('',(59.5,-21.,106.));
#17127=CARTESIAN_POINT('',(75.942561475698,-21.,106.));
#17128=CARTESIAN_POINT('',(105.5,-21.,106.));
#17129=CARTESIAN_POINT('',(89.057438524302,-21.,106.));
#17130=CARTESIAN_POINT('Origin',(82.5,0.,106.));
#17131=CARTESIAN_POINT('',(105.5,-21.,106.));
#17132=CARTESIAN_POINT('',(105.5,-21.,106.));
#17133=CARTESIAN_POINT('',(105.5,-46.,106.));
#17134=CARTESIAN_POINT('',(108.,30.,106.));
#17135=CARTESIAN_POINT('',(108.,-30.,106.));
#17136=CARTESIAN_POINT('',(108.,30.,106.));
#17137=CARTESIAN_POINT('',(-105.5,-21.,106.));
#17138=CARTESIAN_POINT('',(-105.5,-21.,106.));
#17139=CARTESIAN_POINT('',(-89.057438524302,-21.,106.));
#17140=CARTESIAN_POINT('',(-59.5,-21.,106.));
#17141=CARTESIAN_POINT('',(-75.942561475698,-21.,106.));
#17142=CARTESIAN_POINT('Origin',(-82.5,0.,106.));
#17143=CARTESIAN_POINT('',(-59.5,-21.,106.));
#17144=CARTESIAN_POINT('',(-59.5,-21.,106.));
#17145=CARTESIAN_POINT('',(-59.5,-46.,106.));
#17146=CARTESIAN_POINT('',(-50.5,-21.,106.));
#17147=CARTESIAN_POINT('',(-50.5,-21.,106.));
#17148=CARTESIAN_POINT('',(-34.057438524302,-21.,106.));
#17149=CARTESIAN_POINT('',(-4.5,-21.,106.));
#17150=CARTESIAN_POINT('',(-20.942561475698,-21.,106.));
#17151=CARTESIAN_POINT('Origin',(-27.5,0.,106.));
#17152=CARTESIAN_POINT('',(-4.5,-21.,106.));
#17153=CARTESIAN_POINT('',(-4.5,-21.,106.));
#17154=CARTESIAN_POINT('',(-4.5,-46.,106.));
#17155=CARTESIAN_POINT('',(4.49999999999999,-21.,106.));
#17156=CARTESIAN_POINT('',(4.49999999999999,-21.,106.));
#17157=CARTESIAN_POINT('',(20.942561475698,-21.,106.));
#17158=CARTESIAN_POINT('',(50.5,-21.,106.));
#17159=CARTESIAN_POINT('',(34.057438524302,-21.,106.));
#17160=CARTESIAN_POINT('Origin',(27.5,0.,106.));
#17161=CARTESIAN_POINT('',(50.5,-21.,106.));
#17162=CARTESIAN_POINT('',(50.5,-21.,106.));
#17163=CARTESIAN_POINT('',(50.5,-46.,106.));
#17164=CARTESIAN_POINT('Origin',(108.,30.,106.));
#17165=CARTESIAN_POINT('',(108.,30.,106.));
#17166=CARTESIAN_POINT('Origin',(108.,-30.,106.));
#17167=CARTESIAN_POINT('Origin',(82.5,-33.5,106.));
#17168=CARTESIAN_POINT('',(105.5,-46.,106.));
#17169=CARTESIAN_POINT('',(105.5,-45.,106.));
#17170=CARTESIAN_POINT('',(105.5,-46.,106.));
#17171=CARTESIAN_POINT('',(59.5,-45.,106.));
#17172=CARTESIAN_POINT('',(-21.25,-45.,106.));
#17173=CARTESIAN_POINT('',(59.5,-21.,106.));
#17174=CARTESIAN_POINT('',(59.5,-21.,106.));
#17175=CARTESIAN_POINT('Origin',(27.5,-33.5,106.));
#17176=CARTESIAN_POINT('',(50.5,-46.,106.));
#17177=CARTESIAN_POINT('',(50.5,-45.,106.));
#17178=CARTESIAN_POINT('',(50.5,-46.,106.));
#17179=CARTESIAN_POINT('',(4.49999999999999,-45.,106.));
#17180=CARTESIAN_POINT('',(-48.75,-45.,106.));
#17181=CARTESIAN_POINT('',(4.49999999999999,-21.,106.));
#17182=CARTESIAN_POINT('',(4.49999999999999,-21.,106.));
#17183=CARTESIAN_POINT('Origin',(-27.5,-33.5,106.));
#17184=CARTESIAN_POINT('',(-4.5,-46.,106.));
#17185=CARTESIAN_POINT('',(-4.5,-45.,106.));
#17186=CARTESIAN_POINT('',(-4.5,-46.,106.));
#17187=CARTESIAN_POINT('',(-50.5,-45.,106.));
#17188=CARTESIAN_POINT('',(-76.25,-45.,106.));
#17189=CARTESIAN_POINT('',(-50.5,-21.,106.));
#17190=CARTESIAN_POINT('',(-50.5,-21.,106.));
#17191=CARTESIAN_POINT('Origin',(-82.5,-33.5,106.));
#17192=CARTESIAN_POINT('',(-59.5,-46.,106.));
#17193=CARTESIAN_POINT('',(-59.5,-45.,106.));
#17194=CARTESIAN_POINT('',(-59.5,-46.,106.));
#17195=CARTESIAN_POINT('',(-105.5,-45.,106.));
#17196=CARTESIAN_POINT('',(-103.75,-45.,106.));
#17197=CARTESIAN_POINT('',(-105.5,-21.,106.));
#17198=CARTESIAN_POINT('',(-105.5,-21.,106.));
#17199=CARTESIAN_POINT('Origin',(105.5,-21.,-34.));
#17200=CARTESIAN_POINT('',(75.942561475698,-21.,34.));
#17201=CARTESIAN_POINT('',(75.942561475698,-21.,30.));
#17202=CARTESIAN_POINT('',(59.5,-21.,34.));
#17203=CARTESIAN_POINT('',(59.5,-21.,-34.));
#17204=CARTESIAN_POINT('',(52.75,-21.,34.));
#17205=CARTESIAN_POINT('Origin',(59.5,-21.,-34.));
#17206=CARTESIAN_POINT('',(59.5,-35.,34.));
#17207=CARTESIAN_POINT('',(59.5,-10.5,34.));
#17208=CARTESIAN_POINT('',(59.5,-45.,-34.));
#17209=CARTESIAN_POINT('',(59.5,-45.,-36.));
#17210=CARTESIAN_POINT('',(59.5,-35.,-34.));
#17211=CARTESIAN_POINT('',(59.5,-21.,-34.));
#17212=CARTESIAN_POINT('',(59.5,-35.,-36.5));
#17213=CARTESIAN_POINT('Origin',(105.5,-21.,-34.));
#17214=CARTESIAN_POINT('',(89.057438524302,-21.,34.));
#17215=CARTESIAN_POINT('',(89.057438524302,-21.,30.));
#17216=CARTESIAN_POINT('',(105.5,-21.,34.));
#17217=CARTESIAN_POINT('',(52.75,-21.,34.));
#17218=CARTESIAN_POINT('',(105.5,-21.,-34.));
#17219=CARTESIAN_POINT('Origin',(105.5,-46.,-34.));
#17220=CARTESIAN_POINT('',(105.5,-35.,34.));
#17221=CARTESIAN_POINT('',(105.5,-23.,34.));
#17222=CARTESIAN_POINT('',(105.5,-35.,-34.));
#17223=CARTESIAN_POINT('',(105.5,-35.,-36.5));
#17224=CARTESIAN_POINT('',(105.5,-45.,-34.));
#17225=CARTESIAN_POINT('',(105.5,-46.,-34.));
#17226=CARTESIAN_POINT('',(105.5,-45.,-36.));
#17227=CARTESIAN_POINT('Origin',(82.5,-33.5,-34.));
#17228=CARTESIAN_POINT('',(-17.75,-35.,-34.));
#17229=CARTESIAN_POINT('',(-21.25,-45.,-34.));
#17230=CARTESIAN_POINT('Origin',(82.5,0.,30.));
#17231=CARTESIAN_POINT('Origin',(82.5,0.,34.));
#17232=CARTESIAN_POINT('Origin',(50.5,-21.,-34.));
#17233=CARTESIAN_POINT('',(20.942561475698,-21.,34.));
#17234=CARTESIAN_POINT('',(20.942561475698,-21.,30.));
#17235=CARTESIAN_POINT('',(4.49999999999999,-21.,34.));
#17236=CARTESIAN_POINT('',(4.49999999999999,-21.,-34.));
#17237=CARTESIAN_POINT('',(25.25,-21.,34.));
#17238=CARTESIAN_POINT('Origin',(4.49999999999999,-21.,-34.));
#17239=CARTESIAN_POINT('',(4.49999999999999,-35.,34.));
#17240=CARTESIAN_POINT('',(4.49999999999999,-10.5,34.));
#17241=CARTESIAN_POINT('',(4.49999999999999,-45.,-34.));
#17242=CARTESIAN_POINT('',(4.49999999999999,-45.,-36.));
#17243=CARTESIAN_POINT('',(4.49999999999999,-35.,-34.));
#17244=CARTESIAN_POINT('',(4.49999999999999,-21.,-34.));
#17245=CARTESIAN_POINT('',(4.49999999999999,-35.,-36.5));
#17246=CARTESIAN_POINT('Origin',(50.5,-21.,-34.));
#17247=CARTESIAN_POINT('',(34.057438524302,-21.,34.));
#17248=CARTESIAN_POINT('',(34.057438524302,-21.,30.));
#17249=CARTESIAN_POINT('',(50.5,-21.,34.));
#17250=CARTESIAN_POINT('',(25.25,-21.,34.));
#17251=CARTESIAN_POINT('',(50.5,-21.,-34.));
#17252=CARTESIAN_POINT('Origin',(50.5,-46.,-34.));
#17253=CARTESIAN_POINT('',(50.5,-35.,34.));
#17254=CARTESIAN_POINT('',(50.5,-23.,34.));
#17255=CARTESIAN_POINT('',(50.5,-35.,-34.));
#17256=CARTESIAN_POINT('',(50.5,-35.,-36.5));
#17257=CARTESIAN_POINT('',(50.5,-45.,-34.));
#17258=CARTESIAN_POINT('',(50.5,-46.,-34.));
#17259=CARTESIAN_POINT('',(50.5,-45.,-36.));
#17260=CARTESIAN_POINT('Origin',(27.5,-33.5,-34.));
#17261=CARTESIAN_POINT('',(-45.25,-35.,-34.));
#17262=CARTESIAN_POINT('',(-48.75,-45.,-34.));
#17263=CARTESIAN_POINT('Origin',(27.5,0.,30.));
#17264=CARTESIAN_POINT('Origin',(27.5,0.,34.));
#17265=CARTESIAN_POINT('Origin',(-4.5,-21.,-34.));
#17266=CARTESIAN_POINT('',(-34.057438524302,-21.,34.));
#17267=CARTESIAN_POINT('',(-34.057438524302,-21.,30.));
#17268=CARTESIAN_POINT('',(-50.5,-21.,34.));
#17269=CARTESIAN_POINT('',(-50.5,-21.,-34.));
#17270=CARTESIAN_POINT('',(-2.25,-21.,34.));
#17271=CARTESIAN_POINT('Origin',(-50.5,-21.,-34.));
#17272=CARTESIAN_POINT('',(-50.5,-35.,34.));
#17273=CARTESIAN_POINT('',(-50.5,-10.5,34.));
#17274=CARTESIAN_POINT('',(-50.5,-45.,-34.));
#17275=CARTESIAN_POINT('',(-50.5,-45.,-36.));
#17276=CARTESIAN_POINT('',(-50.5,-35.,-34.));
#17277=CARTESIAN_POINT('',(-50.5,-21.,-34.));
#17278=CARTESIAN_POINT('',(-50.5,-35.,-36.5));
#17279=CARTESIAN_POINT('Origin',(-4.5,-21.,-34.));
#17280=CARTESIAN_POINT('',(-20.942561475698,-21.,34.));
#17281=CARTESIAN_POINT('',(-20.942561475698,-21.,30.));
#17282=CARTESIAN_POINT('',(-4.5,-21.,34.));
#17283=CARTESIAN_POINT('',(-2.25,-21.,34.));
#17284=CARTESIAN_POINT('',(-4.5,-21.,-34.));
#17285=CARTESIAN_POINT('Origin',(-4.5,-46.,-34.));
#17286=CARTESIAN_POINT('',(-4.49999999999999,-35.,34.));
#17287=CARTESIAN_POINT('',(-4.5,-23.,34.));
#17288=CARTESIAN_POINT('',(-4.5,-35.,-34.));
#17289=CARTESIAN_POINT('',(-4.49999999999999,-35.,-36.5));
#17290=CARTESIAN_POINT('',(-4.5,-45.,-34.));
#17291=CARTESIAN_POINT('',(-4.5,-46.,-34.));
#17292=CARTESIAN_POINT('',(-4.49999999999999,-45.,-36.));
#17293=CARTESIAN_POINT('Origin',(-27.5,-33.5,-34.));
#17294=CARTESIAN_POINT('',(-72.75,-35.,-34.));
#17295=CARTESIAN_POINT('',(-76.25,-45.,-34.));
#17296=CARTESIAN_POINT('Origin',(-27.5,0.,30.));
#17297=CARTESIAN_POINT('Origin',(-27.5,0.,34.));
#17298=CARTESIAN_POINT('Origin',(-59.5,-21.,-34.));
#17299=CARTESIAN_POINT('',(-89.057438524302,-21.,34.));
#17300=CARTESIAN_POINT('',(-89.057438524302,-21.,30.));
#17301=CARTESIAN_POINT('',(-105.5,-21.,34.));
#17302=CARTESIAN_POINT('',(-105.5,-21.,-34.));
#17303=CARTESIAN_POINT('',(-29.75,-21.,34.));
#17304=CARTESIAN_POINT('Origin',(-105.5,-21.,-34.));
#17305=CARTESIAN_POINT('',(-105.5,-35.,34.));
#17306=CARTESIAN_POINT('',(-105.5,-10.5,34.));
#17307=CARTESIAN_POINT('',(-105.5,-45.,-34.));
#17308=CARTESIAN_POINT('',(-105.5,-45.,-36.));
#17309=CARTESIAN_POINT('',(-105.5,-35.,-34.));
#17310=CARTESIAN_POINT('',(-105.5,-21.,-34.));
#17311=CARTESIAN_POINT('',(-105.5,-35.,-36.5));
#17312=CARTESIAN_POINT('Origin',(-59.5,-21.,-34.));
#17313=CARTESIAN_POINT('',(-75.942561475698,-21.,34.));
#17314=CARTESIAN_POINT('',(-75.942561475698,-21.,30.));
#17315=CARTESIAN_POINT('',(-59.5,-21.,34.));
#17316=CARTESIAN_POINT('',(-29.75,-21.,34.));
#17317=CARTESIAN_POINT('',(-59.5,-21.,-34.));
#17318=CARTESIAN_POINT('Origin',(-59.5,-46.,-34.));
#17319=CARTESIAN_POINT('',(-59.5,-35.,34.));
#17320=CARTESIAN_POINT('',(-59.5,-23.,34.));
#17321=CARTESIAN_POINT('',(-59.5,-35.,-34.));
#17322=CARTESIAN_POINT('',(-59.5,-35.,-36.5));
#17323=CARTESIAN_POINT('',(-59.5,-45.,-34.));
#17324=CARTESIAN_POINT('',(-59.5,-46.,-34.));
#17325=CARTESIAN_POINT('',(-59.5,-45.,-36.));
#17326=CARTESIAN_POINT('Origin',(-82.5,-33.5,-34.));
#17327=CARTESIAN_POINT('',(-100.25,-35.,-34.));
#17328=CARTESIAN_POINT('',(-103.75,-45.,-34.));
#17329=CARTESIAN_POINT('Origin',(-82.5,0.,30.));
#17330=CARTESIAN_POINT('Origin',(-82.5,0.,34.));
#17331=CARTESIAN_POINT('Origin',(-118.,-35.,-39.));
#17332=CARTESIAN_POINT('',(118.,-35.,34.));
#17333=CARTESIAN_POINT('',(-118.,-35.,34.));
#17334=CARTESIAN_POINT('',(118.,-35.,-38.));
#17335=CARTESIAN_POINT('',(118.,-35.,-39.));
#17336=CARTESIAN_POINT('',(-118.,-35.,-38.));
#17337=CARTESIAN_POINT('',(-59.,-35.,-38.));
#17338=CARTESIAN_POINT('',(-118.,-35.,34.));
#17339=CARTESIAN_POINT('',(-118.,-35.,-39.));
#17340=CARTESIAN_POINT('',(-118.,-35.,34.));
#17341=CARTESIAN_POINT('',(-118.,-35.,34.));
#17342=CARTESIAN_POINT('',(-118.,-35.,34.));
#17343=CARTESIAN_POINT('',(-118.,-35.,34.));
#17344=CARTESIAN_POINT('Origin',(118.,-35.,-39.));
#17345=CARTESIAN_POINT('',(118.,35.,-38.));
#17346=CARTESIAN_POINT('',(118.,-17.5,-38.));
#17347=CARTESIAN_POINT('',(118.,35.,34.));
#17348=CARTESIAN_POINT('',(118.,-35.,34.));
#17349=CARTESIAN_POINT('',(118.,35.,-39.));
#17350=CARTESIAN_POINT('Origin',(118.,35.,-39.));
#17351=CARTESIAN_POINT('',(-118.,35.,-38.));
#17352=CARTESIAN_POINT('',(59.,35.,-38.));
#17353=CARTESIAN_POINT('',(-118.,35.,34.));
#17354=CARTESIAN_POINT('',(118.,35.,34.));
#17355=CARTESIAN_POINT('',(-118.,35.,-39.));
#17356=CARTESIAN_POINT('Origin',(-118.,35.,-39.));
#17357=CARTESIAN_POINT('',(-118.,17.5,-38.));
#17358=CARTESIAN_POINT('',(-118.,35.,34.));
#17359=CARTESIAN_POINT('Origin',(0.,0.,34.));
#17360=CARTESIAN_POINT('Origin',(125.,45.,-38.));
#17361=CARTESIAN_POINT('',(125.,45.,-38.));
#17362=CARTESIAN_POINT('Origin',(-125.,-45.,-38.));
#17363=CARTESIAN_POINT('',(-125.,-45.,-38.));
#17364=CARTESIAN_POINT('Origin',(0.,0.,-38.));
#17365=CARTESIAN_POINT('',(0.,0.,0.));
#17366=CARTESIAN_POINT('Origin',(-82.5,-22.,108.));
#17367=CARTESIAN_POINT('',(-68.2171431429143,-14.,108.));
#17368=CARTESIAN_POINT('',(-96.7828568570857,-14.,108.));
#17369=CARTESIAN_POINT('Origin',(-82.5,0.,108.));
#17370=CARTESIAN_POINT('',(-65.5294372515229,-14.,108.));
#17371=CARTESIAN_POINT('',(-57.5,-14.,108.));
#17372=CARTESIAN_POINT('',(-99.4705627484771,-14.,108.));
#17373=CARTESIAN_POINT('Origin',(-82.5,0.,108.));
#17374=CARTESIAN_POINT('',(-57.5,-14.,108.));
#17375=CARTESIAN_POINT('Origin',(-57.5,-14.,40.));
#17376=CARTESIAN_POINT('',(-96.7828568570857,-14.,40.));
#17377=CARTESIAN_POINT('',(-96.7828568570857,-14.,30.));
#17378=CARTESIAN_POINT('',(-99.4705627484771,-14.,40.));
#17379=CARTESIAN_POINT('',(-99.4705627484771,-14.,30.));
#17380=CARTESIAN_POINT('',(-57.5,-14.,40.));
#17381=CARTESIAN_POINT('Origin',(-57.5,-14.,40.));
#17382=CARTESIAN_POINT('',(-68.2171431429143,-14.,40.));
#17383=CARTESIAN_POINT('',(-68.2171431429143,-14.,30.));
#17384=CARTESIAN_POINT('',(-65.5294372515229,-14.,40.));
#17385=CARTESIAN_POINT('',(-57.5,-14.,40.));
#17386=CARTESIAN_POINT('',(-65.5294372515229,-14.,30.));
#17387=CARTESIAN_POINT('Origin',(-82.5,-22.,40.));
#17388=CARTESIAN_POINT('Origin',(-82.5,0.,40.));
#17389=CARTESIAN_POINT('Origin',(-82.5,0.,40.));
#17390=CARTESIAN_POINT('Origin',(-82.5,0.,110.));
#17391=CARTESIAN_POINT('',(-106.5,-2.93915231795365E-15,110.));
#17392=CARTESIAN_POINT('Origin',(-82.5,0.,110.));
#17393=CARTESIAN_POINT('',(-104.5,2.69422295812418E-15,110.));
#17394=CARTESIAN_POINT('Origin',(-82.5,0.,110.));
#17395=CARTESIAN_POINT('Origin',(-82.5,0.,110.));
#17396=CARTESIAN_POINT('',(-106.5,-2.93915231795365E-15,118.));
#17397=CARTESIAN_POINT('Origin',(-82.5,0.,118.));
#17398=CARTESIAN_POINT('',(-106.5,-2.93915231795365E-15,110.));
#17399=CARTESIAN_POINT('Origin',(-82.5,0.,30.));
#17400=CARTESIAN_POINT('',(-102.5,-2.44929359829471E-15,118.));
#17401=CARTESIAN_POINT('Origin',(-82.5,0.,118.));
#17402=CARTESIAN_POINT('',(-102.5,-2.44929359829471E-15,30.));
#17403=CARTESIAN_POINT('',(-102.5,-2.44929359829471E-15,30.));
#17404=CARTESIAN_POINT('Origin',(-82.5,0.,30.));
#17405=CARTESIAN_POINT('Origin',(-82.5,0.,30.));
#17406=CARTESIAN_POINT('',(-104.5,-2.69422295812418E-15,30.));
#17407=CARTESIAN_POINT('',(-104.5,-2.69422295812418E-15,30.));
#17408=CARTESIAN_POINT('Origin',(-82.5,0.,30.));
#17409=CARTESIAN_POINT('Origin',(-82.5,0.,118.));
#17410=CARTESIAN_POINT('Origin',(-82.5,0.,30.));
#17411=CARTESIAN_POINT('',(0.,0.,0.));
#17412=CARTESIAN_POINT('Origin',(-27.5,-22.,108.));
#17413=CARTESIAN_POINT('',(-13.2171431429143,-14.,108.));
#17414=CARTESIAN_POINT('',(-41.7828568570857,-14.,108.));
#17415=CARTESIAN_POINT('Origin',(-27.5,0.,108.));
#17416=CARTESIAN_POINT('',(-10.5294372515229,-14.,108.));
#17417=CARTESIAN_POINT('',(-2.5,-14.,108.));
#17418=CARTESIAN_POINT('',(-44.4705627484771,-14.,108.));
#17419=CARTESIAN_POINT('Origin',(-27.5,0.,108.));
#17420=CARTESIAN_POINT('',(-2.5,-14.,108.));
#17421=CARTESIAN_POINT('Origin',(-2.5,-14.,40.));
#17422=CARTESIAN_POINT('',(-41.7828568570857,-14.,40.));
#17423=CARTESIAN_POINT('',(-41.7828568570857,-14.,30.));
#17424=CARTESIAN_POINT('',(-44.4705627484771,-14.,40.));
#17425=CARTESIAN_POINT('',(-44.4705627484771,-14.,30.));
#17426=CARTESIAN_POINT('',(-2.5,-14.,40.));
#17427=CARTESIAN_POINT('Origin',(-2.5,-14.,40.));
#17428=CARTESIAN_POINT('',(-13.2171431429143,-14.,40.));
#17429=CARTESIAN_POINT('',(-13.2171431429143,-14.,30.));
#17430=CARTESIAN_POINT('',(-10.5294372515229,-14.,40.));
#17431=CARTESIAN_POINT('',(-2.5,-14.,40.));
#17432=CARTESIAN_POINT('',(-10.5294372515229,-14.,30.));
#17433=CARTESIAN_POINT('Origin',(-27.5,-22.,40.));
#17434=CARTESIAN_POINT('Origin',(-27.5,0.,40.));
#17435=CARTESIAN_POINT('Origin',(-27.5,0.,40.));
#17436=CARTESIAN_POINT('Origin',(-27.5,0.,110.));
#17437=CARTESIAN_POINT('',(-51.5,-2.93915231795365E-15,110.));
#17438=CARTESIAN_POINT('Origin',(-27.5,0.,110.));
#17439=CARTESIAN_POINT('',(-49.5,2.69422295812418E-15,110.));
#17440=CARTESIAN_POINT('Origin',(-27.5,0.,110.));
#17441=CARTESIAN_POINT('Origin',(-27.5,0.,110.));
#17442=CARTESIAN_POINT('',(-51.5,-2.93915231795365E-15,118.));
#17443=CARTESIAN_POINT('Origin',(-27.5,0.,118.));
#17444=CARTESIAN_POINT('',(-51.5,-2.93915231795365E-15,110.));
#17445=CARTESIAN_POINT('Origin',(-27.5,0.,30.));
#17446=CARTESIAN_POINT('',(-47.5,-2.44929359829471E-15,118.));
#17447=CARTESIAN_POINT('Origin',(-27.5,0.,118.));
#17448=CARTESIAN_POINT('',(-47.5,-2.44929359829471E-15,30.));
#17449=CARTESIAN_POINT('',(-47.5,-2.44929359829471E-15,30.));
#17450=CARTESIAN_POINT('Origin',(-27.5,0.,30.));
#17451=CARTESIAN_POINT('Origin',(-27.5,0.,30.));
#17452=CARTESIAN_POINT('',(-49.5,-2.69422295812418E-15,30.));
#17453=CARTESIAN_POINT('',(-49.5,-2.69422295812418E-15,30.));
#17454=CARTESIAN_POINT('Origin',(-27.5,0.,30.));
#17455=CARTESIAN_POINT('Origin',(-27.5,0.,118.));
#17456=CARTESIAN_POINT('Origin',(-27.5,0.,30.));
#17457=CARTESIAN_POINT('',(0.,0.,0.));
#17458=CARTESIAN_POINT('Origin',(27.5,-22.,108.));
#17459=CARTESIAN_POINT('',(41.7828568570857,-14.,108.));
#17460=CARTESIAN_POINT('',(13.2171431429143,-14.,108.));
#17461=CARTESIAN_POINT('Origin',(27.5,0.,108.));
#17462=CARTESIAN_POINT('',(44.4705627484771,-14.,108.));
#17463=CARTESIAN_POINT('',(52.5,-14.,108.));
#17464=CARTESIAN_POINT('',(10.5294372515229,-14.,108.));
#17465=CARTESIAN_POINT('Origin',(27.5,0.,108.));
#17466=CARTESIAN_POINT('',(52.5,-14.,108.));
#17467=CARTESIAN_POINT('Origin',(52.5,-14.,40.));
#17468=CARTESIAN_POINT('',(13.2171431429143,-14.,40.));
#17469=CARTESIAN_POINT('',(13.2171431429143,-14.,30.));
#17470=CARTESIAN_POINT('',(10.5294372515229,-14.,40.));
#17471=CARTESIAN_POINT('',(10.5294372515229,-14.,30.));
#17472=CARTESIAN_POINT('',(52.5,-14.,40.));
#17473=CARTESIAN_POINT('Origin',(52.5,-14.,40.));
#17474=CARTESIAN_POINT('',(41.7828568570857,-14.,40.));
#17475=CARTESIAN_POINT('',(41.7828568570857,-14.,30.));
#17476=CARTESIAN_POINT('',(44.4705627484771,-14.,40.));
#17477=CARTESIAN_POINT('',(52.5,-14.,40.));
#17478=CARTESIAN_POINT('',(44.4705627484771,-14.,30.));
#17479=CARTESIAN_POINT('Origin',(27.5,-22.,40.));
#17480=CARTESIAN_POINT('Origin',(27.5,0.,40.));
#17481=CARTESIAN_POINT('Origin',(27.5,0.,40.));
#17482=CARTESIAN_POINT('Origin',(27.5,0.,110.));
#17483=CARTESIAN_POINT('',(3.5,-2.93915231795365E-15,110.));
#17484=CARTESIAN_POINT('Origin',(27.5,0.,110.));
#17485=CARTESIAN_POINT('',(5.5,2.69422295812418E-15,110.));
#17486=CARTESIAN_POINT('Origin',(27.5,0.,110.));
#17487=CARTESIAN_POINT('Origin',(27.5,0.,110.));
#17488=CARTESIAN_POINT('',(3.5,-2.93915231795365E-15,118.));
#17489=CARTESIAN_POINT('Origin',(27.5,0.,118.));
#17490=CARTESIAN_POINT('',(3.5,-2.93915231795365E-15,110.));
#17491=CARTESIAN_POINT('Origin',(27.5,0.,30.));
#17492=CARTESIAN_POINT('',(7.5,-2.44929359829471E-15,118.));
#17493=CARTESIAN_POINT('Origin',(27.5,0.,118.));
#17494=CARTESIAN_POINT('',(7.5,-2.44929359829471E-15,30.));
#17495=CARTESIAN_POINT('',(7.5,-2.44929359829471E-15,30.));
#17496=CARTESIAN_POINT('Origin',(27.5,0.,30.));
#17497=CARTESIAN_POINT('Origin',(27.5,0.,30.));
#17498=CARTESIAN_POINT('',(5.5,-2.69422295812418E-15,30.));
#17499=CARTESIAN_POINT('',(5.5,-2.69422295812418E-15,30.));
#17500=CARTESIAN_POINT('Origin',(27.5,0.,30.));
#17501=CARTESIAN_POINT('Origin',(27.5,0.,118.));
#17502=CARTESIAN_POINT('Origin',(27.5,0.,30.));
#17503=CARTESIAN_POINT('',(0.,0.,0.));
#17504=CARTESIAN_POINT('Origin',(82.5,-22.,108.));
#17505=CARTESIAN_POINT('',(96.7828568570857,-14.,108.));
#17506=CARTESIAN_POINT('',(68.2171431429143,-14.,108.));
#17507=CARTESIAN_POINT('Origin',(82.5,0.,108.));
#17508=CARTESIAN_POINT('',(99.4705627484771,-14.,108.));
#17509=CARTESIAN_POINT('',(107.5,-14.,108.));
#17510=CARTESIAN_POINT('',(65.5294372515229,-14.,108.));
#17511=CARTESIAN_POINT('Origin',(82.5,0.,108.));
#17512=CARTESIAN_POINT('',(107.5,-14.,108.));
#17513=CARTESIAN_POINT('Origin',(107.5,-14.,40.));
#17514=CARTESIAN_POINT('',(68.2171431429143,-14.,40.));
#17515=CARTESIAN_POINT('',(68.2171431429143,-14.,30.));
#17516=CARTESIAN_POINT('',(65.5294372515229,-14.,40.));
#17517=CARTESIAN_POINT('',(65.5294372515229,-14.,30.));
#17518=CARTESIAN_POINT('',(107.5,-14.,40.));
#17519=CARTESIAN_POINT('Origin',(107.5,-14.,40.));
#17520=CARTESIAN_POINT('',(96.7828568570857,-14.,40.));
#17521=CARTESIAN_POINT('',(96.7828568570857,-14.,30.));
#17522=CARTESIAN_POINT('',(99.4705627484771,-14.,40.));
#17523=CARTESIAN_POINT('',(107.5,-14.,40.));
#17524=CARTESIAN_POINT('',(99.4705627484771,-14.,30.));
#17525=CARTESIAN_POINT('Origin',(82.5,-22.,40.));
#17526=CARTESIAN_POINT('Origin',(82.5,0.,40.));
#17527=CARTESIAN_POINT('Origin',(82.5,0.,40.));
#17528=CARTESIAN_POINT('Origin',(82.5,0.,110.));
#17529=CARTESIAN_POINT('',(58.5,-2.93915231795365E-15,110.));
#17530=CARTESIAN_POINT('Origin',(82.5,0.,110.));
#17531=CARTESIAN_POINT('',(60.5,2.69422295812418E-15,110.));
#17532=CARTESIAN_POINT('Origin',(82.5,0.,110.));
#17533=CARTESIAN_POINT('Origin',(82.5,0.,110.));
#17534=CARTESIAN_POINT('',(58.5,-2.93915231795365E-15,118.));
#17535=CARTESIAN_POINT('Origin',(82.5,0.,118.));
#17536=CARTESIAN_POINT('',(58.5,-2.93915231795365E-15,110.));
#17537=CARTESIAN_POINT('Origin',(82.5,0.,30.));
#17538=CARTESIAN_POINT('',(62.5,-2.44929359829471E-15,118.));
#17539=CARTESIAN_POINT('Origin',(82.5,0.,118.));
#17540=CARTESIAN_POINT('',(62.5,-2.44929359829471E-15,30.));
#17541=CARTESIAN_POINT('',(62.5,-2.44929359829471E-15,30.));
#17542=CARTESIAN_POINT('Origin',(82.5,0.,30.));
#17543=CARTESIAN_POINT('Origin',(82.5,0.,30.));
#17544=CARTESIAN_POINT('',(60.5,-2.69422295812418E-15,30.));
#17545=CARTESIAN_POINT('',(60.5,-2.69422295812418E-15,30.));
#17546=CARTESIAN_POINT('Origin',(82.5,0.,30.));
#17547=CARTESIAN_POINT('Origin',(82.5,0.,118.));
#17548=CARTESIAN_POINT('Origin',(82.5,0.,30.));
#17549=CARTESIAN_POINT('',(0.,0.,0.));
#17550=CARTESIAN_POINT('Origin',(-82.5,0.,105.25));
#17551=CARTESIAN_POINT('',(-96.,1.65327317884893E-15,106.));
#17552=CARTESIAN_POINT('Origin',(-82.5,0.,106.));
#17553=CARTESIAN_POINT('',(-97.5,-1.83697019872103E-15,104.5));
#17554=CARTESIAN_POINT('',(-96.75,-1.74512168878498E-15,105.25));
#17555=CARTESIAN_POINT('Origin',(-82.5,0.,104.5));
#17556=CARTESIAN_POINT('Origin',(-82.5,0.,104.));
#17557=CARTESIAN_POINT('',(-97.5,-1.83697019872103E-15,104.));
#17558=CARTESIAN_POINT('',(-97.5,-1.83697019872103E-15,104.));
#17559=CARTESIAN_POINT('Origin',(-82.5,0.,104.));
#17560=CARTESIAN_POINT('Origin',(-82.5,0.,106.));
#17561=CARTESIAN_POINT('Origin',(-107.5,0.,93.));
#17562=CARTESIAN_POINT('',(-75.5,-6.2456986756515E-16,98.1));
#17563=CARTESIAN_POINT('Origin',(-75.5,0.,93.));
#17564=CARTESIAN_POINT('',(-62.8,-6.2456986756515E-16,98.1));
#17565=CARTESIAN_POINT('',(-107.5,-6.2456986756515E-16,98.1));
#17566=CARTESIAN_POINT('',(-63.0557206356214,-3.16385840391127,97.));
#17567=CARTESIAN_POINT('Ctrl Pts',(-63.0557206356214,-3.16385840391126,
97.));
#17568=CARTESIAN_POINT('Ctrl Pts',(-62.9970960099866,-2.80356617431437,
97.2849783996185));
#17569=CARTESIAN_POINT('Ctrl Pts',(-62.9409179665229,-2.39273292899736,
97.528654603482));
#17570=CARTESIAN_POINT('Ctrl Pts',(-62.8346796040449,-1.32789134271867,
97.9708013850627));
#17571=CARTESIAN_POINT('Ctrl Pts',(-62.8,-0.643485671271425,98.1));
#17572=CARTESIAN_POINT('Ctrl Pts',(-62.8,5.55111512312578E-16,98.1));
#17573=CARTESIAN_POINT('',(-65.0850638818283,-3.16385840391127,97.));
#17574=CARTESIAN_POINT('',(-107.5,-3.16385840391127,97.));
#17575=CARTESIAN_POINT('',(-65.3815888587755,-4.5,95.4));
#17576=CARTESIAN_POINT('Ctrl Pts',(-65.3815888587755,-4.49999999999999,
95.4));
#17577=CARTESIAN_POINT('Ctrl Pts',(-65.3180197928878,-4.2581774653935,95.8534172523872));
#17578=CARTESIAN_POINT('Ctrl Pts',(-65.2424811908372,-3.94844489890601,
96.2640442691968));
#17579=CARTESIAN_POINT('Ctrl Pts',(-65.1427307511086,-3.46912389537764,
96.7433652727252));
#17580=CARTESIAN_POINT('Ctrl Pts',(-65.1136562051269,-3.3212401258933,96.8755166290713));
#17581=CARTESIAN_POINT('Ctrl Pts',(-65.0850638818283,-3.16385840391128,
97.));
#17582=CARTESIAN_POINT('',(-63.320844648421,-4.49999999999999,95.4));
#17583=CARTESIAN_POINT('',(-107.5,-4.5,95.4));
#17584=CARTESIAN_POINT('',(-63.320844648421,4.49999999999999,95.4));
#17585=CARTESIAN_POINT('Ctrl Pts',(-63.320844648421,4.5,95.4));
#17586=CARTESIAN_POINT('Ctrl Pts',(-63.3388946392036,4.57692968384751,95.2557568427859));
#17587=CARTESIAN_POINT('Ctrl Pts',(-63.3558625921756,4.64717145282699,95.1073026507418));
#17588=CARTESIAN_POINT('Ctrl Pts',(-63.4355445926719,4.97077599790109,94.3279563159205));
#17589=CARTESIAN_POINT('Ctrl Pts',(-63.4716001723739,5.1,93.6435896030882));
#17590=CARTESIAN_POINT('Ctrl Pts',(-63.4716001723739,5.1,93.));
#17591=CARTESIAN_POINT('Ctrl Pts',(-63.4716001723739,5.1,92.3564103969119));
#17592=CARTESIAN_POINT('Ctrl Pts',(-63.4355445926719,4.97077599790109,91.6720436840795));
#17593=CARTESIAN_POINT('Ctrl Pts',(-63.3071698269724,4.44942039193707,90.4164476585245));
#17594=CARTESIAN_POINT('Ctrl Pts',(-63.2169027932447,4.05743700963156,89.8449478415288));
#17595=CARTESIAN_POINT('Ctrl Pts',(-63.0488881795027,3.1551250205067,88.9426358524039));
#17596=CARTESIAN_POINT('Ctrl Pts',(-62.9599601149258,2.58359497768254,88.5505957203591));
#17597=CARTESIAN_POINT('Ctrl Pts',(-62.8346796040449,1.32789134271867,88.0291986149373));
#17598=CARTESIAN_POINT('Ctrl Pts',(-62.8,0.643485671271425,87.9));
#17599=CARTESIAN_POINT('Ctrl Pts',(-62.8,-0.643485671271425,87.9));
#17600=CARTESIAN_POINT('Ctrl Pts',(-62.8346796040449,-1.32789134271867,
88.0291986149373));
#17601=CARTESIAN_POINT('Ctrl Pts',(-62.9599601149258,-2.58359497768254,
88.5505957203591));
#17602=CARTESIAN_POINT('Ctrl Pts',(-63.0488881795027,-3.1551250205067,88.9426358524039));
#17603=CARTESIAN_POINT('Ctrl Pts',(-63.2169027932447,-4.05743700963156,
89.8449478415288));
#17604=CARTESIAN_POINT('Ctrl Pts',(-63.3071698269724,-4.44942039193707,
90.4164476585245));
#17605=CARTESIAN_POINT('Ctrl Pts',(-63.4355445926719,-4.97077599790109,
91.6720436840795));
#17606=CARTESIAN_POINT('Ctrl Pts',(-63.4716001723739,-5.1,92.3564103969119));
#17607=CARTESIAN_POINT('Ctrl Pts',(-63.4716001723739,-5.1,93.6435896030882));
#17608=CARTESIAN_POINT('Ctrl Pts',(-63.4355445926719,-4.97077599790109,
94.3279563159205));
#17609=CARTESIAN_POINT('Ctrl Pts',(-63.3558625921756,-4.64717145282699,
95.1073026507417));
#17610=CARTESIAN_POINT('Ctrl Pts',(-63.3388946392036,-4.5769296838475,95.2557568427859));
#17611=CARTESIAN_POINT('Ctrl Pts',(-63.320844648421,-4.49999999999999,95.4));
#17612=CARTESIAN_POINT('',(-65.3815888587755,4.5,95.4));
#17613=CARTESIAN_POINT('',(-107.5,4.5,95.4));
#17614=CARTESIAN_POINT('',(-65.0850638818283,3.16385840391127,97.));
#17615=CARTESIAN_POINT('Ctrl Pts',(-65.0850638818283,3.16385840391128,97.));
#17616=CARTESIAN_POINT('Ctrl Pts',(-65.1136562051269,3.32124012589331,96.8755166290713));
#17617=CARTESIAN_POINT('Ctrl Pts',(-65.1427307511086,3.46912389537764,96.7433652727252));
#17618=CARTESIAN_POINT('Ctrl Pts',(-65.2424811908372,3.94844489890602,96.2640442691968));
#17619=CARTESIAN_POINT('Ctrl Pts',(-65.3180197928878,4.2581774653935,95.8534172523872));
#17620=CARTESIAN_POINT('Ctrl Pts',(-65.3815888587755,4.5,95.4));
#17621=CARTESIAN_POINT('',(-63.0557206356214,3.16385840391127,97.));
#17622=CARTESIAN_POINT('',(-107.5,3.16385840391127,97.));
#17623=CARTESIAN_POINT('Ctrl Pts',(-62.8,-1.80411241501588E-15,98.1));
#17624=CARTESIAN_POINT('Ctrl Pts',(-62.8,0.643485671271424,98.1));
#17625=CARTESIAN_POINT('Ctrl Pts',(-62.8346796040449,1.32789134271867,97.9708013850627));
#17626=CARTESIAN_POINT('Ctrl Pts',(-62.9409179665229,2.39273292899736,97.528654603482));
#17627=CARTESIAN_POINT('Ctrl Pts',(-62.9970960099866,2.80356617431437,97.2849783996185));
#17628=CARTESIAN_POINT('Ctrl Pts',(-63.0557206356214,3.16385840391126,97.));
#17629=CARTESIAN_POINT('Origin',(-107.5,0.,93.));
#17630=CARTESIAN_POINT('',(-101.679155351579,-4.49999999999999,95.4));
#17631=CARTESIAN_POINT('',(-101.679155351579,4.49999999999999,95.4));
#17632=CARTESIAN_POINT('Ctrl Pts',(-101.679155351579,-4.49999999999999,
95.4));
#17633=CARTESIAN_POINT('Ctrl Pts',(-101.661105360796,-4.5769296838475,95.2557568427859));
#17634=CARTESIAN_POINT('Ctrl Pts',(-101.644137407824,-4.64717145282699,
95.1073026507417));
#17635=CARTESIAN_POINT('Ctrl Pts',(-101.564455407328,-4.97077599790109,
94.3279563159205));
#17636=CARTESIAN_POINT('Ctrl Pts',(-101.528399827626,-5.1,93.6435896030882));
#17637=CARTESIAN_POINT('Ctrl Pts',(-101.528399827626,-5.1,92.3564103969119));
#17638=CARTESIAN_POINT('Ctrl Pts',(-101.564455407328,-4.97077599790109,
91.6720436840795));
#17639=CARTESIAN_POINT('Ctrl Pts',(-101.692830173028,-4.44942039193707,
90.4164476585245));
#17640=CARTESIAN_POINT('Ctrl Pts',(-101.783097206755,-4.05743700963156,
89.8449478415288));
#17641=CARTESIAN_POINT('Ctrl Pts',(-101.951111820497,-3.1551250205067,88.9426358524039));
#17642=CARTESIAN_POINT('Ctrl Pts',(-102.040039885074,-2.58359497768254,
88.5505957203591));
#17643=CARTESIAN_POINT('Ctrl Pts',(-102.165320395955,-1.32789134271866,
88.0291986149373));
#17644=CARTESIAN_POINT('Ctrl Pts',(-102.2,-0.643485671271426,87.9));
#17645=CARTESIAN_POINT('Ctrl Pts',(-102.2,0.643485671271423,87.9));
#17646=CARTESIAN_POINT('Ctrl Pts',(-102.165320395955,1.32789134271866,88.0291986149373));
#17647=CARTESIAN_POINT('Ctrl Pts',(-102.040039885074,2.58359497768254,88.5505957203591));
#17648=CARTESIAN_POINT('Ctrl Pts',(-101.951111820497,3.15512502050669,88.9426358524039));
#17649=CARTESIAN_POINT('Ctrl Pts',(-101.783097206755,4.05743700963156,89.8449478415288));
#17650=CARTESIAN_POINT('Ctrl Pts',(-101.692830173028,4.44942039193707,90.4164476585245));
#17651=CARTESIAN_POINT('Ctrl Pts',(-101.564455407328,4.97077599790109,91.6720436840795));
#17652=CARTESIAN_POINT('Ctrl Pts',(-101.528399827626,5.1,92.3564103969119));
#17653=CARTESIAN_POINT('Ctrl Pts',(-101.528399827626,5.1,93.));
#17654=CARTESIAN_POINT('Ctrl Pts',(-101.528399827626,5.1,93.6435896030882));
#17655=CARTESIAN_POINT('Ctrl Pts',(-101.564455407328,4.97077599790109,94.3279563159205));
#17656=CARTESIAN_POINT('Ctrl Pts',(-101.644137407824,4.64717145282699,95.1073026507417));
#17657=CARTESIAN_POINT('Ctrl Pts',(-101.661105360796,4.57692968384751,95.2557568427859));
#17658=CARTESIAN_POINT('Ctrl Pts',(-101.679155351579,4.5,95.4));
#17659=CARTESIAN_POINT('',(-99.6184111412245,-4.5,95.4));
#17660=CARTESIAN_POINT('',(-107.5,-4.5,95.4));
#17661=CARTESIAN_POINT('',(-99.9149361181716,-3.16385840391127,97.));
#17662=CARTESIAN_POINT('Ctrl Pts',(-99.9149361181717,-3.16385840391128,
97.));
#17663=CARTESIAN_POINT('Ctrl Pts',(-99.8863437948731,-3.32124012589331,
96.8755166290713));
#17664=CARTESIAN_POINT('Ctrl Pts',(-99.8572692488914,-3.46912389537764,
96.7433652727252));
#17665=CARTESIAN_POINT('Ctrl Pts',(-99.7575188091628,-3.94844489890602,
96.2640442691968));
#17666=CARTESIAN_POINT('Ctrl Pts',(-99.6819802071122,-4.2581774653935,95.8534172523872));
#17667=CARTESIAN_POINT('Ctrl Pts',(-99.6184111412245,-4.5,95.4));
#17668=CARTESIAN_POINT('',(-101.944279364379,-3.16385840391127,97.));
#17669=CARTESIAN_POINT('',(-107.5,-3.16385840391127,97.));
#17670=CARTESIAN_POINT('',(-102.2,-6.2456986756515E-16,98.1));
#17671=CARTESIAN_POINT('Ctrl Pts',(-102.2,1.2490009027033E-15,98.1));
#17672=CARTESIAN_POINT('Ctrl Pts',(-102.2,-0.643485671271424,98.1));
#17673=CARTESIAN_POINT('Ctrl Pts',(-102.165320395955,-1.32789134271867,
97.9708013850627));
#17674=CARTESIAN_POINT('Ctrl Pts',(-102.059082033477,-2.39273292899736,
97.528654603482));
#17675=CARTESIAN_POINT('Ctrl Pts',(-102.002903990013,-2.80356617431438,
97.2849783996185));
#17676=CARTESIAN_POINT('Ctrl Pts',(-101.944279364379,-3.16385840391127,
97.));
#17677=CARTESIAN_POINT('',(-89.5,6.2456986756515E-16,98.1));
#17678=CARTESIAN_POINT('',(-107.5,-6.2456986756515E-16,98.1));
#17679=CARTESIAN_POINT('Origin',(-89.5,0.,93.));
#17680=CARTESIAN_POINT('',(-101.944279364379,3.16385840391127,97.));
#17681=CARTESIAN_POINT('Ctrl Pts',(-101.944279364379,3.16385840391126,97.));
#17682=CARTESIAN_POINT('Ctrl Pts',(-102.002903990013,2.80356617431437,97.2849783996185));
#17683=CARTESIAN_POINT('Ctrl Pts',(-102.059082033477,2.39273292899736,97.528654603482));
#17684=CARTESIAN_POINT('Ctrl Pts',(-102.165320395955,1.32789134271867,97.9708013850627));
#17685=CARTESIAN_POINT('Ctrl Pts',(-102.2,0.643485671271425,98.1));
#17686=CARTESIAN_POINT('Ctrl Pts',(-102.2,0.,98.1));
#17687=CARTESIAN_POINT('',(-99.9149361181716,3.16385840391127,97.));
#17688=CARTESIAN_POINT('',(-107.5,3.16385840391127,97.));
#17689=CARTESIAN_POINT('',(-99.6184111412245,4.5,95.4));
#17690=CARTESIAN_POINT('Ctrl Pts',(-99.6184111412245,4.49999999999999,95.4));
#17691=CARTESIAN_POINT('Ctrl Pts',(-99.6819802071122,4.2581774653935,95.8534172523872));
#17692=CARTESIAN_POINT('Ctrl Pts',(-99.7575188091628,3.94844489890602,96.2640442691968));
#17693=CARTESIAN_POINT('Ctrl Pts',(-99.8572692488914,3.46912389537764,96.7433652727252));
#17694=CARTESIAN_POINT('Ctrl Pts',(-99.8863437948731,3.32124012589331,96.8755166290713));
#17695=CARTESIAN_POINT('Ctrl Pts',(-99.9149361181717,3.16385840391128,97.));
#17696=CARTESIAN_POINT('',(-107.5,4.5,95.4));
#17697=CARTESIAN_POINT('Origin',(-82.5,0.,76.));
#17698=CARTESIAN_POINT('',(-75.5,-18.4143965418365,95.4));
#17699=CARTESIAN_POINT('Origin',(-82.5,0.,95.4));
#17700=CARTESIAN_POINT('',(-75.5,-18.4143965418365,76.));
#17701=CARTESIAN_POINT('',(-75.5,-18.4143965418365,76.));
#17702=CARTESIAN_POINT('',(-75.5,18.4143965418365,76.));
#17703=CARTESIAN_POINT('Origin',(-82.5,0.,76.));
#17704=CARTESIAN_POINT('',(-75.5,18.4143965418365,95.4));
#17705=CARTESIAN_POINT('',(-75.5,18.4143965418365,76.));
#17706=CARTESIAN_POINT('Origin',(-82.5,0.,95.4));
#17707=CARTESIAN_POINT('Origin',(-82.5,0.,95.4));
#17708=CARTESIAN_POINT('',(-75.5,-16.2569984929568,95.4));
#17709=CARTESIAN_POINT('Origin',(-82.5,0.,95.4));
#17710=CARTESIAN_POINT('',(-75.5,-10.5,95.4));
#17711=CARTESIAN_POINT('Origin',(-82.5,0.,95.4));
#17712=CARTESIAN_POINT('',(-75.5,-16.2569984929568,97.));
#17713=CARTESIAN_POINT('Origin',(-82.5,0.,97.));
#17714=CARTESIAN_POINT('',(-75.5,-16.2569984929568,95.4));
#17715=CARTESIAN_POINT('Origin',(-82.5,0.,97.));
#17716=CARTESIAN_POINT('',(-75.5,-18.4143965418365,97.));
#17717=CARTESIAN_POINT('Origin',(-82.5,0.,97.));
#17718=CARTESIAN_POINT('',(-75.5,-10.5,97.));
#17719=CARTESIAN_POINT('Origin',(-82.5,0.,76.));
#17720=CARTESIAN_POINT('',(-89.5,-18.4143965418365,97.));
#17721=CARTESIAN_POINT('Origin',(-82.5,0.,97.));
#17722=CARTESIAN_POINT('',(-89.5,-18.4143965418365,98.4));
#17723=CARTESIAN_POINT('',(-89.5,-18.4143965418365,76.));
#17724=CARTESIAN_POINT('',(-89.5,18.4143965418365,98.4));
#17725=CARTESIAN_POINT('Origin',(-82.5,0.,98.4));
#17726=CARTESIAN_POINT('',(-89.5,18.4143965418365,97.));
#17727=CARTESIAN_POINT('',(-89.5,18.4143965418365,76.));
#17728=CARTESIAN_POINT('Origin',(-82.5,0.,97.));
#17729=CARTESIAN_POINT('Origin',(-82.5,0.,97.));
#17730=CARTESIAN_POINT('',(-89.5,-16.2569984929568,97.));
#17731=CARTESIAN_POINT('Origin',(-82.5,0.,97.));
#17732=CARTESIAN_POINT('',(-89.5,10.5,97.));
#17733=CARTESIAN_POINT('Origin',(-82.5,0.,95.4));
#17734=CARTESIAN_POINT('',(-89.5,-16.2569984929568,95.4));
#17735=CARTESIAN_POINT('Origin',(-82.5,0.,95.4));
#17736=CARTESIAN_POINT('',(-89.5,-16.2569984929568,95.4));
#17737=CARTESIAN_POINT('Origin',(-82.5,0.,95.4));
#17738=CARTESIAN_POINT('',(-89.5,-18.4143965418365,95.4));
#17739=CARTESIAN_POINT('Origin',(-82.5,0.,95.4));
#17740=CARTESIAN_POINT('',(-89.5,10.5,95.4));
#17741=CARTESIAN_POINT('Origin',(-89.5,21.,75.));
#17742=CARTESIAN_POINT('',(-89.5,16.2569984929568,102.5));
#17743=CARTESIAN_POINT('',(-89.5,16.2569984929568,101.4));
#17744=CARTESIAN_POINT('',(-89.5,16.2569984929568,101.4));
#17745=CARTESIAN_POINT('',(-89.5,-16.2569984929568,102.5));
#17746=CARTESIAN_POINT('',(-89.5,21.,102.5));
#17747=CARTESIAN_POINT('',(-89.5,-16.2569984929568,101.4));
#17748=CARTESIAN_POINT('',(-89.5,-16.2569984929568,101.4));
#17749=CARTESIAN_POINT('',(-89.5,-18.4143965418365,101.4));
#17750=CARTESIAN_POINT('',(-89.5,10.5,101.4));
#17751=CARTESIAN_POINT('',(-89.5,-18.4143965418365,100.));
#17752=CARTESIAN_POINT('',(-89.5,-18.4143965418365,76.));
#17753=CARTESIAN_POINT('',(-89.5,-16.2569984929568,100.));
#17754=CARTESIAN_POINT('',(-89.5,10.5,100.));
#17755=CARTESIAN_POINT('',(-89.5,-16.2569984929568,98.4));
#17756=CARTESIAN_POINT('',(-89.5,-16.2569984929568,98.4));
#17757=CARTESIAN_POINT('',(-89.5,10.5,98.4));
#17758=CARTESIAN_POINT('',(-89.5,-18.4143965418365,76.));
#17759=CARTESIAN_POINT('',(-89.5,-18.4143965418365,76.));
#17760=CARTESIAN_POINT('',(-89.5,18.4143965418365,76.));
#17761=CARTESIAN_POINT('',(-89.5,10.5,76.));
#17762=CARTESIAN_POINT('',(-89.5,18.4143965418365,95.4));
#17763=CARTESIAN_POINT('',(-89.5,18.4143965418365,76.));
#17764=CARTESIAN_POINT('',(-89.5,16.2569984929568,95.4));
#17765=CARTESIAN_POINT('',(-89.5,10.5,95.4));
#17766=CARTESIAN_POINT('',(-89.5,16.2569984929568,97.));
#17767=CARTESIAN_POINT('',(-89.5,16.2569984929568,95.4));
#17768=CARTESIAN_POINT('',(-89.5,10.5,97.));
#17769=CARTESIAN_POINT('',(-89.5,16.2569984929568,98.4));
#17770=CARTESIAN_POINT('',(-89.5,10.5,98.4));
#17771=CARTESIAN_POINT('',(-89.5,16.2569984929568,100.));
#17772=CARTESIAN_POINT('',(-89.5,16.2569984929568,98.4));
#17773=CARTESIAN_POINT('',(-89.5,18.4143965418365,100.));
#17774=CARTESIAN_POINT('',(-89.5,10.5,100.));
#17775=CARTESIAN_POINT('',(-89.5,18.4143965418365,101.4));
#17776=CARTESIAN_POINT('',(-89.5,18.4143965418365,76.));
#17777=CARTESIAN_POINT('',(-89.5,10.5,101.4));
#17778=CARTESIAN_POINT('Origin',(-82.5,0.,102.5));
#17779=CARTESIAN_POINT('',(-75.5,16.2569984929568,102.5));
#17780=CARTESIAN_POINT('Origin',(-82.5,0.,102.5));
#17781=CARTESIAN_POINT('',(-75.5,-16.2569984929568,102.5));
#17782=CARTESIAN_POINT('',(-75.5,-21.,102.5));
#17783=CARTESIAN_POINT('Origin',(-82.5,0.,102.5));
#17784=CARTESIAN_POINT('Origin',(-75.5,-21.,75.));
#17785=CARTESIAN_POINT('',(-75.5,16.2569984929568,101.4));
#17786=CARTESIAN_POINT('',(-75.5,16.2569984929568,101.4));
#17787=CARTESIAN_POINT('',(-75.5,18.4143965418365,101.4));
#17788=CARTESIAN_POINT('',(-75.5,-10.5,101.4));
#17789=CARTESIAN_POINT('',(-75.5,18.4143965418365,100.));
#17790=CARTESIAN_POINT('',(-75.5,18.4143965418365,76.));
#17791=CARTESIAN_POINT('',(-75.5,16.2569984929568,100.));
#17792=CARTESIAN_POINT('',(-75.5,-10.5,100.));
#17793=CARTESIAN_POINT('',(-75.5,16.2569984929568,98.4));
#17794=CARTESIAN_POINT('',(-75.5,16.2569984929568,98.4));
#17795=CARTESIAN_POINT('',(-75.5,18.4143965418365,98.4));
#17796=CARTESIAN_POINT('',(-75.5,-10.5,98.4));
#17797=CARTESIAN_POINT('',(-75.5,18.4143965418365,97.));
#17798=CARTESIAN_POINT('',(-75.5,18.4143965418365,76.));
#17799=CARTESIAN_POINT('',(-75.5,16.2569984929568,97.));
#17800=CARTESIAN_POINT('',(-75.5,-10.5,97.));
#17801=CARTESIAN_POINT('',(-75.5,16.2569984929568,95.4));
#17802=CARTESIAN_POINT('',(-75.5,16.2569984929568,95.4));
#17803=CARTESIAN_POINT('',(-75.5,-10.5,95.4));
#17804=CARTESIAN_POINT('',(-75.5,-10.5,76.));
#17805=CARTESIAN_POINT('',(-75.5,-18.4143965418365,98.4));
#17806=CARTESIAN_POINT('',(-75.5,-18.4143965418365,76.));
#17807=CARTESIAN_POINT('',(-75.5,-16.2569984929568,98.4));
#17808=CARTESIAN_POINT('',(-75.5,-10.5,98.4));
#17809=CARTESIAN_POINT('',(-75.5,-16.2569984929568,100.));
#17810=CARTESIAN_POINT('',(-75.5,-16.2569984929568,98.4));
#17811=CARTESIAN_POINT('',(-75.5,-18.4143965418365,100.));
#17812=CARTESIAN_POINT('',(-75.5,-10.5,100.));
#17813=CARTESIAN_POINT('',(-75.5,-18.4143965418365,101.4));
#17814=CARTESIAN_POINT('',(-75.5,-18.4143965418365,76.));
#17815=CARTESIAN_POINT('',(-75.5,-16.2569984929568,101.4));
#17816=CARTESIAN_POINT('',(-75.5,-10.5,101.4));
#17817=CARTESIAN_POINT('',(-75.5,-16.2569984929568,101.4));
#17818=CARTESIAN_POINT('Origin',(-82.5,0.,101.4));
#17819=CARTESIAN_POINT('',(-100.2,-2.16762483449081E-15,101.4));
#17820=CARTESIAN_POINT('Origin',(-82.5,0.,101.4));
#17821=CARTESIAN_POINT('',(-100.2,-2.16762483449081E-15,103.));
#17822=CARTESIAN_POINT('',(-100.2,-2.16762483449081E-15,101.4));
#17823=CARTESIAN_POINT('Origin',(-82.5,0.,103.));
#17824=CARTESIAN_POINT('Origin',(-82.5,0.,101.4));
#17825=CARTESIAN_POINT('Origin',(-82.5,0.,101.4));
#17826=CARTESIAN_POINT('Origin',(-82.5,0.,101.4));
#17827=CARTESIAN_POINT('Origin',(-82.5,0.,101.4));
#17828=CARTESIAN_POINT('Origin',(-82.5,0.,101.4));
#17829=CARTESIAN_POINT('Origin',(-82.5,0.,101.4));
#17830=CARTESIAN_POINT('Origin',(-82.5,0.,76.));
#17831=CARTESIAN_POINT('Origin',(-82.5,0.,100.));
#17832=CARTESIAN_POINT('Origin',(-82.5,0.,76.));
#17833=CARTESIAN_POINT('Origin',(-82.5,0.,100.));
#17834=CARTESIAN_POINT('Origin',(-82.5,0.,100.));
#17835=CARTESIAN_POINT('Origin',(-82.5,0.,100.));
#17836=CARTESIAN_POINT('Origin',(-82.5,0.,100.));
#17837=CARTESIAN_POINT('Origin',(-82.5,0.,100.));
#17838=CARTESIAN_POINT('Origin',(-82.5,0.,98.4));
#17839=CARTESIAN_POINT('Origin',(-82.5,0.,98.4));
#17840=CARTESIAN_POINT('Origin',(-82.5,0.,98.4));
#17841=CARTESIAN_POINT('Origin',(-82.5,0.,98.4));
#17842=CARTESIAN_POINT('Origin',(-82.5,0.,98.4));
#17843=CARTESIAN_POINT('Origin',(-82.5,0.,98.4));
#17844=CARTESIAN_POINT('Origin',(-82.5,0.,98.4));
#17845=CARTESIAN_POINT('Origin',(-82.5,0.,76.));
#17846=CARTESIAN_POINT('Origin',(-82.5,0.,76.));
#17847=CARTESIAN_POINT('Origin',(-82.5,0.,76.));
#17848=CARTESIAN_POINT('Origin',(-82.5,0.,97.));
#17849=CARTESIAN_POINT('Origin',(-82.5,0.,76.));
#17850=CARTESIAN_POINT('Origin',(-82.5,0.,95.4));
#17851=CARTESIAN_POINT('Origin',(-82.5,0.,97.));
#17852=CARTESIAN_POINT('Origin',(-82.5,0.,97.));
#17853=CARTESIAN_POINT('Origin',(-82.5,0.,97.));
#17854=CARTESIAN_POINT('Origin',(-82.5,0.,97.));
#17855=CARTESIAN_POINT('Origin',(-82.5,0.,95.4));
#17856=CARTESIAN_POINT('Origin',(-82.5,0.,95.4));
#17857=CARTESIAN_POINT('Origin',(-82.5,0.,95.4));
#17858=CARTESIAN_POINT('Origin',(-82.5,0.,95.4));
#17859=CARTESIAN_POINT('Origin',(-82.5,0.,95.4));
#17860=CARTESIAN_POINT('Origin',(-82.5,0.,103.));
#17861=CARTESIAN_POINT('',(-102.2,-2.41255419432029E-15,103.));
#17862=CARTESIAN_POINT('Origin',(-82.5,0.,103.));
#17863=CARTESIAN_POINT('Origin',(-82.5,0.,95.4));
#17864=CARTESIAN_POINT('Origin',(-82.5,0.,76.));
#17865=CARTESIAN_POINT('',(-102.2,-2.41255419432029E-15,104.));
#17866=CARTESIAN_POINT('Origin',(-82.5,0.,104.));
#17867=CARTESIAN_POINT('',(-102.2,-2.41255419432029E-15,76.));
#17868=CARTESIAN_POINT('Origin',(-82.5,0.,104.));
#17869=CARTESIAN_POINT('Origin',(-82.5,0.,76.));
#17870=CARTESIAN_POINT('',(0.,0.,0.));
#17871=CARTESIAN_POINT('Origin',(-27.5,0.,69.25));
#17872=CARTESIAN_POINT('',(-41.,1.65327317884893E-15,70.));
#17873=CARTESIAN_POINT('Origin',(-27.5,0.,70.));
#17874=CARTESIAN_POINT('',(-42.5,-1.83697019872103E-15,68.5));
#17875=CARTESIAN_POINT('',(-41.75,-1.74512168878498E-15,69.25));
#17876=CARTESIAN_POINT('Origin',(-27.5,0.,68.5));
#17877=CARTESIAN_POINT('Origin',(-27.5,0.,68.));
#17878=CARTESIAN_POINT('',(-42.5,-1.83697019872103E-15,68.));
#17879=CARTESIAN_POINT('',(-42.5,-1.83697019872103E-15,68.));
#17880=CARTESIAN_POINT('Origin',(-27.5,0.,68.));
#17881=CARTESIAN_POINT('Origin',(-27.5,0.,70.));
#17882=CARTESIAN_POINT('Origin',(-52.5,0.,57.));
#17883=CARTESIAN_POINT('',(-20.5,-6.2456986756515E-16,62.1));
#17884=CARTESIAN_POINT('Origin',(-20.5,0.,57.));
#17885=CARTESIAN_POINT('',(-7.8,-6.2456986756515E-16,62.1));
#17886=CARTESIAN_POINT('',(-52.5,-6.2456986756515E-16,62.1));
#17887=CARTESIAN_POINT('',(-8.05572063562139,-3.16385840391127,61.));
#17888=CARTESIAN_POINT('Ctrl Pts',(-8.05572063562139,-3.16385840391126,
61.));
#17889=CARTESIAN_POINT('Ctrl Pts',(-7.99709600998664,-2.80356617431438,
61.2849783996185));
#17890=CARTESIAN_POINT('Ctrl Pts',(-7.94091796652286,-2.39273292899737,
61.528654603482));
#17891=CARTESIAN_POINT('Ctrl Pts',(-7.83467960404488,-1.32789134271868,
61.9708013850627));
#17892=CARTESIAN_POINT('Ctrl Pts',(-7.8,-0.643485671271426,62.1));
#17893=CARTESIAN_POINT('Ctrl Pts',(-7.8,-2.08166817117217E-16,62.1));
#17894=CARTESIAN_POINT('',(-10.0850638818283,-3.16385840391127,61.));
#17895=CARTESIAN_POINT('',(-52.5,-3.16385840391127,61.));
#17896=CARTESIAN_POINT('',(-10.3815888587755,-4.49999999999999,59.4));
#17897=CARTESIAN_POINT('Ctrl Pts',(-10.3815888587755,-4.5,59.4));
#17898=CARTESIAN_POINT('Ctrl Pts',(-10.3180197928878,-4.2581774653935,59.8534172523872));
#17899=CARTESIAN_POINT('Ctrl Pts',(-10.2424811908372,-3.94844489890601,
60.2640442691968));
#17900=CARTESIAN_POINT('Ctrl Pts',(-10.1427307511086,-3.46912389537763,
60.7433652727252));
#17901=CARTESIAN_POINT('Ctrl Pts',(-10.1136562051269,-3.3212401258933,60.8755166290713));
#17902=CARTESIAN_POINT('Ctrl Pts',(-10.0850638818283,-3.16385840391126,
61.));
#17903=CARTESIAN_POINT('',(-8.32084464842103,-4.49999999999999,59.4));
#17904=CARTESIAN_POINT('',(-52.5,-4.5,59.4));
#17905=CARTESIAN_POINT('',(-8.32084464842103,4.49999999999999,59.4));
#17906=CARTESIAN_POINT('Ctrl Pts',(-8.32084464842104,4.49999999999999,59.4));
#17907=CARTESIAN_POINT('Ctrl Pts',(-8.33889463920362,4.57692968384751,59.2557568427859));
#17908=CARTESIAN_POINT('Ctrl Pts',(-8.35586259217556,4.64717145282699,59.1073026507417));
#17909=CARTESIAN_POINT('Ctrl Pts',(-8.4355445926719,4.97077599790109,58.3279563159205));
#17910=CARTESIAN_POINT('Ctrl Pts',(-8.47160017237393,5.1,57.6435896030882));
#17911=CARTESIAN_POINT('Ctrl Pts',(-8.47160017237393,5.1,57.));
#17912=CARTESIAN_POINT('Ctrl Pts',(-8.47160017237393,5.1,56.3564103969118));
#17913=CARTESIAN_POINT('Ctrl Pts',(-8.4355445926719,4.97077599790109,55.6720436840795));
#17914=CARTESIAN_POINT('Ctrl Pts',(-8.30716982697236,4.44942039193707,54.4164476585245));
#17915=CARTESIAN_POINT('Ctrl Pts',(-8.21690279324469,4.05743700963156,53.8449478415288));
#17916=CARTESIAN_POINT('Ctrl Pts',(-8.04888817950266,3.1551250205067,52.9426358524039));
#17917=CARTESIAN_POINT('Ctrl Pts',(-7.95996011492577,2.58359497768255,52.5505957203591));
#17918=CARTESIAN_POINT('Ctrl Pts',(-7.83467960404488,1.32789134271867,52.0291986149373));
#17919=CARTESIAN_POINT('Ctrl Pts',(-7.8,0.643485671271425,51.9));
#17920=CARTESIAN_POINT('Ctrl Pts',(-7.8,-0.643485671271425,51.9));
#17921=CARTESIAN_POINT('Ctrl Pts',(-7.83467960404488,-1.32789134271867,
52.0291986149373));
#17922=CARTESIAN_POINT('Ctrl Pts',(-7.95996011492577,-2.58359497768255,
52.5505957203591));
#17923=CARTESIAN_POINT('Ctrl Pts',(-8.04888817950266,-3.1551250205067,52.9426358524039));
#17924=CARTESIAN_POINT('Ctrl Pts',(-8.21690279324469,-4.05743700963156,
53.8449478415288));
#17925=CARTESIAN_POINT('Ctrl Pts',(-8.30716982697236,-4.44942039193707,
54.4164476585245));
#17926=CARTESIAN_POINT('Ctrl Pts',(-8.4355445926719,-4.97077599790109,55.6720436840795));
#17927=CARTESIAN_POINT('Ctrl Pts',(-8.47160017237393,-5.1,56.3564103969118));
#17928=CARTESIAN_POINT('Ctrl Pts',(-8.47160017237393,-5.1,57.6435896030882));
#17929=CARTESIAN_POINT('Ctrl Pts',(-8.4355445926719,-4.97077599790109,58.3279563159205));
#17930=CARTESIAN_POINT('Ctrl Pts',(-8.35586259217556,-4.64717145282699,
59.1073026507417));
#17931=CARTESIAN_POINT('Ctrl Pts',(-8.33889463920362,-4.57692968384751,
59.2557568427859));
#17932=CARTESIAN_POINT('Ctrl Pts',(-8.32084464842104,-4.5,59.4));
#17933=CARTESIAN_POINT('',(-10.3815888587755,4.49999999999999,59.4));
#17934=CARTESIAN_POINT('',(-52.5,4.5,59.4));
#17935=CARTESIAN_POINT('',(-10.0850638818283,3.16385840391127,61.));
#17936=CARTESIAN_POINT('Ctrl Pts',(-10.0850638818283,3.16385840391126,61.));
#17937=CARTESIAN_POINT('Ctrl Pts',(-10.1136562051269,3.3212401258933,60.8755166290713));
#17938=CARTESIAN_POINT('Ctrl Pts',(-10.1427307511086,3.46912389537763,60.7433652727251));
#17939=CARTESIAN_POINT('Ctrl Pts',(-10.2424811908372,3.94844489890601,60.2640442691968));
#17940=CARTESIAN_POINT('Ctrl Pts',(-10.3180197928878,4.2581774653935,59.8534172523872));
#17941=CARTESIAN_POINT('Ctrl Pts',(-10.3815888587755,4.49999999999999,59.4));
#17942=CARTESIAN_POINT('',(-8.05572063562139,3.16385840391127,61.));
#17943=CARTESIAN_POINT('',(-52.5,3.16385840391127,61.));
#17944=CARTESIAN_POINT('Ctrl Pts',(-7.8,-4.16333634234434E-16,62.1));
#17945=CARTESIAN_POINT('Ctrl Pts',(-7.8,0.643485671271426,62.1));
#17946=CARTESIAN_POINT('Ctrl Pts',(-7.83467960404488,1.32789134271867,61.9708013850627));
#17947=CARTESIAN_POINT('Ctrl Pts',(-7.94091796652286,2.39273292899737,61.528654603482));
#17948=CARTESIAN_POINT('Ctrl Pts',(-7.99709600998664,2.80356617431438,61.2849783996185));
#17949=CARTESIAN_POINT('Ctrl Pts',(-8.05572063562138,3.16385840391127,61.));
#17950=CARTESIAN_POINT('Origin',(-52.5,0.,57.));
#17951=CARTESIAN_POINT('',(-46.679155351579,-4.49999999999999,59.4));
#17952=CARTESIAN_POINT('',(-46.679155351579,4.49999999999999,59.4));
#17953=CARTESIAN_POINT('Ctrl Pts',(-46.679155351579,-4.5,59.4));
#17954=CARTESIAN_POINT('Ctrl Pts',(-46.6611053607964,-4.57692968384752,
59.2557568427859));
#17955=CARTESIAN_POINT('Ctrl Pts',(-46.6441374078244,-4.647171452827,59.1073026507417));
#17956=CARTESIAN_POINT('Ctrl Pts',(-46.5644554073281,-4.97077599790109,
58.3279563159205));
#17957=CARTESIAN_POINT('Ctrl Pts',(-46.5283998276261,-5.1,57.6435896030882));
#17958=CARTESIAN_POINT('Ctrl Pts',(-46.5283998276261,-5.1,56.3564103969118));
#17959=CARTESIAN_POINT('Ctrl Pts',(-46.5644554073281,-4.97077599790109,
55.6720436840795));
#17960=CARTESIAN_POINT('Ctrl Pts',(-46.6928301730276,-4.44942039193707,
54.4164476585245));
#17961=CARTESIAN_POINT('Ctrl Pts',(-46.7830972067553,-4.05743700963156,
53.8449478415288));
#17962=CARTESIAN_POINT('Ctrl Pts',(-46.9511118204973,-3.1551250205067,52.9426358524039));
#17963=CARTESIAN_POINT('Ctrl Pts',(-47.0400398850742,-2.58359497768255,
52.5505957203591));
#17964=CARTESIAN_POINT('Ctrl Pts',(-47.1653203959551,-1.32789134271867,
52.0291986149373));
#17965=CARTESIAN_POINT('Ctrl Pts',(-47.2,-0.643485671271427,51.9));
#17966=CARTESIAN_POINT('Ctrl Pts',(-47.2,0.643485671271424,51.9));
#17967=CARTESIAN_POINT('Ctrl Pts',(-47.1653203959551,1.32789134271867,52.0291986149373));
#17968=CARTESIAN_POINT('Ctrl Pts',(-47.0400398850742,2.58359497768255,52.5505957203591));
#17969=CARTESIAN_POINT('Ctrl Pts',(-46.9511118204973,3.15512502050669,52.9426358524039));
#17970=CARTESIAN_POINT('Ctrl Pts',(-46.7830972067553,4.05743700963156,53.8449478415288));
#17971=CARTESIAN_POINT('Ctrl Pts',(-46.6928301730276,4.44942039193707,54.4164476585245));
#17972=CARTESIAN_POINT('Ctrl Pts',(-46.5644554073281,4.97077599790109,55.6720436840795));
#17973=CARTESIAN_POINT('Ctrl Pts',(-46.5283998276261,5.1,56.3564103969118));
#17974=CARTESIAN_POINT('Ctrl Pts',(-46.5283998276261,5.1,57.));
#17975=CARTESIAN_POINT('Ctrl Pts',(-46.5283998276261,5.1,57.6435896030882));
#17976=CARTESIAN_POINT('Ctrl Pts',(-46.5644554073281,4.97077599790109,58.3279563159205));
#17977=CARTESIAN_POINT('Ctrl Pts',(-46.6441374078244,4.64717145282699,59.1073026507417));
#17978=CARTESIAN_POINT('Ctrl Pts',(-46.6611053607964,4.57692968384751,59.2557568427859));
#17979=CARTESIAN_POINT('Ctrl Pts',(-46.679155351579,4.5,59.4));
#17980=CARTESIAN_POINT('',(-44.6184111412245,-4.49999999999999,59.4));
#17981=CARTESIAN_POINT('',(-52.5,-4.5,59.4));
#17982=CARTESIAN_POINT('',(-44.9149361181717,-3.16385840391127,61.));
#17983=CARTESIAN_POINT('Ctrl Pts',(-44.9149361181717,-3.16385840391126,
61.));
#17984=CARTESIAN_POINT('Ctrl Pts',(-44.8863437948731,-3.3212401258933,60.8755166290713));
#17985=CARTESIAN_POINT('Ctrl Pts',(-44.8572692488914,-3.46912389537764,
60.7433652727251));
#17986=CARTESIAN_POINT('Ctrl Pts',(-44.7575188091628,-3.94844489890601,
60.2640442691968));
#17987=CARTESIAN_POINT('Ctrl Pts',(-44.6819802071122,-4.2581774653935,59.8534172523872));
#17988=CARTESIAN_POINT('Ctrl Pts',(-44.6184111412245,-4.49999999999999,
59.4));
#17989=CARTESIAN_POINT('',(-46.9442793643786,-3.16385840391127,61.));
#17990=CARTESIAN_POINT('',(-52.5,-3.16385840391127,61.));
#17991=CARTESIAN_POINT('',(-47.2,-6.2456986756515E-16,62.1));
#17992=CARTESIAN_POINT('Ctrl Pts',(-47.2,9.71445146547012E-16,62.1));
#17993=CARTESIAN_POINT('Ctrl Pts',(-47.2,-0.643485671271424,62.1));
#17994=CARTESIAN_POINT('Ctrl Pts',(-47.1653203959551,-1.32789134271867,
61.9708013850627));
#17995=CARTESIAN_POINT('Ctrl Pts',(-47.0590820334771,-2.39273292899737,
61.528654603482));
#17996=CARTESIAN_POINT('Ctrl Pts',(-47.0029039900134,-2.80356617431437,
61.2849783996185));
#17997=CARTESIAN_POINT('Ctrl Pts',(-46.9442793643786,-3.16385840391126,
61.));
#17998=CARTESIAN_POINT('',(-34.5,6.2456986756515E-16,62.1));
#17999=CARTESIAN_POINT('',(-52.5,-6.2456986756515E-16,62.1));
#18000=CARTESIAN_POINT('Origin',(-34.5,0.,57.));
#18001=CARTESIAN_POINT('',(-46.9442793643786,3.16385840391127,61.));
#18002=CARTESIAN_POINT('Ctrl Pts',(-46.9442793643786,3.16385840391127,61.));
#18003=CARTESIAN_POINT('Ctrl Pts',(-47.0029039900134,2.80356617431437,61.2849783996185));
#18004=CARTESIAN_POINT('Ctrl Pts',(-47.0590820334771,2.39273292899736,61.528654603482));
#18005=CARTESIAN_POINT('Ctrl Pts',(-47.1653203959551,1.32789134271866,61.9708013850627));
#18006=CARTESIAN_POINT('Ctrl Pts',(-47.2,0.643485671271425,62.1));
#18007=CARTESIAN_POINT('Ctrl Pts',(-47.2,-1.38777878078145E-16,62.1));
#18008=CARTESIAN_POINT('',(-44.9149361181717,3.16385840391127,61.));
#18009=CARTESIAN_POINT('',(-52.5,3.16385840391127,61.));
#18010=CARTESIAN_POINT('',(-44.6184111412245,4.49999999999999,59.4));
#18011=CARTESIAN_POINT('Ctrl Pts',(-44.6184111412245,4.5,59.4));
#18012=CARTESIAN_POINT('Ctrl Pts',(-44.6819802071122,4.2581774653935,59.8534172523872));
#18013=CARTESIAN_POINT('Ctrl Pts',(-44.7575188091628,3.94844489890601,60.2640442691968));
#18014=CARTESIAN_POINT('Ctrl Pts',(-44.8572692488914,3.46912389537764,60.7433652727251));
#18015=CARTESIAN_POINT('Ctrl Pts',(-44.8863437948731,3.32124012589331,60.8755166290713));
#18016=CARTESIAN_POINT('Ctrl Pts',(-44.9149361181717,3.16385840391126,61.));
#18017=CARTESIAN_POINT('',(-52.5,4.5,59.4));
#18018=CARTESIAN_POINT('Origin',(-27.5,0.,40.));
#18019=CARTESIAN_POINT('',(-20.5,-18.4143965418365,59.4));
#18020=CARTESIAN_POINT('Origin',(-27.5,0.,59.4));
#18021=CARTESIAN_POINT('',(-20.5,-18.4143965418365,40.));
#18022=CARTESIAN_POINT('',(-20.5,-18.4143965418365,40.));
#18023=CARTESIAN_POINT('',(-20.5,18.4143965418365,40.));
#18024=CARTESIAN_POINT('Origin',(-27.5,0.,40.));
#18025=CARTESIAN_POINT('',(-20.5,18.4143965418365,59.4));
#18026=CARTESIAN_POINT('',(-20.5,18.4143965418365,40.));
#18027=CARTESIAN_POINT('Origin',(-27.5,0.,59.4));
#18028=CARTESIAN_POINT('Origin',(-27.5,0.,59.4));
#18029=CARTESIAN_POINT('',(-20.5,-16.2569984929568,59.4));
#18030=CARTESIAN_POINT('Origin',(-27.5,0.,59.4));
#18031=CARTESIAN_POINT('',(-20.5,-10.5,59.4));
#18032=CARTESIAN_POINT('Origin',(-27.5,0.,59.4));
#18033=CARTESIAN_POINT('',(-20.5,-16.2569984929568,61.));
#18034=CARTESIAN_POINT('Origin',(-27.5,0.,61.));
#18035=CARTESIAN_POINT('',(-20.5,-16.2569984929568,59.4));
#18036=CARTESIAN_POINT('Origin',(-27.5,0.,61.));
#18037=CARTESIAN_POINT('',(-20.5,-18.4143965418365,61.));
#18038=CARTESIAN_POINT('Origin',(-27.5,0.,61.));
#18039=CARTESIAN_POINT('',(-20.5,-10.5,61.));
#18040=CARTESIAN_POINT('Origin',(-27.5,0.,40.));
#18041=CARTESIAN_POINT('',(-34.5,-18.4143965418365,61.));
#18042=CARTESIAN_POINT('Origin',(-27.5,0.,61.));
#18043=CARTESIAN_POINT('',(-34.5,-18.4143965418365,62.4));
#18044=CARTESIAN_POINT('',(-34.5,-18.4143965418365,40.));
#18045=CARTESIAN_POINT('',(-34.5,18.4143965418365,62.4));
#18046=CARTESIAN_POINT('Origin',(-27.5,0.,62.4));
#18047=CARTESIAN_POINT('',(-34.5,18.4143965418365,61.));
#18048=CARTESIAN_POINT('',(-34.5,18.4143965418365,40.));
#18049=CARTESIAN_POINT('Origin',(-27.5,0.,61.));
#18050=CARTESIAN_POINT('Origin',(-27.5,0.,61.));
#18051=CARTESIAN_POINT('',(-34.5,-16.2569984929568,61.));
#18052=CARTESIAN_POINT('Origin',(-27.5,0.,61.));
#18053=CARTESIAN_POINT('',(-34.5,10.5,61.));
#18054=CARTESIAN_POINT('Origin',(-27.5,0.,59.4));
#18055=CARTESIAN_POINT('',(-34.5,-16.2569984929568,59.4));
#18056=CARTESIAN_POINT('Origin',(-27.5,0.,59.4));
#18057=CARTESIAN_POINT('',(-34.5,-16.2569984929568,59.4));
#18058=CARTESIAN_POINT('Origin',(-27.5,0.,59.4));
#18059=CARTESIAN_POINT('',(-34.5,-18.4143965418365,59.4));
#18060=CARTESIAN_POINT('Origin',(-27.5,0.,59.4));
#18061=CARTESIAN_POINT('',(-34.5,10.5,59.4));
#18062=CARTESIAN_POINT('Origin',(-34.5,21.,39.));
#18063=CARTESIAN_POINT('',(-34.5,16.2569984929568,66.5));
#18064=CARTESIAN_POINT('',(-34.5,16.2569984929568,65.4));
#18065=CARTESIAN_POINT('',(-34.5,16.2569984929568,65.4));
#18066=CARTESIAN_POINT('',(-34.5,-16.2569984929568,66.5));
#18067=CARTESIAN_POINT('',(-34.5,21.,66.5));
#18068=CARTESIAN_POINT('',(-34.5,-16.2569984929568,65.4));
#18069=CARTESIAN_POINT('',(-34.5,-16.2569984929568,65.4));
#18070=CARTESIAN_POINT('',(-34.5,-18.4143965418365,65.4));
#18071=CARTESIAN_POINT('',(-34.5,10.5,65.4));
#18072=CARTESIAN_POINT('',(-34.5,-18.4143965418365,64.));
#18073=CARTESIAN_POINT('',(-34.5,-18.4143965418365,40.));
#18074=CARTESIAN_POINT('',(-34.5,-16.2569984929568,64.));
#18075=CARTESIAN_POINT('',(-34.5,10.5,64.));
#18076=CARTESIAN_POINT('',(-34.5,-16.2569984929568,62.4));
#18077=CARTESIAN_POINT('',(-34.5,-16.2569984929568,62.4));
#18078=CARTESIAN_POINT('',(-34.5,10.5,62.4));
#18079=CARTESIAN_POINT('',(-34.5,-18.4143965418365,40.));
#18080=CARTESIAN_POINT('',(-34.5,-18.4143965418365,40.));
#18081=CARTESIAN_POINT('',(-34.5,18.4143965418365,40.));
#18082=CARTESIAN_POINT('',(-34.5,10.5,40.));
#18083=CARTESIAN_POINT('',(-34.5,18.4143965418365,59.4));
#18084=CARTESIAN_POINT('',(-34.5,18.4143965418365,40.));
#18085=CARTESIAN_POINT('',(-34.5,16.2569984929568,59.4));
#18086=CARTESIAN_POINT('',(-34.5,10.5,59.4));
#18087=CARTESIAN_POINT('',(-34.5,16.2569984929568,61.));
#18088=CARTESIAN_POINT('',(-34.5,16.2569984929568,59.4));
#18089=CARTESIAN_POINT('',(-34.5,10.5,61.));
#18090=CARTESIAN_POINT('',(-34.5,16.2569984929568,62.4));
#18091=CARTESIAN_POINT('',(-34.5,10.5,62.4));
#18092=CARTESIAN_POINT('',(-34.5,16.2569984929568,64.));
#18093=CARTESIAN_POINT('',(-34.5,16.2569984929568,62.4));
#18094=CARTESIAN_POINT('',(-34.5,18.4143965418365,64.));
#18095=CARTESIAN_POINT('',(-34.5,10.5,64.));
#18096=CARTESIAN_POINT('',(-34.5,18.4143965418365,65.4));
#18097=CARTESIAN_POINT('',(-34.5,18.4143965418365,40.));
#18098=CARTESIAN_POINT('',(-34.5,10.5,65.4));
#18099=CARTESIAN_POINT('Origin',(-27.5,0.,66.5));
#18100=CARTESIAN_POINT('',(-20.5,16.2569984929568,66.5));
#18101=CARTESIAN_POINT('Origin',(-27.5,0.,66.5));
#18102=CARTESIAN_POINT('',(-20.5,-16.2569984929568,66.5));
#18103=CARTESIAN_POINT('',(-20.5,-21.,66.5));
#18104=CARTESIAN_POINT('Origin',(-27.5,0.,66.5));
#18105=CARTESIAN_POINT('Origin',(-20.5,-21.,39.));
#18106=CARTESIAN_POINT('',(-20.5,16.2569984929568,65.4));
#18107=CARTESIAN_POINT('',(-20.5,16.2569984929568,65.4));
#18108=CARTESIAN_POINT('',(-20.5,18.4143965418365,65.4));
#18109=CARTESIAN_POINT('',(-20.5,-10.5,65.4));
#18110=CARTESIAN_POINT('',(-20.5,18.4143965418365,64.));
#18111=CARTESIAN_POINT('',(-20.5,18.4143965418365,40.));
#18112=CARTESIAN_POINT('',(-20.5,16.2569984929568,64.));
#18113=CARTESIAN_POINT('',(-20.5,-10.5,64.));
#18114=CARTESIAN_POINT('',(-20.5,16.2569984929568,62.4));
#18115=CARTESIAN_POINT('',(-20.5,16.2569984929568,62.4));
#18116=CARTESIAN_POINT('',(-20.5,18.4143965418365,62.4));
#18117=CARTESIAN_POINT('',(-20.5,-10.5,62.4));
#18118=CARTESIAN_POINT('',(-20.5,18.4143965418365,61.));
#18119=CARTESIAN_POINT('',(-20.5,18.4143965418365,40.));
#18120=CARTESIAN_POINT('',(-20.5,16.2569984929568,61.));
#18121=CARTESIAN_POINT('',(-20.5,-10.5,61.));
#18122=CARTESIAN_POINT('',(-20.5,16.2569984929568,59.4));
#18123=CARTESIAN_POINT('',(-20.5,16.2569984929568,59.4));
#18124=CARTESIAN_POINT('',(-20.5,-10.5,59.4));
#18125=CARTESIAN_POINT('',(-20.5,-10.5,40.));
#18126=CARTESIAN_POINT('',(-20.5,-18.4143965418365,62.4));
#18127=CARTESIAN_POINT('',(-20.5,-18.4143965418365,40.));
#18128=CARTESIAN_POINT('',(-20.5,-16.2569984929568,62.4));
#18129=CARTESIAN_POINT('',(-20.5,-10.5,62.4));
#18130=CARTESIAN_POINT('',(-20.5,-16.2569984929568,64.));
#18131=CARTESIAN_POINT('',(-20.5,-16.2569984929568,62.4));
#18132=CARTESIAN_POINT('',(-20.5,-18.4143965418365,64.));
#18133=CARTESIAN_POINT('',(-20.5,-10.5,64.));
#18134=CARTESIAN_POINT('',(-20.5,-18.4143965418365,65.4));
#18135=CARTESIAN_POINT('',(-20.5,-18.4143965418365,40.));
#18136=CARTESIAN_POINT('',(-20.5,-16.2569984929568,65.4));
#18137=CARTESIAN_POINT('',(-20.5,-10.5,65.4));
#18138=CARTESIAN_POINT('',(-20.5,-16.2569984929568,65.4));
#18139=CARTESIAN_POINT('Origin',(-27.5,0.,65.4));
#18140=CARTESIAN_POINT('',(-45.2,-2.16762483449082E-15,65.4));
#18141=CARTESIAN_POINT('Origin',(-27.5,0.,65.4));
#18142=CARTESIAN_POINT('',(-45.2,-2.16762483449082E-15,67.));
#18143=CARTESIAN_POINT('',(-45.2,-2.16762483449082E-15,65.4));
#18144=CARTESIAN_POINT('Origin',(-27.5,0.,67.));
#18145=CARTESIAN_POINT('Origin',(-27.5,0.,65.4));
#18146=CARTESIAN_POINT('Origin',(-27.5,0.,65.4));
#18147=CARTESIAN_POINT('Origin',(-27.5,0.,65.4));
#18148=CARTESIAN_POINT('Origin',(-27.5,0.,65.4));
#18149=CARTESIAN_POINT('Origin',(-27.5,0.,65.4));
#18150=CARTESIAN_POINT('Origin',(-27.5,0.,65.4));
#18151=CARTESIAN_POINT('Origin',(-27.5,0.,40.));
#18152=CARTESIAN_POINT('Origin',(-27.5,0.,64.));
#18153=CARTESIAN_POINT('Origin',(-27.5,0.,40.));
#18154=CARTESIAN_POINT('Origin',(-27.5,0.,64.));
#18155=CARTESIAN_POINT('Origin',(-27.5,0.,64.));
#18156=CARTESIAN_POINT('Origin',(-27.5,0.,64.));
#18157=CARTESIAN_POINT('Origin',(-27.5,0.,64.));
#18158=CARTESIAN_POINT('Origin',(-27.5,0.,64.));
#18159=CARTESIAN_POINT('Origin',(-27.5,0.,62.4));
#18160=CARTESIAN_POINT('Origin',(-27.5,0.,62.4));
#18161=CARTESIAN_POINT('Origin',(-27.5,0.,62.4));
#18162=CARTESIAN_POINT('Origin',(-27.5,0.,62.4));
#18163=CARTESIAN_POINT('Origin',(-27.5,0.,62.4));
#18164=CARTESIAN_POINT('Origin',(-27.5,0.,62.4));
#18165=CARTESIAN_POINT('Origin',(-27.5,0.,62.4));
#18166=CARTESIAN_POINT('Origin',(-27.5,0.,40.));
#18167=CARTESIAN_POINT('Origin',(-27.5,0.,40.));
#18168=CARTESIAN_POINT('Origin',(-27.5,0.,40.));
#18169=CARTESIAN_POINT('Origin',(-27.5,0.,61.));
#18170=CARTESIAN_POINT('Origin',(-27.5,0.,40.));
#18171=CARTESIAN_POINT('Origin',(-27.5,0.,59.4));
#18172=CARTESIAN_POINT('Origin',(-27.5,0.,61.));
#18173=CARTESIAN_POINT('Origin',(-27.5,0.,61.));
#18174=CARTESIAN_POINT('Origin',(-27.5,0.,61.));
#18175=CARTESIAN_POINT('Origin',(-27.5,0.,61.));
#18176=CARTESIAN_POINT('Origin',(-27.5,0.,59.4));
#18177=CARTESIAN_POINT('Origin',(-27.5,0.,59.4));
#18178=CARTESIAN_POINT('Origin',(-27.5,0.,59.4));
#18179=CARTESIAN_POINT('Origin',(-27.5,0.,59.4));
#18180=CARTESIAN_POINT('Origin',(-27.5,0.,59.4));
#18181=CARTESIAN_POINT('Origin',(-27.5,0.,67.));
#18182=CARTESIAN_POINT('',(-47.2,-2.41255419432029E-15,67.));
#18183=CARTESIAN_POINT('Origin',(-27.5,0.,67.));
#18184=CARTESIAN_POINT('Origin',(-27.5,0.,59.4));
#18185=CARTESIAN_POINT('Origin',(-27.5,0.,40.));
#18186=CARTESIAN_POINT('',(-47.2,-2.41255419432029E-15,68.));
#18187=CARTESIAN_POINT('Origin',(-27.5,0.,68.));
#18188=CARTESIAN_POINT('',(-47.2,-2.41255419432029E-15,40.));
#18189=CARTESIAN_POINT('Origin',(-27.5,0.,68.));
#18190=CARTESIAN_POINT('Origin',(-27.5,0.,40.));
#18191=CARTESIAN_POINT('',(0.,0.,0.));
#18192=CARTESIAN_POINT('Origin',(27.5,0.,69.25));
#18193=CARTESIAN_POINT('',(14.,1.65327317884893E-15,70.));
#18194=CARTESIAN_POINT('Origin',(27.5,0.,70.));
#18195=CARTESIAN_POINT('',(12.5,-1.83697019872103E-15,68.5));
#18196=CARTESIAN_POINT('',(13.25,-1.74512168878498E-15,69.25));
#18197=CARTESIAN_POINT('Origin',(27.5,0.,68.5));
#18198=CARTESIAN_POINT('Origin',(27.5,0.,68.));
#18199=CARTESIAN_POINT('',(12.5,-1.83697019872103E-15,68.));
#18200=CARTESIAN_POINT('',(12.5,-1.83697019872103E-15,68.));
#18201=CARTESIAN_POINT('Origin',(27.5,0.,68.));
#18202=CARTESIAN_POINT('Origin',(27.5,0.,70.));
#18203=CARTESIAN_POINT('Origin',(2.5,0.,57.));
#18204=CARTESIAN_POINT('',(34.5,-6.2456986756515E-16,62.1));
#18205=CARTESIAN_POINT('Origin',(34.5,0.,57.));
#18206=CARTESIAN_POINT('',(47.2,-6.2456986756515E-16,62.1));
#18207=CARTESIAN_POINT('',(2.5,-6.2456986756515E-16,62.1));
#18208=CARTESIAN_POINT('',(46.9442793643786,-3.16385840391127,61.));
#18209=CARTESIAN_POINT('Ctrl Pts',(46.9442793643786,-3.16385840391126,61.));
#18210=CARTESIAN_POINT('Ctrl Pts',(47.0029039900134,-2.80356617431438,61.2849783996185));
#18211=CARTESIAN_POINT('Ctrl Pts',(47.0590820334771,-2.39273292899737,61.528654603482));
#18212=CARTESIAN_POINT('Ctrl Pts',(47.1653203959551,-1.32789134271868,61.9708013850627));
#18213=CARTESIAN_POINT('Ctrl Pts',(47.2,-0.643485671271426,62.1));
#18214=CARTESIAN_POINT('Ctrl Pts',(47.2,-1.38777878078145E-16,62.1));
#18215=CARTESIAN_POINT('',(44.9149361181717,-3.16385840391127,61.));
#18216=CARTESIAN_POINT('',(2.5,-3.16385840391127,61.));
#18217=CARTESIAN_POINT('',(44.6184111412245,-4.5,59.4));
#18218=CARTESIAN_POINT('Ctrl Pts',(44.6184111412245,-4.49999999999999,59.4));
#18219=CARTESIAN_POINT('Ctrl Pts',(44.6819802071122,-4.25817746539351,59.8534172523872));
#18220=CARTESIAN_POINT('Ctrl Pts',(44.7575188091628,-3.94844489890601,60.2640442691968));
#18221=CARTESIAN_POINT('Ctrl Pts',(44.8572692488914,-3.46912389537764,60.7433652727251));
#18222=CARTESIAN_POINT('Ctrl Pts',(44.8863437948731,-3.3212401258933,60.8755166290713));
#18223=CARTESIAN_POINT('Ctrl Pts',(44.9149361181717,-3.16385840391127,61.));
#18224=CARTESIAN_POINT('',(46.679155351579,-4.49999999999999,59.4));
#18225=CARTESIAN_POINT('',(2.5,-4.5,59.4));
#18226=CARTESIAN_POINT('',(46.679155351579,4.49999999999999,59.4));
#18227=CARTESIAN_POINT('Ctrl Pts',(46.679155351579,4.5,59.4));
#18228=CARTESIAN_POINT('Ctrl Pts',(46.6611053607964,4.57692968384751,59.2557568427859));
#18229=CARTESIAN_POINT('Ctrl Pts',(46.6441374078244,4.64717145282699,59.1073026507417));
#18230=CARTESIAN_POINT('Ctrl Pts',(46.5644554073281,4.97077599790109,58.3279563159205));
#18231=CARTESIAN_POINT('Ctrl Pts',(46.5283998276261,5.1,57.6435896030882));
#18232=CARTESIAN_POINT('Ctrl Pts',(46.5283998276261,5.1,57.));
#18233=CARTESIAN_POINT('Ctrl Pts',(46.5283998276261,5.1,56.3564103969118));
#18234=CARTESIAN_POINT('Ctrl Pts',(46.5644554073281,4.97077599790109,55.6720436840795));
#18235=CARTESIAN_POINT('Ctrl Pts',(46.6928301730276,4.44942039193707,54.4164476585245));
#18236=CARTESIAN_POINT('Ctrl Pts',(46.7830972067553,4.05743700963156,53.8449478415288));
#18237=CARTESIAN_POINT('Ctrl Pts',(46.9511118204973,3.1551250205067,52.9426358524039));
#18238=CARTESIAN_POINT('Ctrl Pts',(47.0400398850742,2.58359497768255,52.5505957203591));
#18239=CARTESIAN_POINT('Ctrl Pts',(47.1653203959551,1.32789134271867,52.0291986149373));
#18240=CARTESIAN_POINT('Ctrl Pts',(47.2,0.643485671271425,51.9));
#18241=CARTESIAN_POINT('Ctrl Pts',(47.2,-0.643485671271425,51.9));
#18242=CARTESIAN_POINT('Ctrl Pts',(47.1653203959551,-1.32789134271867,52.0291986149373));
#18243=CARTESIAN_POINT('Ctrl Pts',(47.0400398850742,-2.58359497768255,52.5505957203591));
#18244=CARTESIAN_POINT('Ctrl Pts',(46.9511118204973,-3.1551250205067,52.9426358524039));
#18245=CARTESIAN_POINT('Ctrl Pts',(46.7830972067553,-4.05743700963156,53.8449478415288));
#18246=CARTESIAN_POINT('Ctrl Pts',(46.6928301730276,-4.44942039193707,54.4164476585245));
#18247=CARTESIAN_POINT('Ctrl Pts',(46.5644554073281,-4.97077599790109,55.6720436840795));
#18248=CARTESIAN_POINT('Ctrl Pts',(46.5283998276261,-5.1,56.3564103969118));
#18249=CARTESIAN_POINT('Ctrl Pts',(46.5283998276261,-5.1,57.6435896030882));
#18250=CARTESIAN_POINT('Ctrl Pts',(46.5644554073281,-4.97077599790109,58.3279563159205));
#18251=CARTESIAN_POINT('Ctrl Pts',(46.6441374078244,-4.64717145282699,59.1073026507417));
#18252=CARTESIAN_POINT('Ctrl Pts',(46.6611053607964,-4.57692968384751,59.2557568427859));
#18253=CARTESIAN_POINT('Ctrl Pts',(46.679155351579,-4.5,59.4));
#18254=CARTESIAN_POINT('',(44.6184111412245,4.5,59.4));
#18255=CARTESIAN_POINT('',(2.5,4.5,59.4));
#18256=CARTESIAN_POINT('',(44.9149361181717,3.16385840391127,61.));
#18257=CARTESIAN_POINT('Ctrl Pts',(44.9149361181717,3.16385840391127,61.));
#18258=CARTESIAN_POINT('Ctrl Pts',(44.8863437948731,3.3212401258933,60.8755166290713));
#18259=CARTESIAN_POINT('Ctrl Pts',(44.8572692488914,3.46912389537764,60.7433652727251));
#18260=CARTESIAN_POINT('Ctrl Pts',(44.7575188091628,3.94844489890601,60.2640442691968));
#18261=CARTESIAN_POINT('Ctrl Pts',(44.6819802071122,4.2581774653935,59.8534172523872));
#18262=CARTESIAN_POINT('Ctrl Pts',(44.6184111412245,4.49999999999999,59.4));
#18263=CARTESIAN_POINT('',(46.9442793643786,3.16385840391127,61.));
#18264=CARTESIAN_POINT('',(2.5,3.16385840391127,61.));
#18265=CARTESIAN_POINT('Ctrl Pts',(47.2,-4.16333634234434E-16,62.1));
#18266=CARTESIAN_POINT('Ctrl Pts',(47.2,0.643485671271426,62.1));
#18267=CARTESIAN_POINT('Ctrl Pts',(47.1653203959551,1.32789134271867,61.9708013850627));
#18268=CARTESIAN_POINT('Ctrl Pts',(47.0590820334771,2.39273292899737,61.528654603482));
#18269=CARTESIAN_POINT('Ctrl Pts',(47.0029039900134,2.80356617431438,61.2849783996185));
#18270=CARTESIAN_POINT('Ctrl Pts',(46.9442793643786,3.16385840391127,61.));
#18271=CARTESIAN_POINT('Origin',(2.5,0.,57.));
#18272=CARTESIAN_POINT('',(8.32084464842104,-4.49999999999999,59.4));
#18273=CARTESIAN_POINT('',(8.32084464842104,4.49999999999999,59.4));
#18274=CARTESIAN_POINT('Ctrl Pts',(8.32084464842104,-4.5,59.4));
#18275=CARTESIAN_POINT('Ctrl Pts',(8.33889463920363,-4.57692968384752,59.2557568427859));
#18276=CARTESIAN_POINT('Ctrl Pts',(8.35586259217556,-4.64717145282699,59.1073026507417));
#18277=CARTESIAN_POINT('Ctrl Pts',(8.4355445926719,-4.97077599790109,58.3279563159205));
#18278=CARTESIAN_POINT('Ctrl Pts',(8.47160017237393,-5.1,57.6435896030882));
#18279=CARTESIAN_POINT('Ctrl Pts',(8.47160017237393,-5.1,56.3564103969118));
#18280=CARTESIAN_POINT('Ctrl Pts',(8.4355445926719,-4.97077599790109,55.6720436840795));
#18281=CARTESIAN_POINT('Ctrl Pts',(8.30716982697236,-4.44942039193707,54.4164476585245));
#18282=CARTESIAN_POINT('Ctrl Pts',(8.21690279324469,-4.05743700963156,53.8449478415288));
#18283=CARTESIAN_POINT('Ctrl Pts',(8.04888817950266,-3.1551250205067,52.9426358524039));
#18284=CARTESIAN_POINT('Ctrl Pts',(7.95996011492577,-2.58359497768254,52.5505957203591));
#18285=CARTESIAN_POINT('Ctrl Pts',(7.83467960404488,-1.32789134271866,52.0291986149373));
#18286=CARTESIAN_POINT('Ctrl Pts',(7.8,-0.643485671271426,51.9));
#18287=CARTESIAN_POINT('Ctrl Pts',(7.8,0.643485671271424,51.9));
#18288=CARTESIAN_POINT('Ctrl Pts',(7.83467960404488,1.32789134271867,52.0291986149373));
#18289=CARTESIAN_POINT('Ctrl Pts',(7.95996011492577,2.58359497768255,52.5505957203591));
#18290=CARTESIAN_POINT('Ctrl Pts',(8.04888817950266,3.15512502050669,52.9426358524039));
#18291=CARTESIAN_POINT('Ctrl Pts',(8.21690279324469,4.05743700963156,53.8449478415288));
#18292=CARTESIAN_POINT('Ctrl Pts',(8.30716982697236,4.44942039193707,54.4164476585245));
#18293=CARTESIAN_POINT('Ctrl Pts',(8.4355445926719,4.97077599790109,55.6720436840795));
#18294=CARTESIAN_POINT('Ctrl Pts',(8.47160017237393,5.1,56.3564103969118));
#18295=CARTESIAN_POINT('Ctrl Pts',(8.47160017237393,5.1,57.));
#18296=CARTESIAN_POINT('Ctrl Pts',(8.47160017237393,5.1,57.6435896030882));
#18297=CARTESIAN_POINT('Ctrl Pts',(8.4355445926719,4.97077599790109,58.3279563159205));
#18298=CARTESIAN_POINT('Ctrl Pts',(8.35586259217556,4.64717145282699,59.1073026507417));
#18299=CARTESIAN_POINT('Ctrl Pts',(8.33889463920362,4.57692968384751,59.2557568427859));
#18300=CARTESIAN_POINT('Ctrl Pts',(8.32084464842104,4.5,59.4));
#18301=CARTESIAN_POINT('',(10.3815888587755,-4.5,59.4));
#18302=CARTESIAN_POINT('',(2.5,-4.5,59.4));
#18303=CARTESIAN_POINT('',(10.0850638818283,-3.16385840391127,61.));
#18304=CARTESIAN_POINT('Ctrl Pts',(10.0850638818283,-3.16385840391127,61.));
#18305=CARTESIAN_POINT('Ctrl Pts',(10.1136562051269,-3.32124012589331,60.8755166290713));
#18306=CARTESIAN_POINT('Ctrl Pts',(10.1427307511086,-3.46912389537764,60.7433652727251));
#18307=CARTESIAN_POINT('Ctrl Pts',(10.2424811908372,-3.94844489890601,60.2640442691968));
#18308=CARTESIAN_POINT('Ctrl Pts',(10.3180197928878,-4.25817746539351,59.8534172523872));
#18309=CARTESIAN_POINT('Ctrl Pts',(10.3815888587755,-4.49999999999999,59.4));
#18310=CARTESIAN_POINT('',(8.05572063562139,-3.16385840391127,61.));
#18311=CARTESIAN_POINT('',(2.5,-3.16385840391127,61.));
#18312=CARTESIAN_POINT('',(7.8,-6.2456986756515E-16,62.1));
#18313=CARTESIAN_POINT('Ctrl Pts',(7.8,9.71445146547012E-16,62.1));
#18314=CARTESIAN_POINT('Ctrl Pts',(7.8,-0.643485671271424,62.1));
#18315=CARTESIAN_POINT('Ctrl Pts',(7.83467960404488,-1.32789134271867,61.9708013850627));
#18316=CARTESIAN_POINT('Ctrl Pts',(7.94091796652286,-2.39273292899737,61.528654603482));
#18317=CARTESIAN_POINT('Ctrl Pts',(7.99709600998664,-2.80356617431437,61.2849783996185));
#18318=CARTESIAN_POINT('Ctrl Pts',(8.05572063562139,-3.16385840391126,61.));
#18319=CARTESIAN_POINT('',(20.5,6.2456986756515E-16,62.1));
#18320=CARTESIAN_POINT('',(2.5,-6.2456986756515E-16,62.1));
#18321=CARTESIAN_POINT('Origin',(20.5,0.,57.));
#18322=CARTESIAN_POINT('',(8.05572063562139,3.16385840391127,61.));
#18323=CARTESIAN_POINT('Ctrl Pts',(8.05572063562139,3.16385840391127,61.));
#18324=CARTESIAN_POINT('Ctrl Pts',(7.99709600998665,2.80356617431437,61.2849783996185));
#18325=CARTESIAN_POINT('Ctrl Pts',(7.94091796652286,2.39273292899736,61.528654603482));
#18326=CARTESIAN_POINT('Ctrl Pts',(7.83467960404488,1.32789134271866,61.9708013850627));
#18327=CARTESIAN_POINT('Ctrl Pts',(7.8,0.643485671271425,62.1));
#18328=CARTESIAN_POINT('Ctrl Pts',(7.8,-1.38777878078145E-16,62.1));
#18329=CARTESIAN_POINT('',(10.0850638818283,3.16385840391127,61.));
#18330=CARTESIAN_POINT('',(2.5,3.16385840391127,61.));
#18331=CARTESIAN_POINT('',(10.3815888587755,4.5,59.4));
#18332=CARTESIAN_POINT('Ctrl Pts',(10.3815888587755,4.49999999999999,59.4));
#18333=CARTESIAN_POINT('Ctrl Pts',(10.3180197928878,4.25817746539351,59.8534172523872));
#18334=CARTESIAN_POINT('Ctrl Pts',(10.2424811908372,3.94844489890601,60.2640442691968));
#18335=CARTESIAN_POINT('Ctrl Pts',(10.1427307511086,3.46912389537764,60.7433652727251));
#18336=CARTESIAN_POINT('Ctrl Pts',(10.1136562051269,3.3212401258933,60.8755166290713));
#18337=CARTESIAN_POINT('Ctrl Pts',(10.0850638818283,3.16385840391127,61.));
#18338=CARTESIAN_POINT('',(2.5,4.5,59.4));
#18339=CARTESIAN_POINT('Origin',(27.5,0.,40.));
#18340=CARTESIAN_POINT('',(34.5,-18.4143965418365,59.4));
#18341=CARTESIAN_POINT('Origin',(27.5,0.,59.4));
#18342=CARTESIAN_POINT('',(34.5,-18.4143965418365,40.));
#18343=CARTESIAN_POINT('',(34.5,-18.4143965418365,40.));
#18344=CARTESIAN_POINT('',(34.5,18.4143965418365,40.));
#18345=CARTESIAN_POINT('Origin',(27.5,0.,40.));
#18346=CARTESIAN_POINT('',(34.5,18.4143965418365,59.4));
#18347=CARTESIAN_POINT('',(34.5,18.4143965418365,40.));
#18348=CARTESIAN_POINT('Origin',(27.5,0.,59.4));
#18349=CARTESIAN_POINT('Origin',(27.5,0.,59.4));
#18350=CARTESIAN_POINT('',(34.5,-16.2569984929568,59.4));
#18351=CARTESIAN_POINT('Origin',(27.5,0.,59.4));
#18352=CARTESIAN_POINT('',(34.5,-10.5,59.4));
#18353=CARTESIAN_POINT('Origin',(27.5,0.,59.4));
#18354=CARTESIAN_POINT('',(34.5,-16.2569984929568,61.));
#18355=CARTESIAN_POINT('Origin',(27.5,0.,61.));
#18356=CARTESIAN_POINT('',(34.5,-16.2569984929568,59.4));
#18357=CARTESIAN_POINT('Origin',(27.5,0.,61.));
#18358=CARTESIAN_POINT('',(34.5,-18.4143965418365,61.));
#18359=CARTESIAN_POINT('Origin',(27.5,0.,61.));
#18360=CARTESIAN_POINT('',(34.5,-10.5,61.));
#18361=CARTESIAN_POINT('Origin',(27.5,0.,40.));
#18362=CARTESIAN_POINT('',(20.5,-18.4143965418365,61.));
#18363=CARTESIAN_POINT('Origin',(27.5,0.,61.));
#18364=CARTESIAN_POINT('',(20.5,-18.4143965418365,62.4));
#18365=CARTESIAN_POINT('',(20.5,-18.4143965418365,40.));
#18366=CARTESIAN_POINT('',(20.5,18.4143965418365,62.4));
#18367=CARTESIAN_POINT('Origin',(27.5,0.,62.4));
#18368=CARTESIAN_POINT('',(20.5,18.4143965418365,61.));
#18369=CARTESIAN_POINT('',(20.5,18.4143965418365,40.));
#18370=CARTESIAN_POINT('Origin',(27.5,0.,61.));
#18371=CARTESIAN_POINT('Origin',(27.5,0.,61.));
#18372=CARTESIAN_POINT('',(20.5,-16.2569984929568,61.));
#18373=CARTESIAN_POINT('Origin',(27.5,0.,61.));
#18374=CARTESIAN_POINT('',(20.5,10.5,61.));
#18375=CARTESIAN_POINT('Origin',(27.5,0.,59.4));
#18376=CARTESIAN_POINT('',(20.5,-16.2569984929568,59.4));
#18377=CARTESIAN_POINT('Origin',(27.5,0.,59.4));
#18378=CARTESIAN_POINT('',(20.5,-16.2569984929568,59.4));
#18379=CARTESIAN_POINT('Origin',(27.5,0.,59.4));
#18380=CARTESIAN_POINT('',(20.5,-18.4143965418365,59.4));
#18381=CARTESIAN_POINT('Origin',(27.5,0.,59.4));
#18382=CARTESIAN_POINT('',(20.5,10.5,59.4));
#18383=CARTESIAN_POINT('Origin',(20.5,21.,39.));
#18384=CARTESIAN_POINT('',(20.5,16.2569984929568,66.5));
#18385=CARTESIAN_POINT('',(20.5,16.2569984929568,65.4));
#18386=CARTESIAN_POINT('',(20.5,16.2569984929568,65.4));
#18387=CARTESIAN_POINT('',(20.5,-16.2569984929568,66.5));
#18388=CARTESIAN_POINT('',(20.5,21.,66.5));
#18389=CARTESIAN_POINT('',(20.5,-16.2569984929568,65.4));
#18390=CARTESIAN_POINT('',(20.5,-16.2569984929568,65.4));
#18391=CARTESIAN_POINT('',(20.5,-18.4143965418365,65.4));
#18392=CARTESIAN_POINT('',(20.5,10.5,65.4));
#18393=CARTESIAN_POINT('',(20.5,-18.4143965418365,64.));
#18394=CARTESIAN_POINT('',(20.5,-18.4143965418365,40.));
#18395=CARTESIAN_POINT('',(20.5,-16.2569984929568,64.));
#18396=CARTESIAN_POINT('',(20.5,10.5,64.));
#18397=CARTESIAN_POINT('',(20.5,-16.2569984929568,62.4));
#18398=CARTESIAN_POINT('',(20.5,-16.2569984929568,62.4));
#18399=CARTESIAN_POINT('',(20.5,10.5,62.4));
#18400=CARTESIAN_POINT('',(20.5,-18.4143965418365,40.));
#18401=CARTESIAN_POINT('',(20.5,-18.4143965418365,40.));
#18402=CARTESIAN_POINT('',(20.5,18.4143965418365,40.));
#18403=CARTESIAN_POINT('',(20.5,10.5,40.));
#18404=CARTESIAN_POINT('',(20.5,18.4143965418365,59.4));
#18405=CARTESIAN_POINT('',(20.5,18.4143965418365,40.));
#18406=CARTESIAN_POINT('',(20.5,16.2569984929568,59.4));
#18407=CARTESIAN_POINT('',(20.5,10.5,59.4));
#18408=CARTESIAN_POINT('',(20.5,16.2569984929568,61.));
#18409=CARTESIAN_POINT('',(20.5,16.2569984929568,59.4));
#18410=CARTESIAN_POINT('',(20.5,10.5,61.));
#18411=CARTESIAN_POINT('',(20.5,16.2569984929568,62.4));
#18412=CARTESIAN_POINT('',(20.5,10.5,62.4));
#18413=CARTESIAN_POINT('',(20.5,16.2569984929568,64.));
#18414=CARTESIAN_POINT('',(20.5,16.2569984929568,62.4));
#18415=CARTESIAN_POINT('',(20.5,18.4143965418365,64.));
#18416=CARTESIAN_POINT('',(20.5,10.5,64.));
#18417=CARTESIAN_POINT('',(20.5,18.4143965418365,65.4));
#18418=CARTESIAN_POINT('',(20.5,18.4143965418365,40.));
#18419=CARTESIAN_POINT('',(20.5,10.5,65.4));
#18420=CARTESIAN_POINT('Origin',(27.5,0.,66.5));
#18421=CARTESIAN_POINT('',(34.5,16.2569984929568,66.5));
#18422=CARTESIAN_POINT('Origin',(27.5,0.,66.5));
#18423=CARTESIAN_POINT('',(34.5,-16.2569984929568,66.5));
#18424=CARTESIAN_POINT('',(34.5,-21.,66.5));
#18425=CARTESIAN_POINT('Origin',(27.5,0.,66.5));
#18426=CARTESIAN_POINT('Origin',(34.5,-21.,39.));
#18427=CARTESIAN_POINT('',(34.5,16.2569984929568,65.4));
#18428=CARTESIAN_POINT('',(34.5,16.2569984929568,65.4));
#18429=CARTESIAN_POINT('',(34.5,18.4143965418365,65.4));
#18430=CARTESIAN_POINT('',(34.5,-10.5,65.4));
#18431=CARTESIAN_POINT('',(34.5,18.4143965418365,64.));
#18432=CARTESIAN_POINT('',(34.5,18.4143965418365,40.));
#18433=CARTESIAN_POINT('',(34.5,16.2569984929568,64.));
#18434=CARTESIAN_POINT('',(34.5,-10.5,64.));
#18435=CARTESIAN_POINT('',(34.5,16.2569984929568,62.4));
#18436=CARTESIAN_POINT('',(34.5,16.2569984929568,62.4));
#18437=CARTESIAN_POINT('',(34.5,18.4143965418365,62.4));
#18438=CARTESIAN_POINT('',(34.5,-10.5,62.4));
#18439=CARTESIAN_POINT('',(34.5,18.4143965418365,61.));
#18440=CARTESIAN_POINT('',(34.5,18.4143965418365,40.));
#18441=CARTESIAN_POINT('',(34.5,16.2569984929568,61.));
#18442=CARTESIAN_POINT('',(34.5,-10.5,61.));
#18443=CARTESIAN_POINT('',(34.5,16.2569984929568,59.4));
#18444=CARTESIAN_POINT('',(34.5,16.2569984929568,59.4));
#18445=CARTESIAN_POINT('',(34.5,-10.5,59.4));
#18446=CARTESIAN_POINT('',(34.5,-10.5,40.));
#18447=CARTESIAN_POINT('',(34.5,-18.4143965418365,62.4));
#18448=CARTESIAN_POINT('',(34.5,-18.4143965418365,40.));
#18449=CARTESIAN_POINT('',(34.5,-16.2569984929568,62.4));
#18450=CARTESIAN_POINT('',(34.5,-10.5,62.4));
#18451=CARTESIAN_POINT('',(34.5,-16.2569984929568,64.));
#18452=CARTESIAN_POINT('',(34.5,-16.2569984929568,62.4));
#18453=CARTESIAN_POINT('',(34.5,-18.4143965418365,64.));
#18454=CARTESIAN_POINT('',(34.5,-10.5,64.));
#18455=CARTESIAN_POINT('',(34.5,-18.4143965418365,65.4));
#18456=CARTESIAN_POINT('',(34.5,-18.4143965418365,40.));
#18457=CARTESIAN_POINT('',(34.5,-16.2569984929568,65.4));
#18458=CARTESIAN_POINT('',(34.5,-10.5,65.4));
#18459=CARTESIAN_POINT('',(34.5,-16.2569984929568,65.4));
#18460=CARTESIAN_POINT('Origin',(27.5,0.,65.4));
#18461=CARTESIAN_POINT('',(9.8,-2.16762483449081E-15,65.4));
#18462=CARTESIAN_POINT('Origin',(27.5,0.,65.4));
#18463=CARTESIAN_POINT('',(9.8,-2.16762483449081E-15,67.));
#18464=CARTESIAN_POINT('',(9.8,-2.16762483449081E-15,65.4));
#18465=CARTESIAN_POINT('Origin',(27.5,0.,67.));
#18466=CARTESIAN_POINT('Origin',(27.5,0.,65.4));
#18467=CARTESIAN_POINT('Origin',(27.5,0.,65.4));
#18468=CARTESIAN_POINT('Origin',(27.5,0.,65.4));
#18469=CARTESIAN_POINT('Origin',(27.5,0.,65.4));
#18470=CARTESIAN_POINT('Origin',(27.5,0.,65.4));
#18471=CARTESIAN_POINT('Origin',(27.5,0.,65.4));
#18472=CARTESIAN_POINT('Origin',(27.5,0.,40.));
#18473=CARTESIAN_POINT('Origin',(27.5,0.,64.));
#18474=CARTESIAN_POINT('Origin',(27.5,0.,40.));
#18475=CARTESIAN_POINT('Origin',(27.5,0.,64.));
#18476=CARTESIAN_POINT('Origin',(27.5,0.,64.));
#18477=CARTESIAN_POINT('Origin',(27.5,0.,64.));
#18478=CARTESIAN_POINT('Origin',(27.5,0.,64.));
#18479=CARTESIAN_POINT('Origin',(27.5,0.,64.));
#18480=CARTESIAN_POINT('Origin',(27.5,0.,62.4));
#18481=CARTESIAN_POINT('Origin',(27.5,0.,62.4));
#18482=CARTESIAN_POINT('Origin',(27.5,0.,62.4));
#18483=CARTESIAN_POINT('Origin',(27.5,0.,62.4));
#18484=CARTESIAN_POINT('Origin',(27.5,0.,62.4));
#18485=CARTESIAN_POINT('Origin',(27.5,0.,62.4));
#18486=CARTESIAN_POINT('Origin',(27.5,0.,62.4));
#18487=CARTESIAN_POINT('Origin',(27.5,0.,40.));
#18488=CARTESIAN_POINT('Origin',(27.5,0.,40.));
#18489=CARTESIAN_POINT('Origin',(27.5,0.,40.));
#18490=CARTESIAN_POINT('Origin',(27.5,0.,61.));
#18491=CARTESIAN_POINT('Origin',(27.5,0.,40.));
#18492=CARTESIAN_POINT('Origin',(27.5,0.,59.4));
#18493=CARTESIAN_POINT('Origin',(27.5,0.,61.));
#18494=CARTESIAN_POINT('Origin',(27.5,0.,61.));
#18495=CARTESIAN_POINT('Origin',(27.5,0.,61.));
#18496=CARTESIAN_POINT('Origin',(27.5,0.,61.));
#18497=CARTESIAN_POINT('Origin',(27.5,0.,59.4));
#18498=CARTESIAN_POINT('Origin',(27.5,0.,59.4));
#18499=CARTESIAN_POINT('Origin',(27.5,0.,59.4));
#18500=CARTESIAN_POINT('Origin',(27.5,0.,59.4));
#18501=CARTESIAN_POINT('Origin',(27.5,0.,59.4));
#18502=CARTESIAN_POINT('Origin',(27.5,0.,67.));
#18503=CARTESIAN_POINT('',(7.8,-2.41255419432029E-15,67.));
#18504=CARTESIAN_POINT('Origin',(27.5,0.,67.));
#18505=CARTESIAN_POINT('Origin',(27.5,0.,59.4));
#18506=CARTESIAN_POINT('Origin',(27.5,0.,40.));
#18507=CARTESIAN_POINT('',(7.8,-2.41255419432029E-15,68.));
#18508=CARTESIAN_POINT('Origin',(27.5,0.,68.));
#18509=CARTESIAN_POINT('',(7.8,-2.41255419432029E-15,40.));
#18510=CARTESIAN_POINT('Origin',(27.5,0.,68.));
#18511=CARTESIAN_POINT('Origin',(27.5,0.,40.));
#18512=CARTESIAN_POINT('',(0.,0.,0.));
#18513=CARTESIAN_POINT('Origin',(82.5,0.,105.25));
#18514=CARTESIAN_POINT('',(69.,1.65327317884893E-15,106.));
#18515=CARTESIAN_POINT('Origin',(82.5,0.,106.));
#18516=CARTESIAN_POINT('',(67.5,-1.83697019872103E-15,104.5));
#18517=CARTESIAN_POINT('',(68.25,-1.74512168878498E-15,105.25));
#18518=CARTESIAN_POINT('Origin',(82.5,0.,104.5));
#18519=CARTESIAN_POINT('Origin',(82.5,0.,104.));
#18520=CARTESIAN_POINT('',(67.5,-1.83697019872103E-15,104.));
#18521=CARTESIAN_POINT('',(67.5,-1.83697019872103E-15,104.));
#18522=CARTESIAN_POINT('Origin',(82.5,0.,104.));
#18523=CARTESIAN_POINT('Origin',(82.5,0.,106.));
#18524=CARTESIAN_POINT('Origin',(57.5,0.,93.));
#18525=CARTESIAN_POINT('',(89.5,-6.2456986756515E-16,98.1));
#18526=CARTESIAN_POINT('Origin',(89.5,0.,93.));
#18527=CARTESIAN_POINT('',(102.2,-6.2456986756515E-16,98.1));
#18528=CARTESIAN_POINT('',(57.5,-6.2456986756515E-16,98.1));
#18529=CARTESIAN_POINT('',(101.944279364379,-3.16385840391126,97.));
#18530=CARTESIAN_POINT('Ctrl Pts',(101.944279364379,-3.16385840391126,97.));
#18531=CARTESIAN_POINT('Ctrl Pts',(102.002903990013,-2.80356617431437,97.2849783996185));
#18532=CARTESIAN_POINT('Ctrl Pts',(102.059082033477,-2.39273292899736,97.528654603482));
#18533=CARTESIAN_POINT('Ctrl Pts',(102.165320395955,-1.32789134271867,97.9708013850627));
#18534=CARTESIAN_POINT('Ctrl Pts',(102.2,-0.643485671271426,98.1));
#18535=CARTESIAN_POINT('Ctrl Pts',(102.2,1.38777878078145E-16,98.1));
#18536=CARTESIAN_POINT('',(99.9149361181716,-3.16385840391127,97.));
#18537=CARTESIAN_POINT('',(57.5,-3.16385840391127,97.));
#18538=CARTESIAN_POINT('',(99.6184111412245,-4.5,95.4));
#18539=CARTESIAN_POINT('Ctrl Pts',(99.6184111412245,-4.5,95.4));
#18540=CARTESIAN_POINT('Ctrl Pts',(99.6819802071122,-4.2581774653935,95.8534172523872));
#18541=CARTESIAN_POINT('Ctrl Pts',(99.7575188091628,-3.94844489890602,96.2640442691968));
#18542=CARTESIAN_POINT('Ctrl Pts',(99.8572692488914,-3.46912389537764,96.7433652727252));
#18543=CARTESIAN_POINT('Ctrl Pts',(99.8863437948731,-3.32124012589331,96.8755166290713));
#18544=CARTESIAN_POINT('Ctrl Pts',(99.9149361181717,-3.16385840391128,97.));
#18545=CARTESIAN_POINT('',(101.679155351579,-4.49999999999999,95.4));
#18546=CARTESIAN_POINT('',(57.5,-4.5,95.4));
#18547=CARTESIAN_POINT('',(101.679155351579,4.49999999999999,95.4));
#18548=CARTESIAN_POINT('Ctrl Pts',(101.679155351579,4.49999999999999,95.4));
#18549=CARTESIAN_POINT('Ctrl Pts',(101.661105360796,4.5769296838475,95.2557568427859));
#18550=CARTESIAN_POINT('Ctrl Pts',(101.644137407824,4.64717145282699,95.1073026507418));
#18551=CARTESIAN_POINT('Ctrl Pts',(101.564455407328,4.97077599790109,94.3279563159205));
#18552=CARTESIAN_POINT('Ctrl Pts',(101.528399827626,5.1,93.6435896030882));
#18553=CARTESIAN_POINT('Ctrl Pts',(101.528399827626,5.1,93.));
#18554=CARTESIAN_POINT('Ctrl Pts',(101.528399827626,5.1,92.3564103969119));
#18555=CARTESIAN_POINT('Ctrl Pts',(101.564455407328,4.97077599790109,91.6720436840795));
#18556=CARTESIAN_POINT('Ctrl Pts',(101.692830173028,4.44942039193707,90.4164476585245));
#18557=CARTESIAN_POINT('Ctrl Pts',(101.783097206755,4.05743700963156,89.8449478415288));
#18558=CARTESIAN_POINT('Ctrl Pts',(101.951111820497,3.1551250205067,88.9426358524039));
#18559=CARTESIAN_POINT('Ctrl Pts',(102.040039885074,2.58359497768255,88.5505957203591));
#18560=CARTESIAN_POINT('Ctrl Pts',(102.165320395955,1.32789134271867,88.0291986149373));
#18561=CARTESIAN_POINT('Ctrl Pts',(102.2,0.643485671271425,87.9));
#18562=CARTESIAN_POINT('Ctrl Pts',(102.2,-0.643485671271425,87.9));
#18563=CARTESIAN_POINT('Ctrl Pts',(102.165320395955,-1.32789134271867,88.0291986149373));
#18564=CARTESIAN_POINT('Ctrl Pts',(102.040039885074,-2.58359497768254,88.5505957203591));
#18565=CARTESIAN_POINT('Ctrl Pts',(101.951111820497,-3.1551250205067,88.9426358524039));
#18566=CARTESIAN_POINT('Ctrl Pts',(101.783097206755,-4.05743700963156,89.8449478415288));
#18567=CARTESIAN_POINT('Ctrl Pts',(101.692830173028,-4.44942039193707,90.4164476585245));
#18568=CARTESIAN_POINT('Ctrl Pts',(101.564455407328,-4.97077599790109,91.6720436840795));
#18569=CARTESIAN_POINT('Ctrl Pts',(101.528399827626,-5.1,92.3564103969119));
#18570=CARTESIAN_POINT('Ctrl Pts',(101.528399827626,-5.1,93.6435896030882));
#18571=CARTESIAN_POINT('Ctrl Pts',(101.564455407328,-4.97077599790109,94.3279563159205));
#18572=CARTESIAN_POINT('Ctrl Pts',(101.644137407824,-4.64717145282699,95.1073026507417));
#18573=CARTESIAN_POINT('Ctrl Pts',(101.661105360796,-4.5769296838475,95.2557568427859));
#18574=CARTESIAN_POINT('Ctrl Pts',(101.679155351579,-4.49999999999999,95.4));
#18575=CARTESIAN_POINT('',(99.6184111412245,4.5,95.4));
#18576=CARTESIAN_POINT('',(57.5,4.5,95.4));
#18577=CARTESIAN_POINT('',(99.9149361181716,3.16385840391127,97.));
#18578=CARTESIAN_POINT('Ctrl Pts',(99.9149361181717,3.16385840391128,97.));
#18579=CARTESIAN_POINT('Ctrl Pts',(99.8863437948731,3.3212401258933,96.8755166290713));
#18580=CARTESIAN_POINT('Ctrl Pts',(99.8572692488914,3.46912389537764,96.7433652727252));
#18581=CARTESIAN_POINT('Ctrl Pts',(99.7575188091628,3.94844489890602,96.2640442691968));
#18582=CARTESIAN_POINT('Ctrl Pts',(99.6819802071122,4.2581774653935,95.8534172523872));
#18583=CARTESIAN_POINT('Ctrl Pts',(99.6184111412245,4.5,95.4));
#18584=CARTESIAN_POINT('',(101.944279364379,3.16385840391126,97.));
#18585=CARTESIAN_POINT('',(57.5,3.16385840391127,97.));
#18586=CARTESIAN_POINT('Ctrl Pts',(102.2,-2.77555756156289E-15,98.1));
#18587=CARTESIAN_POINT('Ctrl Pts',(102.2,0.643485671271423,98.1));
#18588=CARTESIAN_POINT('Ctrl Pts',(102.165320395955,1.32789134271867,97.9708013850627));
#18589=CARTESIAN_POINT('Ctrl Pts',(102.059082033477,2.39273292899736,97.528654603482));
#18590=CARTESIAN_POINT('Ctrl Pts',(102.002903990013,2.80356617431437,97.2849783996185));
#18591=CARTESIAN_POINT('Ctrl Pts',(101.944279364379,3.16385840391126,97.));
#18592=CARTESIAN_POINT('Origin',(57.5,0.,93.));
#18593=CARTESIAN_POINT('',(63.320844648421,-4.49999999999999,95.4));
#18594=CARTESIAN_POINT('',(63.320844648421,4.49999999999999,95.4));
#18595=CARTESIAN_POINT('Ctrl Pts',(63.320844648421,-4.49999999999999,95.4));
#18596=CARTESIAN_POINT('Ctrl Pts',(63.3388946392036,-4.57692968384751,95.2557568427859));
#18597=CARTESIAN_POINT('Ctrl Pts',(63.3558625921756,-4.64717145282699,95.1073026507417));
#18598=CARTESIAN_POINT('Ctrl Pts',(63.4355445926719,-4.97077599790109,94.3279563159204));
#18599=CARTESIAN_POINT('Ctrl Pts',(63.4716001723739,-5.1,93.6435896030882));
#18600=CARTESIAN_POINT('Ctrl Pts',(63.4716001723739,-5.1,92.3564103969119));
#18601=CARTESIAN_POINT('Ctrl Pts',(63.4355445926719,-4.97077599790108,91.6720436840795));
#18602=CARTESIAN_POINT('Ctrl Pts',(63.3071698269723,-4.44942039193705,90.4164476585245));
#18603=CARTESIAN_POINT('Ctrl Pts',(63.2169027932447,-4.05743700963156,89.8449478415288));
#18604=CARTESIAN_POINT('Ctrl Pts',(63.0488881795026,-3.1551250205067,88.9426358524039));
#18605=CARTESIAN_POINT('Ctrl Pts',(62.9599601149258,-2.58359497768255,88.5505957203591));
#18606=CARTESIAN_POINT('Ctrl Pts',(62.8346796040449,-1.32789134271867,88.0291986149373));
#18607=CARTESIAN_POINT('Ctrl Pts',(62.8,-0.643485671271427,87.9));
#18608=CARTESIAN_POINT('Ctrl Pts',(62.8,0.643485671271425,87.9));
#18609=CARTESIAN_POINT('Ctrl Pts',(62.8346796040449,1.32789134271867,88.0291986149373));
#18610=CARTESIAN_POINT('Ctrl Pts',(62.9599601149258,2.58359497768255,88.5505957203591));
#18611=CARTESIAN_POINT('Ctrl Pts',(63.0488881795026,3.1551250205067,88.9426358524039));
#18612=CARTESIAN_POINT('Ctrl Pts',(63.2169027932447,4.05743700963156,89.8449478415288));
#18613=CARTESIAN_POINT('Ctrl Pts',(63.3071698269724,4.44942039193707,90.4164476585245));
#18614=CARTESIAN_POINT('Ctrl Pts',(63.4355445926719,4.97077599790109,91.6720436840795));
#18615=CARTESIAN_POINT('Ctrl Pts',(63.4716001723739,5.1,92.3564103969119));
#18616=CARTESIAN_POINT('Ctrl Pts',(63.4716001723739,5.1,93.));
#18617=CARTESIAN_POINT('Ctrl Pts',(63.4716001723739,5.1,93.6435896030882));
#18618=CARTESIAN_POINT('Ctrl Pts',(63.4355445926719,4.97077599790109,94.3279563159205));
#18619=CARTESIAN_POINT('Ctrl Pts',(63.3558625921756,4.64717145282699,95.1073026507418));
#18620=CARTESIAN_POINT('Ctrl Pts',(63.3388946392036,4.57692968384751,95.2557568427859));
#18621=CARTESIAN_POINT('Ctrl Pts',(63.320844648421,4.5,95.4));
#18622=CARTESIAN_POINT('',(65.3815888587755,-4.5,95.4));
#18623=CARTESIAN_POINT('',(57.5,-4.5,95.4));
#18624=CARTESIAN_POINT('',(65.0850638818283,-3.16385840391127,97.));
#18625=CARTESIAN_POINT('Ctrl Pts',(65.0850638818283,-3.16385840391128,97.));
#18626=CARTESIAN_POINT('Ctrl Pts',(65.1136562051269,-3.32124012589331,96.8755166290713));
#18627=CARTESIAN_POINT('Ctrl Pts',(65.1427307511086,-3.46912389537764,96.7433652727252));
#18628=CARTESIAN_POINT('Ctrl Pts',(65.2424811908372,-3.94844489890601,96.2640442691968));
#18629=CARTESIAN_POINT('Ctrl Pts',(65.3180197928878,-4.2581774653935,95.8534172523872));
#18630=CARTESIAN_POINT('Ctrl Pts',(65.3815888587755,-4.5,95.4));
#18631=CARTESIAN_POINT('',(63.0557206356214,-3.16385840391126,97.));
#18632=CARTESIAN_POINT('',(57.5,-3.16385840391127,97.));
#18633=CARTESIAN_POINT('',(62.8,-6.2456986756515E-16,98.1));
#18634=CARTESIAN_POINT('Ctrl Pts',(62.8,2.77555756156289E-16,98.1));
#18635=CARTESIAN_POINT('Ctrl Pts',(62.8,-0.643485671271425,98.1));
#18636=CARTESIAN_POINT('Ctrl Pts',(62.8346796040449,-1.32789134271867,97.9708013850627));
#18637=CARTESIAN_POINT('Ctrl Pts',(62.9409179665229,-2.39273292899736,97.528654603482));
#18638=CARTESIAN_POINT('Ctrl Pts',(62.9970960099866,-2.80356617431438,97.2849783996185));
#18639=CARTESIAN_POINT('Ctrl Pts',(63.0557206356214,-3.16385840391127,97.));
#18640=CARTESIAN_POINT('',(75.5,6.2456986756515E-16,98.1));
#18641=CARTESIAN_POINT('',(57.5,-6.2456986756515E-16,98.1));
#18642=CARTESIAN_POINT('Origin',(75.5,0.,93.));
#18643=CARTESIAN_POINT('',(63.0557206356214,3.16385840391126,97.));
#18644=CARTESIAN_POINT('Ctrl Pts',(63.0557206356214,3.16385840391127,97.));
#18645=CARTESIAN_POINT('Ctrl Pts',(62.9970960099866,2.80356617431437,97.2849783996185));
#18646=CARTESIAN_POINT('Ctrl Pts',(62.9409179665229,2.39273292899736,97.528654603482));
#18647=CARTESIAN_POINT('Ctrl Pts',(62.8346796040449,1.32789134271867,97.9708013850627));
#18648=CARTESIAN_POINT('Ctrl Pts',(62.8,0.643485671271425,98.1));
#18649=CARTESIAN_POINT('Ctrl Pts',(62.8,-5.55111512312578E-16,98.1));
#18650=CARTESIAN_POINT('',(65.0850638818283,3.16385840391127,97.));
#18651=CARTESIAN_POINT('',(57.5,3.16385840391127,97.));
#18652=CARTESIAN_POINT('',(65.3815888587755,4.5,95.4));
#18653=CARTESIAN_POINT('Ctrl Pts',(65.3815888587755,4.49999999999999,95.4));
#18654=CARTESIAN_POINT('Ctrl Pts',(65.3180197928878,4.2581774653935,95.8534172523872));
#18655=CARTESIAN_POINT('Ctrl Pts',(65.2424811908372,3.94844489890602,96.2640442691968));
#18656=CARTESIAN_POINT('Ctrl Pts',(65.1427307511086,3.46912389537764,96.7433652727252));
#18657=CARTESIAN_POINT('Ctrl Pts',(65.1136562051269,3.32124012589331,96.8755166290713));
#18658=CARTESIAN_POINT('Ctrl Pts',(65.0850638818283,3.16385840391128,97.));
#18659=CARTESIAN_POINT('',(57.5,4.5,95.4));
#18660=CARTESIAN_POINT('Origin',(82.5,0.,76.));
#18661=CARTESIAN_POINT('',(89.5,-18.4143965418365,95.4));
#18662=CARTESIAN_POINT('Origin',(82.5,0.,95.4));
#18663=CARTESIAN_POINT('',(89.5,-18.4143965418365,76.));
#18664=CARTESIAN_POINT('',(89.5,-18.4143965418365,76.));
#18665=CARTESIAN_POINT('',(89.5,18.4143965418365,76.));
#18666=CARTESIAN_POINT('Origin',(82.5,0.,76.));
#18667=CARTESIAN_POINT('',(89.5,18.4143965418365,95.4));
#18668=CARTESIAN_POINT('',(89.5,18.4143965418365,76.));
#18669=CARTESIAN_POINT('Origin',(82.5,0.,95.4));
#18670=CARTESIAN_POINT('Origin',(82.5,0.,95.4));
#18671=CARTESIAN_POINT('',(89.5,-16.2569984929568,95.4));
#18672=CARTESIAN_POINT('Origin',(82.5,0.,95.4));
#18673=CARTESIAN_POINT('',(89.5,-10.5,95.4));
#18674=CARTESIAN_POINT('Origin',(82.5,0.,95.4));
#18675=CARTESIAN_POINT('',(89.5,-16.2569984929568,97.));
#18676=CARTESIAN_POINT('Origin',(82.5,0.,97.));
#18677=CARTESIAN_POINT('',(89.5,-16.2569984929568,95.4));
#18678=CARTESIAN_POINT('Origin',(82.5,0.,97.));
#18679=CARTESIAN_POINT('',(89.5,-18.4143965418365,97.));
#18680=CARTESIAN_POINT('Origin',(82.5,0.,97.));
#18681=CARTESIAN_POINT('',(89.5,-10.5,97.));
#18682=CARTESIAN_POINT('Origin',(82.5,0.,76.));
#18683=CARTESIAN_POINT('',(75.5,-18.4143965418365,97.));
#18684=CARTESIAN_POINT('Origin',(82.5,0.,97.));
#18685=CARTESIAN_POINT('',(75.5,-18.4143965418365,98.4));
#18686=CARTESIAN_POINT('',(75.5,-18.4143965418365,76.));
#18687=CARTESIAN_POINT('',(75.5,18.4143965418365,98.4));
#18688=CARTESIAN_POINT('Origin',(82.5,0.,98.4));
#18689=CARTESIAN_POINT('',(75.5,18.4143965418365,97.));
#18690=CARTESIAN_POINT('',(75.5,18.4143965418365,76.));
#18691=CARTESIAN_POINT('Origin',(82.5,0.,97.));
#18692=CARTESIAN_POINT('Origin',(82.5,0.,97.));
#18693=CARTESIAN_POINT('',(75.5,-16.2569984929568,97.));
#18694=CARTESIAN_POINT('Origin',(82.5,0.,97.));
#18695=CARTESIAN_POINT('',(75.5,10.5,97.));
#18696=CARTESIAN_POINT('Origin',(82.5,0.,95.4));
#18697=CARTESIAN_POINT('',(75.5,-16.2569984929568,95.4));
#18698=CARTESIAN_POINT('Origin',(82.5,0.,95.4));
#18699=CARTESIAN_POINT('',(75.5,-16.2569984929568,95.4));
#18700=CARTESIAN_POINT('Origin',(82.5,0.,95.4));
#18701=CARTESIAN_POINT('',(75.5,-18.4143965418365,95.4));
#18702=CARTESIAN_POINT('Origin',(82.5,0.,95.4));
#18703=CARTESIAN_POINT('',(75.5,10.5,95.4));
#18704=CARTESIAN_POINT('Origin',(75.5,21.,75.));
#18705=CARTESIAN_POINT('',(75.5,16.2569984929568,102.5));
#18706=CARTESIAN_POINT('',(75.5,16.2569984929568,101.4));
#18707=CARTESIAN_POINT('',(75.5,16.2569984929568,101.4));
#18708=CARTESIAN_POINT('',(75.5,-16.2569984929568,102.5));
#18709=CARTESIAN_POINT('',(75.5,21.,102.5));
#18710=CARTESIAN_POINT('',(75.5,-16.2569984929568,101.4));
#18711=CARTESIAN_POINT('',(75.5,-16.2569984929568,101.4));
#18712=CARTESIAN_POINT('',(75.5,-18.4143965418365,101.4));
#18713=CARTESIAN_POINT('',(75.5,10.5,101.4));
#18714=CARTESIAN_POINT('',(75.5,-18.4143965418365,100.));
#18715=CARTESIAN_POINT('',(75.5,-18.4143965418365,76.));
#18716=CARTESIAN_POINT('',(75.5,-16.2569984929568,100.));
#18717=CARTESIAN_POINT('',(75.5,10.5,100.));
#18718=CARTESIAN_POINT('',(75.5,-16.2569984929568,98.4));
#18719=CARTESIAN_POINT('',(75.5,-16.2569984929568,98.4));
#18720=CARTESIAN_POINT('',(75.5,10.5,98.4));
#18721=CARTESIAN_POINT('',(75.5,-18.4143965418365,76.));
#18722=CARTESIAN_POINT('',(75.5,-18.4143965418365,76.));
#18723=CARTESIAN_POINT('',(75.5,18.4143965418365,76.));
#18724=CARTESIAN_POINT('',(75.5,10.5,76.));
#18725=CARTESIAN_POINT('',(75.5,18.4143965418365,95.4));
#18726=CARTESIAN_POINT('',(75.5,18.4143965418365,76.));
#18727=CARTESIAN_POINT('',(75.5,16.2569984929568,95.4));
#18728=CARTESIAN_POINT('',(75.5,10.5,95.4));
#18729=CARTESIAN_POINT('',(75.5,16.2569984929568,97.));
#18730=CARTESIAN_POINT('',(75.5,16.2569984929568,95.4));
#18731=CARTESIAN_POINT('',(75.5,10.5,97.));
#18732=CARTESIAN_POINT('',(75.5,16.2569984929568,98.4));
#18733=CARTESIAN_POINT('',(75.5,10.5,98.4));
#18734=CARTESIAN_POINT('',(75.5,16.2569984929568,100.));
#18735=CARTESIAN_POINT('',(75.5,16.2569984929568,98.4));
#18736=CARTESIAN_POINT('',(75.5,18.4143965418365,100.));
#18737=CARTESIAN_POINT('',(75.5,10.5,100.));
#18738=CARTESIAN_POINT('',(75.5,18.4143965418365,101.4));
#18739=CARTESIAN_POINT('',(75.5,18.4143965418365,76.));
#18740=CARTESIAN_POINT('',(75.5,10.5,101.4));
#18741=CARTESIAN_POINT('Origin',(82.5,0.,102.5));
#18742=CARTESIAN_POINT('',(89.5,16.2569984929568,102.5));
#18743=CARTESIAN_POINT('Origin',(82.5,0.,102.5));
#18744=CARTESIAN_POINT('',(89.5,-16.2569984929568,102.5));
#18745=CARTESIAN_POINT('',(89.5,-21.,102.5));
#18746=CARTESIAN_POINT('Origin',(82.5,0.,102.5));
#18747=CARTESIAN_POINT('Origin',(89.5,-21.,75.));
#18748=CARTESIAN_POINT('',(89.5,16.2569984929568,101.4));
#18749=CARTESIAN_POINT('',(89.5,16.2569984929568,101.4));
#18750=CARTESIAN_POINT('',(89.5,18.4143965418365,101.4));
#18751=CARTESIAN_POINT('',(89.5,-10.5,101.4));
#18752=CARTESIAN_POINT('',(89.5,18.4143965418365,100.));
#18753=CARTESIAN_POINT('',(89.5,18.4143965418365,76.));
#18754=CARTESIAN_POINT('',(89.5,16.2569984929568,100.));
#18755=CARTESIAN_POINT('',(89.5,-10.5,100.));
#18756=CARTESIAN_POINT('',(89.5,16.2569984929568,98.4));
#18757=CARTESIAN_POINT('',(89.5,16.2569984929568,98.4));
#18758=CARTESIAN_POINT('',(89.5,18.4143965418365,98.4));
#18759=CARTESIAN_POINT('',(89.5,-10.5,98.4));
#18760=CARTESIAN_POINT('',(89.5,18.4143965418365,97.));
#18761=CARTESIAN_POINT('',(89.5,18.4143965418365,76.));
#18762=CARTESIAN_POINT('',(89.5,16.2569984929568,97.));
#18763=CARTESIAN_POINT('',(89.5,-10.5,97.));
#18764=CARTESIAN_POINT('',(89.5,16.2569984929568,95.4));
#18765=CARTESIAN_POINT('',(89.5,16.2569984929568,95.4));
#18766=CARTESIAN_POINT('',(89.5,-10.5,95.4));
#18767=CARTESIAN_POINT('',(89.5,-10.5,76.));
#18768=CARTESIAN_POINT('',(89.5,-18.4143965418365,98.4));
#18769=CARTESIAN_POINT('',(89.5,-18.4143965418365,76.));
#18770=CARTESIAN_POINT('',(89.5,-16.2569984929568,98.4));
#18771=CARTESIAN_POINT('',(89.5,-10.5,98.4));
#18772=CARTESIAN_POINT('',(89.5,-16.2569984929568,100.));
#18773=CARTESIAN_POINT('',(89.5,-16.2569984929568,98.4));
#18774=CARTESIAN_POINT('',(89.5,-18.4143965418365,100.));
#18775=CARTESIAN_POINT('',(89.5,-10.5,100.));
#18776=CARTESIAN_POINT('',(89.5,-18.4143965418365,101.4));
#18777=CARTESIAN_POINT('',(89.5,-18.4143965418365,76.));
#18778=CARTESIAN_POINT('',(89.5,-16.2569984929568,101.4));
#18779=CARTESIAN_POINT('',(89.5,-10.5,101.4));
#18780=CARTESIAN_POINT('',(89.5,-16.2569984929568,101.4));
#18781=CARTESIAN_POINT('Origin',(82.5,0.,101.4));
#18782=CARTESIAN_POINT('',(64.8,-2.16762483449081E-15,101.4));
#18783=CARTESIAN_POINT('Origin',(82.5,0.,101.4));
#18784=CARTESIAN_POINT('',(64.8,-2.16762483449081E-15,103.));
#18785=CARTESIAN_POINT('',(64.8,-2.16762483449081E-15,101.4));
#18786=CARTESIAN_POINT('Origin',(82.5,0.,103.));
#18787=CARTESIAN_POINT('Origin',(82.5,0.,101.4));
#18788=CARTESIAN_POINT('Origin',(82.5,0.,101.4));
#18789=CARTESIAN_POINT('Origin',(82.5,0.,101.4));
#18790=CARTESIAN_POINT('Origin',(82.5,0.,101.4));
#18791=CARTESIAN_POINT('Origin',(82.5,0.,101.4));
#18792=CARTESIAN_POINT('Origin',(82.5,0.,101.4));
#18793=CARTESIAN_POINT('Origin',(82.5,0.,76.));
#18794=CARTESIAN_POINT('Origin',(82.5,0.,100.));
#18795=CARTESIAN_POINT('Origin',(82.5,0.,76.));
#18796=CARTESIAN_POINT('Origin',(82.5,0.,100.));
#18797=CARTESIAN_POINT('Origin',(82.5,0.,100.));
#18798=CARTESIAN_POINT('Origin',(82.5,0.,100.));
#18799=CARTESIAN_POINT('Origin',(82.5,0.,100.));
#18800=CARTESIAN_POINT('Origin',(82.5,0.,100.));
#18801=CARTESIAN_POINT('Origin',(82.5,0.,98.4));
#18802=CARTESIAN_POINT('Origin',(82.5,0.,98.4));
#18803=CARTESIAN_POINT('Origin',(82.5,0.,98.4));
#18804=CARTESIAN_POINT('Origin',(82.5,0.,98.4));
#18805=CARTESIAN_POINT('Origin',(82.5,0.,98.4));
#18806=CARTESIAN_POINT('Origin',(82.5,0.,98.4));
#18807=CARTESIAN_POINT('Origin',(82.5,0.,98.4));
#18808=CARTESIAN_POINT('Origin',(82.5,0.,76.));
#18809=CARTESIAN_POINT('Origin',(82.5,0.,76.));
#18810=CARTESIAN_POINT('Origin',(82.5,0.,76.));
#18811=CARTESIAN_POINT('Origin',(82.5,0.,97.));
#18812=CARTESIAN_POINT('Origin',(82.5,0.,76.));
#18813=CARTESIAN_POINT('Origin',(82.5,0.,95.4));
#18814=CARTESIAN_POINT('Origin',(82.5,0.,97.));
#18815=CARTESIAN_POINT('Origin',(82.5,0.,97.));
#18816=CARTESIAN_POINT('Origin',(82.5,0.,97.));
#18817=CARTESIAN_POINT('Origin',(82.5,0.,97.));
#18818=CARTESIAN_POINT('Origin',(82.5,0.,95.4));
#18819=CARTESIAN_POINT('Origin',(82.5,0.,95.4));
#18820=CARTESIAN_POINT('Origin',(82.5,0.,95.4));
#18821=CARTESIAN_POINT('Origin',(82.5,0.,95.4));
#18822=CARTESIAN_POINT('Origin',(82.5,0.,95.4));
#18823=CARTESIAN_POINT('Origin',(82.5,0.,103.));
#18824=CARTESIAN_POINT('',(62.8,-2.41255419432029E-15,103.));
#18825=CARTESIAN_POINT('Origin',(82.5,0.,103.));
#18826=CARTESIAN_POINT('Origin',(82.5,0.,95.4));
#18827=CARTESIAN_POINT('Origin',(82.5,0.,76.));
#18828=CARTESIAN_POINT('',(62.8,-2.41255419432029E-15,104.));
#18829=CARTESIAN_POINT('Origin',(82.5,0.,104.));
#18830=CARTESIAN_POINT('',(62.8,-2.41255419432029E-15,76.));
#18831=CARTESIAN_POINT('Origin',(82.5,0.,104.));
#18832=CARTESIAN_POINT('Origin',(82.5,0.,76.));
#18833=CARTESIAN_POINT('',(0.,0.,0.));
#18834=CARTESIAN_POINT('Origin',(-100.5,0.,93.));
#18835=CARTESIAN_POINT('',(-64.5,-3.67394039744207E-16,96.));
#18836=CARTESIAN_POINT('Origin',(-64.5,0.,93.));
#18837=CARTESIAN_POINT('',(-100.5,-3.67394039744207E-16,96.));
#18838=CARTESIAN_POINT('',(-100.5,-3.67394039744207E-16,96.));
#18839=CARTESIAN_POINT('Origin',(-100.5,0.,93.));
#18840=CARTESIAN_POINT('Origin',(-100.5,0.,93.));
#18841=CARTESIAN_POINT('',(-64.5,-6.12323399573677E-16,98.));
#18842=CARTESIAN_POINT('Origin',(-64.5,0.,93.));
#18843=CARTESIAN_POINT('',(-100.5,-6.12323399573677E-16,98.));
#18844=CARTESIAN_POINT('',(-100.5,-6.12323399573677E-16,98.));
#18845=CARTESIAN_POINT('Origin',(-100.5,0.,93.));
#18846=CARTESIAN_POINT('Origin',(-64.5,0.,93.));
#18847=CARTESIAN_POINT('Origin',(-100.5,0.,93.));
#18848=CARTESIAN_POINT('',(0.,0.,0.));
#18849=CARTESIAN_POINT('Origin',(-45.5,0.,57.));
#18850=CARTESIAN_POINT('',(-9.5,-3.67394039744206E-16,60.));
#18851=CARTESIAN_POINT('Origin',(-9.5,0.,57.));
#18852=CARTESIAN_POINT('',(-45.5,-3.67394039744206E-16,60.));
#18853=CARTESIAN_POINT('',(-45.5,-3.67394039744206E-16,60.));
#18854=CARTESIAN_POINT('Origin',(-45.5,0.,57.));
#18855=CARTESIAN_POINT('Origin',(-45.5,0.,57.));
#18856=CARTESIAN_POINT('',(-9.5,-6.12323399573677E-16,62.));
#18857=CARTESIAN_POINT('Origin',(-9.5,0.,57.));
#18858=CARTESIAN_POINT('',(-45.5,-6.12323399573677E-16,62.));
#18859=CARTESIAN_POINT('',(-45.5,-6.12323399573677E-16,62.));
#18860=CARTESIAN_POINT('Origin',(-45.5,0.,57.));
#18861=CARTESIAN_POINT('Origin',(-9.5,0.,57.));
#18862=CARTESIAN_POINT('Origin',(-45.5,0.,57.));
#18863=CARTESIAN_POINT('',(0.,0.,0.));
#18864=CARTESIAN_POINT('Origin',(9.5,0.,57.));
#18865=CARTESIAN_POINT('',(45.5,-3.67394039744206E-16,60.));
#18866=CARTESIAN_POINT('Origin',(45.5,0.,57.));
#18867=CARTESIAN_POINT('',(9.5,-3.67394039744206E-16,60.));
#18868=CARTESIAN_POINT('',(9.5,-3.67394039744206E-16,60.));
#18869=CARTESIAN_POINT('Origin',(9.5,0.,57.));
#18870=CARTESIAN_POINT('Origin',(9.5,0.,57.));
#18871=CARTESIAN_POINT('',(45.5,-6.12323399573677E-16,62.));
#18872=CARTESIAN_POINT('Origin',(45.5,0.,57.));
#18873=CARTESIAN_POINT('',(9.5,-6.12323399573677E-16,62.));
#18874=CARTESIAN_POINT('',(9.5,-6.12323399573677E-16,62.));
#18875=CARTESIAN_POINT('Origin',(9.5,0.,57.));
#18876=CARTESIAN_POINT('Origin',(45.5,0.,57.));
#18877=CARTESIAN_POINT('Origin',(9.5,0.,57.));
#18878=CARTESIAN_POINT('',(0.,0.,0.));
#18879=CARTESIAN_POINT('Origin',(64.5,0.,93.));
#18880=CARTESIAN_POINT('',(100.5,-3.67394039744207E-16,96.));
#18881=CARTESIAN_POINT('Origin',(100.5,0.,93.));
#18882=CARTESIAN_POINT('',(64.5,-3.67394039744207E-16,96.));
#18883=CARTESIAN_POINT('',(64.5,-3.67394039744207E-16,96.));
#18884=CARTESIAN_POINT('Origin',(64.5,0.,93.));
#18885=CARTESIAN_POINT('Origin',(64.5,0.,93.));
#18886=CARTESIAN_POINT('',(100.5,-6.12323399573677E-16,98.));
#18887=CARTESIAN_POINT('Origin',(100.5,0.,93.));
#18888=CARTESIAN_POINT('',(64.5,-6.12323399573677E-16,98.));
#18889=CARTESIAN_POINT('',(64.5,-6.12323399573677E-16,98.));
#18890=CARTESIAN_POINT('Origin',(64.5,0.,93.));
#18891=CARTESIAN_POINT('Origin',(100.5,0.,93.));
#18892=CARTESIAN_POINT('Origin',(64.5,0.,93.));
#18893=CARTESIAN_POINT('',(0.,0.,0.));
#18894=CARTESIAN_POINT('Origin',(-102.5,0.,18.));
#18895=CARTESIAN_POINT('',(-90.,-8.63375993398884E-16,25.05));
#18896=CARTESIAN_POINT('Origin',(-90.,0.,18.));
#18897=CARTESIAN_POINT('',(-75.,8.63375993398884E-16,25.05));
#18898=CARTESIAN_POINT('',(-102.5,-8.63375993398884E-16,25.05));
#18899=CARTESIAN_POINT('Origin',(-75.,0.,18.));
#18900=CARTESIAN_POINT('Origin',(-102.5,0.,93.));
#18901=CARTESIAN_POINT('',(-88.5,-6.18446633569414E-16,98.05));
#18902=CARTESIAN_POINT('Origin',(-88.5,0.,93.));
#18903=CARTESIAN_POINT('',(-76.5,6.18446633569414E-16,98.05));
#18904=CARTESIAN_POINT('',(-102.5,-6.18446633569414E-16,98.05));
#18905=CARTESIAN_POINT('Origin',(-76.5,0.,93.));
#18906=CARTESIAN_POINT('Origin',(-76.5,0.,93.));
#18907=CARTESIAN_POINT('',(-76.5,-1.10218211923262E-15,102.));
#18908=CARTESIAN_POINT('Origin',(-76.5,0.,93.));
#18909=CARTESIAN_POINT('Origin',(-88.5,0.,93.));
#18910=CARTESIAN_POINT('',(-88.5,-1.10218211923262E-15,102.));
#18911=CARTESIAN_POINT('Origin',(-88.5,0.,93.));
#18912=CARTESIAN_POINT('Origin',(-75.,0.,18.));
#18913=CARTESIAN_POINT('',(-75.,-1.59204083889156E-15,31.));
#18914=CARTESIAN_POINT('Origin',(-75.,0.,18.));
#18915=CARTESIAN_POINT('Origin',(-90.,0.,18.));
#18916=CARTESIAN_POINT('',(-90.,-1.59204083889156E-15,31.));
#18917=CARTESIAN_POINT('Origin',(-90.,0.,18.));
#18918=CARTESIAN_POINT('Origin',(-87.5,0.,53.5));
#18919=CARTESIAN_POINT('',(-87.5,-6.96500572248858,87.3001144497717));
#18920=CARTESIAN_POINT('',(-87.5,6.96500572248858,87.3001144497717));
#18921=CARTESIAN_POINT('Origin',(-87.5,0.,93.));
#18922=CARTESIAN_POINT('',(-87.5,6.,68.));
#18923=CARTESIAN_POINT('',(-87.5,7.,88.));
#18924=CARTESIAN_POINT('',(-87.5,6.5,43.));
#18925=CARTESIAN_POINT('',(-87.5,6.,68.));
#18926=CARTESIAN_POINT('',(-87.5,10.0192973666437,26.2833375084422));
#18927=CARTESIAN_POINT('',(-87.5,6.5,43.));
#18928=CARTESIAN_POINT('',(-87.5,-1.59204083889156E-15,31.));
#18929=CARTESIAN_POINT('Origin',(-87.5,0.,18.));
#18930=CARTESIAN_POINT('',(-87.5,-10.0192973666437,26.2833375084422));
#18931=CARTESIAN_POINT('Origin',(-87.5,0.,18.));
#18932=CARTESIAN_POINT('',(-87.5,-6.5,43.));
#18933=CARTESIAN_POINT('',(-87.5,-10.5,24.));
#18934=CARTESIAN_POINT('',(-87.5,-6.,68.));
#18935=CARTESIAN_POINT('',(-87.5,-6.5,43.));
#18936=CARTESIAN_POINT('',(-87.5,-6.,68.));
#18937=CARTESIAN_POINT('Origin',(-87.5,6.,68.));
#18938=CARTESIAN_POINT('',(-77.5,6.96500572248858,87.3001144497717));
#18939=CARTESIAN_POINT('',(-87.5,6.96500572248858,87.3001144497717));
#18940=CARTESIAN_POINT('',(-77.5,6.,68.));
#18941=CARTESIAN_POINT('',(-77.5,7.,88.));
#18942=CARTESIAN_POINT('',(-87.5,6.,68.));
#18943=CARTESIAN_POINT('Origin',(-87.5,6.5,43.));
#18944=CARTESIAN_POINT('',(-77.5,6.5,43.));
#18945=CARTESIAN_POINT('',(-77.5,6.,68.));
#18946=CARTESIAN_POINT('',(-87.5,6.5,43.));
#18947=CARTESIAN_POINT('Origin',(-87.5,10.0192973666437,26.2833375084422));
#18948=CARTESIAN_POINT('',(-77.5,10.0192973666437,26.2833375084422));
#18949=CARTESIAN_POINT('',(-77.5,6.5,43.));
#18950=CARTESIAN_POINT('',(-87.5,10.0192973666437,26.2833375084422));
#18951=CARTESIAN_POINT('Origin',(-87.5,0.,18.));
#18952=CARTESIAN_POINT('',(-77.5,-1.59204083889156E-15,31.));
#18953=CARTESIAN_POINT('',(-87.5,-1.59204083889156E-15,31.));
#18954=CARTESIAN_POINT('',(-77.5,-10.0192973666437,26.2833375084422));
#18955=CARTESIAN_POINT('Origin',(-77.5,0.,18.));
#18956=CARTESIAN_POINT('',(-87.5,-10.0192973666437,26.2833375084422));
#18957=CARTESIAN_POINT('',(-87.5,-1.59204083889156E-15,31.));
#18958=CARTESIAN_POINT('Origin',(-77.5,0.,18.));
#18959=CARTESIAN_POINT('Origin',(-87.5,-6.5,43.));
#18960=CARTESIAN_POINT('',(-77.5,-6.5,43.));
#18961=CARTESIAN_POINT('',(-77.5,-10.5,24.));
#18962=CARTESIAN_POINT('',(-87.5,-6.5,43.));
#18963=CARTESIAN_POINT('Origin',(-87.5,-6.,68.));
#18964=CARTESIAN_POINT('',(-77.5,-6.,68.));
#18965=CARTESIAN_POINT('',(-77.5,-6.5,43.));
#18966=CARTESIAN_POINT('',(-87.5,-6.,68.));
#18967=CARTESIAN_POINT('Origin',(-87.5,-6.96500572248858,87.3001144497717));
#18968=CARTESIAN_POINT('',(-77.5,-6.96500572248858,87.3001144497717));
#18969=CARTESIAN_POINT('',(-77.5,-6.,68.));
#18970=CARTESIAN_POINT('',(-87.5,-6.96500572248858,87.3001144497717));
#18971=CARTESIAN_POINT('Origin',(-87.5,0.,93.));
#18972=CARTESIAN_POINT('',(-87.5,-1.10218211923262E-15,102.));
#18973=CARTESIAN_POINT('Origin',(-77.5,0.,93.));
#18974=CARTESIAN_POINT('Origin',(-77.5,0.,53.5));
#18975=CARTESIAN_POINT('',(0.,0.,0.));
#18976=CARTESIAN_POINT('Origin',(-47.5,0.,-18.));
#18977=CARTESIAN_POINT('',(-35.,-8.63375993398884E-16,-10.95));
#18978=CARTESIAN_POINT('Origin',(-35.,0.,-18.));
#18979=CARTESIAN_POINT('',(-20.,8.63375993398884E-16,-10.95));
#18980=CARTESIAN_POINT('',(-47.5,-8.63375993398884E-16,-10.95));
#18981=CARTESIAN_POINT('Origin',(-20.,0.,-18.));
#18982=CARTESIAN_POINT('Origin',(-47.5,0.,57.));
#18983=CARTESIAN_POINT('',(-33.5,-6.18446633569413E-16,62.05));
#18984=CARTESIAN_POINT('Origin',(-33.5,0.,57.));
#18985=CARTESIAN_POINT('',(-21.5,6.18446633569413E-16,62.05));
#18986=CARTESIAN_POINT('',(-47.5,-6.18446633569413E-16,62.05));
#18987=CARTESIAN_POINT('Origin',(-21.5,0.,57.));
#18988=CARTESIAN_POINT('Origin',(-21.5,0.,57.));
#18989=CARTESIAN_POINT('',(-21.5,-1.10218211923262E-15,66.));
#18990=CARTESIAN_POINT('Origin',(-21.5,0.,57.));
#18991=CARTESIAN_POINT('Origin',(-33.5,0.,57.));
#18992=CARTESIAN_POINT('',(-33.5,-1.10218211923262E-15,66.));
#18993=CARTESIAN_POINT('Origin',(-33.5,0.,57.));
#18994=CARTESIAN_POINT('Origin',(-20.,0.,-18.));
#18995=CARTESIAN_POINT('',(-20.,-1.59204083889156E-15,-5.));
#18996=CARTESIAN_POINT('Origin',(-20.,0.,-18.));
#18997=CARTESIAN_POINT('Origin',(-35.,0.,-18.));
#18998=CARTESIAN_POINT('',(-35.,-1.59204083889156E-15,-5.));
#18999=CARTESIAN_POINT('Origin',(-35.,0.,-18.));
#19000=CARTESIAN_POINT('Origin',(-32.5,0.,17.5));
#19001=CARTESIAN_POINT('',(-32.5,-6.96500572248859,51.3001144497717));
#19002=CARTESIAN_POINT('',(-32.5,6.96500572248859,51.3001144497717));
#19003=CARTESIAN_POINT('Origin',(-32.5,0.,57.));
#19004=CARTESIAN_POINT('',(-32.5,6.,32.));
#19005=CARTESIAN_POINT('',(-32.5,7.,52.));
#19006=CARTESIAN_POINT('',(-32.5,6.5,7.));
#19007=CARTESIAN_POINT('',(-32.5,6.,32.));
#19008=CARTESIAN_POINT('',(-32.5,10.0192973666437,-9.71666249155779));
#19009=CARTESIAN_POINT('',(-32.5,6.5,7.));
#19010=CARTESIAN_POINT('',(-32.5,-1.59204083889156E-15,-5.));
#19011=CARTESIAN_POINT('Origin',(-32.5,0.,-18.));
#19012=CARTESIAN_POINT('',(-32.5,-10.0192973666437,-9.71666249155778));
#19013=CARTESIAN_POINT('Origin',(-32.5,0.,-18.));
#19014=CARTESIAN_POINT('',(-32.5,-6.5,7.));
#19015=CARTESIAN_POINT('',(-32.5,-10.5,-12.));
#19016=CARTESIAN_POINT('',(-32.5,-6.,32.));
#19017=CARTESIAN_POINT('',(-32.5,-6.5,7.));
#19018=CARTESIAN_POINT('',(-32.5,-6.,32.));
#19019=CARTESIAN_POINT('Origin',(-32.5,6.,32.));
#19020=CARTESIAN_POINT('',(-22.5,6.96500572248859,51.3001144497717));
#19021=CARTESIAN_POINT('',(-32.5,6.96500572248859,51.3001144497717));
#19022=CARTESIAN_POINT('',(-22.5,6.,32.));
#19023=CARTESIAN_POINT('',(-22.5,7.,52.));
#19024=CARTESIAN_POINT('',(-32.5,6.,32.));
#19025=CARTESIAN_POINT('Origin',(-32.5,6.5,7.));
#19026=CARTESIAN_POINT('',(-22.5,6.5,7.));
#19027=CARTESIAN_POINT('',(-22.5,6.,32.));
#19028=CARTESIAN_POINT('',(-32.5,6.5,7.));
#19029=CARTESIAN_POINT('Origin',(-32.5,10.0192973666437,-9.71666249155779));
#19030=CARTESIAN_POINT('',(-22.5,10.0192973666437,-9.71666249155779));
#19031=CARTESIAN_POINT('',(-22.5,6.5,7.));
#19032=CARTESIAN_POINT('',(-32.5,10.0192973666437,-9.71666249155779));
#19033=CARTESIAN_POINT('Origin',(-32.5,0.,-18.));
#19034=CARTESIAN_POINT('',(-22.5,-1.59204083889156E-15,-5.));
#19035=CARTESIAN_POINT('',(-32.5,-1.59204083889156E-15,-5.));
#19036=CARTESIAN_POINT('',(-22.5,-10.0192973666437,-9.71666249155778));
#19037=CARTESIAN_POINT('Origin',(-22.5,0.,-18.));
#19038=CARTESIAN_POINT('',(-32.5,-10.0192973666437,-9.71666249155778));
#19039=CARTESIAN_POINT('',(-32.5,-1.59204083889156E-15,-5.));
#19040=CARTESIAN_POINT('Origin',(-22.5,0.,-18.));
#19041=CARTESIAN_POINT('Origin',(-32.5,-6.5,7.));
#19042=CARTESIAN_POINT('',(-22.5,-6.5,7.));
#19043=CARTESIAN_POINT('',(-22.5,-10.5,-12.));
#19044=CARTESIAN_POINT('',(-32.5,-6.5,7.));
#19045=CARTESIAN_POINT('Origin',(-32.5,-6.,32.));
#19046=CARTESIAN_POINT('',(-22.5,-6.,32.));
#19047=CARTESIAN_POINT('',(-22.5,-6.5,7.));
#19048=CARTESIAN_POINT('',(-32.5,-6.,32.));
#19049=CARTESIAN_POINT('Origin',(-32.5,-6.96500572248859,51.3001144497717));
#19050=CARTESIAN_POINT('',(-22.5,-6.96500572248859,51.3001144497717));
#19051=CARTESIAN_POINT('',(-22.5,-6.,32.));
#19052=CARTESIAN_POINT('',(-32.5,-6.96500572248859,51.3001144497717));
#19053=CARTESIAN_POINT('Origin',(-32.5,0.,57.));
#19054=CARTESIAN_POINT('',(-32.5,-1.10218211923262E-15,66.));
#19055=CARTESIAN_POINT('Origin',(-22.5,0.,57.));
#19056=CARTESIAN_POINT('Origin',(-22.5,0.,17.5));
#19057=CARTESIAN_POINT('',(0.,0.,0.));
#19058=CARTESIAN_POINT('Origin',(7.5,0.,-18.));
#19059=CARTESIAN_POINT('',(20.,-8.63375993398884E-16,-10.95));
#19060=CARTESIAN_POINT('Origin',(20.,0.,-18.));
#19061=CARTESIAN_POINT('',(35.,8.63375993398884E-16,-10.95));
#19062=CARTESIAN_POINT('',(7.5,-8.63375993398884E-16,-10.95));
#19063=CARTESIAN_POINT('Origin',(35.,0.,-18.));
#19064=CARTESIAN_POINT('Origin',(7.5,0.,57.));
#19065=CARTESIAN_POINT('',(21.5,-6.18446633569413E-16,62.05));
#19066=CARTESIAN_POINT('Origin',(21.5,0.,57.));
#19067=CARTESIAN_POINT('',(33.5,6.18446633569413E-16,62.05));
#19068=CARTESIAN_POINT('',(7.5,-6.18446633569413E-16,62.05));
#19069=CARTESIAN_POINT('Origin',(33.5,0.,57.));
#19070=CARTESIAN_POINT('Origin',(33.5,0.,57.));
#19071=CARTESIAN_POINT('',(33.5,-1.10218211923262E-15,66.));
#19072=CARTESIAN_POINT('Origin',(33.5,0.,57.));
#19073=CARTESIAN_POINT('Origin',(21.5,0.,57.));
#19074=CARTESIAN_POINT('',(21.5,-1.10218211923262E-15,66.));
#19075=CARTESIAN_POINT('Origin',(21.5,0.,57.));
#19076=CARTESIAN_POINT('Origin',(35.,0.,-18.));
#19077=CARTESIAN_POINT('',(35.,-1.59204083889156E-15,-5.));
#19078=CARTESIAN_POINT('Origin',(35.,0.,-18.));
#19079=CARTESIAN_POINT('Origin',(20.,0.,-18.));
#19080=CARTESIAN_POINT('',(20.,-1.59204083889156E-15,-5.));
#19081=CARTESIAN_POINT('Origin',(20.,0.,-18.));
#19082=CARTESIAN_POINT('Origin',(22.5,0.,17.5));
#19083=CARTESIAN_POINT('',(22.5,-6.96500572248859,51.3001144497717));
#19084=CARTESIAN_POINT('',(22.5,6.96500572248859,51.3001144497717));
#19085=CARTESIAN_POINT('Origin',(22.5,0.,57.));
#19086=CARTESIAN_POINT('',(22.5,6.,32.));
#19087=CARTESIAN_POINT('',(22.5,7.,52.));
#19088=CARTESIAN_POINT('',(22.5,6.5,7.));
#19089=CARTESIAN_POINT('',(22.5,6.,32.));
#19090=CARTESIAN_POINT('',(22.5,10.0192973666437,-9.71666249155779));
#19091=CARTESIAN_POINT('',(22.5,6.5,7.));
#19092=CARTESIAN_POINT('',(22.5,-1.59204083889156E-15,-5.));
#19093=CARTESIAN_POINT('Origin',(22.5,0.,-18.));
#19094=CARTESIAN_POINT('',(22.5,-10.0192973666437,-9.71666249155778));
#19095=CARTESIAN_POINT('Origin',(22.5,0.,-18.));
#19096=CARTESIAN_POINT('',(22.5,-6.5,7.));
#19097=CARTESIAN_POINT('',(22.5,-10.5,-12.));
#19098=CARTESIAN_POINT('',(22.5,-6.,32.));
#19099=CARTESIAN_POINT('',(22.5,-6.5,7.));
#19100=CARTESIAN_POINT('',(22.5,-6.,32.));
#19101=CARTESIAN_POINT('Origin',(22.5,6.,32.));
#19102=CARTESIAN_POINT('',(32.5,6.96500572248859,51.3001144497717));
#19103=CARTESIAN_POINT('',(22.5,6.96500572248859,51.3001144497717));
#19104=CARTESIAN_POINT('',(32.5,6.,32.));
#19105=CARTESIAN_POINT('',(32.5,7.,52.));
#19106=CARTESIAN_POINT('',(22.5,6.,32.));
#19107=CARTESIAN_POINT('Origin',(22.5,6.5,7.));
#19108=CARTESIAN_POINT('',(32.5,6.5,7.));
#19109=CARTESIAN_POINT('',(32.5,6.,32.));
#19110=CARTESIAN_POINT('',(22.5,6.5,7.));
#19111=CARTESIAN_POINT('Origin',(22.5,10.0192973666437,-9.71666249155779));
#19112=CARTESIAN_POINT('',(32.5,10.0192973666437,-9.71666249155779));
#19113=CARTESIAN_POINT('',(32.5,6.5,7.));
#19114=CARTESIAN_POINT('',(22.5,10.0192973666437,-9.71666249155779));
#19115=CARTESIAN_POINT('Origin',(22.5,0.,-18.));
#19116=CARTESIAN_POINT('',(32.5,-1.59204083889156E-15,-5.));
#19117=CARTESIAN_POINT('',(22.5,-1.59204083889156E-15,-5.));
#19118=CARTESIAN_POINT('',(32.5,-10.0192973666437,-9.71666249155778));
#19119=CARTESIAN_POINT('Origin',(32.5,0.,-18.));
#19120=CARTESIAN_POINT('',(22.5,-10.0192973666437,-9.71666249155778));
#19121=CARTESIAN_POINT('',(22.5,-1.59204083889156E-15,-5.));
#19122=CARTESIAN_POINT('Origin',(32.5,0.,-18.));
#19123=CARTESIAN_POINT('Origin',(22.5,-6.5,7.));
#19124=CARTESIAN_POINT('',(32.5,-6.5,7.));
#19125=CARTESIAN_POINT('',(32.5,-10.5,-12.));
#19126=CARTESIAN_POINT('',(22.5,-6.5,7.));
#19127=CARTESIAN_POINT('Origin',(22.5,-6.,32.));
#19128=CARTESIAN_POINT('',(32.5,-6.,32.));
#19129=CARTESIAN_POINT('',(32.5,-6.5,7.));
#19130=CARTESIAN_POINT('',(22.5,-6.,32.));
#19131=CARTESIAN_POINT('Origin',(22.5,-6.96500572248859,51.3001144497717));
#19132=CARTESIAN_POINT('',(32.5,-6.96500572248859,51.3001144497717));
#19133=CARTESIAN_POINT('',(32.5,-6.,32.));
#19134=CARTESIAN_POINT('',(22.5,-6.96500572248859,51.3001144497717));
#19135=CARTESIAN_POINT('Origin',(22.5,0.,57.));
#19136=CARTESIAN_POINT('',(22.5,-1.10218211923262E-15,66.));
#19137=CARTESIAN_POINT('Origin',(32.5,0.,57.));
#19138=CARTESIAN_POINT('Origin',(32.5,0.,17.5));
#19139=CARTESIAN_POINT('',(0.,0.,0.));
#19140=CARTESIAN_POINT('Origin',(62.5,0.,18.));
#19141=CARTESIAN_POINT('',(75.,-8.63375993398884E-16,25.05));
#19142=CARTESIAN_POINT('Origin',(75.,0.,18.));
#19143=CARTESIAN_POINT('',(90.,8.63375993398884E-16,25.05));
#19144=CARTESIAN_POINT('',(62.5,-8.63375993398884E-16,25.05));
#19145=CARTESIAN_POINT('Origin',(90.,0.,18.));
#19146=CARTESIAN_POINT('Origin',(62.5,0.,93.));
#19147=CARTESIAN_POINT('',(76.5,-6.18446633569414E-16,98.05));
#19148=CARTESIAN_POINT('Origin',(76.5,0.,93.));
#19149=CARTESIAN_POINT('',(88.5,6.18446633569414E-16,98.05));
#19150=CARTESIAN_POINT('',(62.5,-6.18446633569414E-16,98.05));
#19151=CARTESIAN_POINT('Origin',(88.5,0.,93.));
#19152=CARTESIAN_POINT('Origin',(88.5,0.,93.));
#19153=CARTESIAN_POINT('',(88.5,-1.10218211923262E-15,102.));
#19154=CARTESIAN_POINT('Origin',(88.5,0.,93.));
#19155=CARTESIAN_POINT('Origin',(76.5,0.,93.));
#19156=CARTESIAN_POINT('',(76.5,-1.10218211923262E-15,102.));
#19157=CARTESIAN_POINT('Origin',(76.5,0.,93.));
#19158=CARTESIAN_POINT('Origin',(90.,0.,18.));
#19159=CARTESIAN_POINT('',(90.,-1.59204083889156E-15,31.));
#19160=CARTESIAN_POINT('Origin',(90.,0.,18.));
#19161=CARTESIAN_POINT('Origin',(75.,0.,18.));
#19162=CARTESIAN_POINT('',(75.,-1.59204083889156E-15,31.));
#19163=CARTESIAN_POINT('Origin',(75.,0.,18.));
#19164=CARTESIAN_POINT('Origin',(77.5,0.,53.5));
#19165=CARTESIAN_POINT('',(77.5,-6.96500572248858,87.3001144497717));
#19166=CARTESIAN_POINT('',(77.5,6.96500572248858,87.3001144497717));
#19167=CARTESIAN_POINT('Origin',(77.5,0.,93.));
#19168=CARTESIAN_POINT('',(77.5,6.,68.));
#19169=CARTESIAN_POINT('',(77.5,7.,88.));
#19170=CARTESIAN_POINT('',(77.5,6.5,43.));
#19171=CARTESIAN_POINT('',(77.5,6.,68.));
#19172=CARTESIAN_POINT('',(77.5,10.0192973666437,26.2833375084422));
#19173=CARTESIAN_POINT('',(77.5,6.5,43.));
#19174=CARTESIAN_POINT('',(77.5,-1.59204083889156E-15,31.));
#19175=CARTESIAN_POINT('Origin',(77.5,0.,18.));
#19176=CARTESIAN_POINT('',(77.5,-10.0192973666437,26.2833375084422));
#19177=CARTESIAN_POINT('Origin',(77.5,0.,18.));
#19178=CARTESIAN_POINT('',(77.5,-6.5,43.));
#19179=CARTESIAN_POINT('',(77.5,-10.5,24.));
#19180=CARTESIAN_POINT('',(77.5,-6.,68.));
#19181=CARTESIAN_POINT('',(77.5,-6.5,43.));
#19182=CARTESIAN_POINT('',(77.5,-6.,68.));
#19183=CARTESIAN_POINT('Origin',(77.5,6.,68.));
#19184=CARTESIAN_POINT('',(87.5,6.96500572248858,87.3001144497717));
#19185=CARTESIAN_POINT('',(77.5,6.96500572248858,87.3001144497717));
#19186=CARTESIAN_POINT('',(87.5,6.,68.));
#19187=CARTESIAN_POINT('',(87.5,7.,88.));
#19188=CARTESIAN_POINT('',(77.5,6.,68.));
#19189=CARTESIAN_POINT('Origin',(77.5,6.5,43.));
#19190=CARTESIAN_POINT('',(87.5,6.5,43.));
#19191=CARTESIAN_POINT('',(87.5,6.,68.));
#19192=CARTESIAN_POINT('',(77.5,6.5,43.));
#19193=CARTESIAN_POINT('Origin',(77.5,10.0192973666437,26.2833375084422));
#19194=CARTESIAN_POINT('',(87.5,10.0192973666437,26.2833375084422));
#19195=CARTESIAN_POINT('',(87.5,6.5,43.));
#19196=CARTESIAN_POINT('',(77.5,10.0192973666437,26.2833375084422));
#19197=CARTESIAN_POINT('Origin',(77.5,0.,18.));
#19198=CARTESIAN_POINT('',(87.5,-1.59204083889156E-15,31.));
#19199=CARTESIAN_POINT('',(77.5,-1.59204083889156E-15,31.));
#19200=CARTESIAN_POINT('',(87.5,-10.0192973666437,26.2833375084422));
#19201=CARTESIAN_POINT('Origin',(87.5,0.,18.));
#19202=CARTESIAN_POINT('',(77.5,-10.0192973666437,26.2833375084422));
#19203=CARTESIAN_POINT('',(77.5,-1.59204083889156E-15,31.));
#19204=CARTESIAN_POINT('Origin',(87.5,0.,18.));
#19205=CARTESIAN_POINT('Origin',(77.5,-6.5,43.));
#19206=CARTESIAN_POINT('',(87.5,-6.5,43.));
#19207=CARTESIAN_POINT('',(87.5,-10.5,24.));
#19208=CARTESIAN_POINT('',(77.5,-6.5,43.));
#19209=CARTESIAN_POINT('Origin',(77.5,-6.,68.));
#19210=CARTESIAN_POINT('',(87.5,-6.,68.));
#19211=CARTESIAN_POINT('',(87.5,-6.5,43.));
#19212=CARTESIAN_POINT('',(77.5,-6.,68.));
#19213=CARTESIAN_POINT('Origin',(77.5,-6.96500572248858,87.3001144497717));
#19214=CARTESIAN_POINT('',(87.5,-6.96500572248858,87.3001144497717));
#19215=CARTESIAN_POINT('',(87.5,-6.,68.));
#19216=CARTESIAN_POINT('',(77.5,-6.96500572248858,87.3001144497717));
#19217=CARTESIAN_POINT('Origin',(77.5,0.,93.));
#19218=CARTESIAN_POINT('',(77.5,-1.10218211923262E-15,102.));
#19219=CARTESIAN_POINT('Origin',(87.5,0.,93.));
#19220=CARTESIAN_POINT('Origin',(87.5,0.,53.5));
#19221=CARTESIAN_POINT('',(0.,0.,0.));
#19222=CARTESIAN_POINT('',(0.,0.,0.));
#19223=CARTESIAN_POINT('',(0.,0.,0.));
#19224=CARTESIAN_POINT('',(0.,0.,0.));
#19225=CARTESIAN_POINT('',(0.,0.,0.));
#19226=CARTESIAN_POINT('',(0.,0.,0.));
#19227=CARTESIAN_POINT('',(0.,0.,0.));
#19228=CARTESIAN_POINT('',(0.,0.,0.));
#19229=CARTESIAN_POINT('',(0.,0.,0.));
#19230=CARTESIAN_POINT('',(0.,0.,0.));
#19231=CARTESIAN_POINT('',(0.,0.,0.));
#19232=CARTESIAN_POINT('',(0.,0.,0.));
#19233=CARTESIAN_POINT('',(0.,0.,0.));
#19234=CARTESIAN_POINT('',(0.,0.,0.));
#19235=CARTESIAN_POINT('',(0.,0.,0.));
#19236=CARTESIAN_POINT('',(0.,0.,0.));
#19237=CARTESIAN_POINT('',(0.,0.,0.));
#19238=CARTESIAN_POINT('',(0.,0.,0.));
#19239=CARTESIAN_POINT('',(0.,0.,0.));
#19240=CARTESIAN_POINT('',(0.,0.,0.));
#19241=CARTESIAN_POINT('',(0.,0.,0.));
#19242=CARTESIAN_POINT('',(0.,0.,0.));
#19243=CARTESIAN_POINT('',(0.,0.,0.));
#19244=CARTESIAN_POINT('',(0.,0.,0.));
#19245=CARTESIAN_POINT('',(0.,0.,0.));
#19246=CARTESIAN_POINT('',(0.,0.,0.));
#19247=CARTESIAN_POINT('',(0.,0.,0.));
#19248=UNCERTAINTY_MEASURE_WITH_UNIT(LENGTH_MEASURE(0.01),#19306,
'DISTANCE_ACCURACY_VALUE',
'Maximum model space distance between geometric entities at asserted c
onnectivities');
#19249=UNCERTAINTY_MEASURE_WITH_UNIT(LENGTH_MEASURE(0.01),#19306,
'DISTANCE_ACCURACY_VALUE',
'Maximum model space distance between geometric entities at asserted c
onnectivities');
#19250=UNCERTAINTY_MEASURE_WITH_UNIT(LENGTH_MEASURE(0.01),#19306,
'DISTANCE_ACCURACY_VALUE',
'Maximum model space distance between geometric entities at asserted c
onnectivities');
#19251=UNCERTAINTY_MEASURE_WITH_UNIT(LENGTH_MEASURE(0.01),#19306,
'DISTANCE_ACCURACY_VALUE',
'Maximum model space distance between geometric entities at asserted c
onnectivities');
#19252=UNCERTAINTY_MEASURE_WITH_UNIT(LENGTH_MEASURE(0.01),#19306,
'DISTANCE_ACCURACY_VALUE',
'Maximum model space distance between geometric entities at asserted c
onnectivities');
#19253=UNCERTAINTY_MEASURE_WITH_UNIT(LENGTH_MEASURE(0.01),#19306,
'DISTANCE_ACCURACY_VALUE',
'Maximum model space distance between geometric entities at asserted c
onnectivities');
#19254=UNCERTAINTY_MEASURE_WITH_UNIT(LENGTH_MEASURE(0.01),#19306,
'DISTANCE_ACCURACY_VALUE',
'Maximum model space distance between geometric entities at asserted c
onnectivities');
#19255=UNCERTAINTY_MEASURE_WITH_UNIT(LENGTH_MEASURE(0.01),#19306,
'DISTANCE_ACCURACY_VALUE',
'Maximum model space distance between geometric entities at asserted c
onnectivities');
#19256=UNCERTAINTY_MEASURE_WITH_UNIT(LENGTH_MEASURE(0.01),#19306,
'DISTANCE_ACCURACY_VALUE',
'Maximum model space distance between geometric entities at asserted c
onnectivities');
#19257=UNCERTAINTY_MEASURE_WITH_UNIT(LENGTH_MEASURE(0.01),#19306,
'DISTANCE_ACCURACY_VALUE',
'Maximum model space distance between geometric entities at asserted c
onnectivities');
#19258=UNCERTAINTY_MEASURE_WITH_UNIT(LENGTH_MEASURE(0.01),#19306,
'DISTANCE_ACCURACY_VALUE',
'Maximum model space distance between geometric entities at asserted c
onnectivities');
#19259=UNCERTAINTY_MEASURE_WITH_UNIT(LENGTH_MEASURE(0.01),#19306,
'DISTANCE_ACCURACY_VALUE',
'Maximum model space distance between geometric entities at asserted c
onnectivities');
#19260=UNCERTAINTY_MEASURE_WITH_UNIT(LENGTH_MEASURE(0.01),#19306,
'DISTANCE_ACCURACY_VALUE',
'Maximum model space distance between geometric entities at asserted c
onnectivities');
#19261=UNCERTAINTY_MEASURE_WITH_UNIT(LENGTH_MEASURE(0.01),#19306,
'DISTANCE_ACCURACY_VALUE',
'Maximum model space distance between geometric entities at asserted c
onnectivities');
#19262=UNCERTAINTY_MEASURE_WITH_UNIT(LENGTH_MEASURE(0.01),#19306,
'DISTANCE_ACCURACY_VALUE',
'Maximum model space distance between geometric entities at asserted c
onnectivities');
#19263=UNCERTAINTY_MEASURE_WITH_UNIT(LENGTH_MEASURE(0.01),#19306,
'DISTANCE_ACCURACY_VALUE',
'Maximum model space distance between geometric entities at asserted c
onnectivities');
#19264=UNCERTAINTY_MEASURE_WITH_UNIT(LENGTH_MEASURE(0.01),#19306,
'DISTANCE_ACCURACY_VALUE',
'Maximum model space distance between geometric entities at asserted c
onnectivities');
#19265=UNCERTAINTY_MEASURE_WITH_UNIT(LENGTH_MEASURE(0.01),#19306,
'DISTANCE_ACCURACY_VALUE',
'Maximum model space distance between geometric entities at asserted c
onnectivities');
#19266=UNCERTAINTY_MEASURE_WITH_UNIT(LENGTH_MEASURE(0.01),#19306,
'DISTANCE_ACCURACY_VALUE',
'Maximum model space distance between geometric entities at asserted c
onnectivities');
#19267=UNCERTAINTY_MEASURE_WITH_UNIT(LENGTH_MEASURE(0.01),#19306,
'DISTANCE_ACCURACY_VALUE',
'Maximum model space distance between geometric entities at asserted c
onnectivities');
#19268=UNCERTAINTY_MEASURE_WITH_UNIT(LENGTH_MEASURE(0.01),#19306,
'DISTANCE_ACCURACY_VALUE',
'Maximum model space distance between geometric entities at asserted c
onnectivities');
#19269=UNCERTAINTY_MEASURE_WITH_UNIT(LENGTH_MEASURE(0.01),#19306,
'DISTANCE_ACCURACY_VALUE',
'Maximum model space distance between geometric entities at asserted c
onnectivities');
#19270=UNCERTAINTY_MEASURE_WITH_UNIT(LENGTH_MEASURE(0.01),#19306,
'DISTANCE_ACCURACY_VALUE',
'Maximum model space distance between geometric entities at asserted c
onnectivities');
#19271=UNCERTAINTY_MEASURE_WITH_UNIT(LENGTH_MEASURE(0.01),#19306,
'DISTANCE_ACCURACY_VALUE',
'Maximum model space distance between geometric entities at asserted c
onnectivities');
#19272=UNCERTAINTY_MEASURE_WITH_UNIT(LENGTH_MEASURE(0.01),#19306,
'DISTANCE_ACCURACY_VALUE',
'Maximum model space distance between geometric entities at asserted c
onnectivities');
#19273=UNCERTAINTY_MEASURE_WITH_UNIT(LENGTH_MEASURE(0.01),#19306,
'DISTANCE_ACCURACY_VALUE',
'Maximum model space distance between geometric entities at asserted c
onnectivities');
#19274=UNCERTAINTY_MEASURE_WITH_UNIT(LENGTH_MEASURE(0.01),#19306,
'DISTANCE_ACCURACY_VALUE',
'Maximum model space distance between geometric entities at asserted c
onnectivities');
#19275=UNCERTAINTY_MEASURE_WITH_UNIT(LENGTH_MEASURE(0.01),#19306,
'DISTANCE_ACCURACY_VALUE',
'Maximum model space distance between geometric entities at asserted c
onnectivities');
#19276=UNCERTAINTY_MEASURE_WITH_UNIT(LENGTH_MEASURE(0.01),#19306,
'DISTANCE_ACCURACY_VALUE',
'Maximum model space distance between geometric entities at asserted c
onnectivities');
#19277=(
GEOMETRIC_REPRESENTATION_CONTEXT(3)
GLOBAL_UNCERTAINTY_ASSIGNED_CONTEXT((#19248))
GLOBAL_UNIT_ASSIGNED_CONTEXT((#19306,#19308,#19309))
REPRESENTATION_CONTEXT('','3D')
);
#19278=(
GEOMETRIC_REPRESENTATION_CONTEXT(3)
GLOBAL_UNCERTAINTY_ASSIGNED_CONTEXT((#19249))
GLOBAL_UNIT_ASSIGNED_CONTEXT((#19306,#19308,#19309))
REPRESENTATION_CONTEXT('','3D')
);
#19279=(
GEOMETRIC_REPRESENTATION_CONTEXT(3)
GLOBAL_UNCERTAINTY_ASSIGNED_CONTEXT((#19250))
GLOBAL_UNIT_ASSIGNED_CONTEXT((#19306,#19308,#19309))
REPRESENTATION_CONTEXT('','3D')
);
#19280=(
GEOMETRIC_REPRESENTATION_CONTEXT(3)
GLOBAL_UNCERTAINTY_ASSIGNED_CONTEXT((#19251))
GLOBAL_UNIT_ASSIGNED_CONTEXT((#19306,#19308,#19309))
REPRESENTATION_CONTEXT('','3D')
);
#19281=(
GEOMETRIC_REPRESENTATION_CONTEXT(3)
GLOBAL_UNCERTAINTY_ASSIGNED_CONTEXT((#19252))
GLOBAL_UNIT_ASSIGNED_CONTEXT((#19306,#19308,#19309))
REPRESENTATION_CONTEXT('','3D')
);
#19282=(
GEOMETRIC_REPRESENTATION_CONTEXT(3)
GLOBAL_UNCERTAINTY_ASSIGNED_CONTEXT((#19253))
GLOBAL_UNIT_ASSIGNED_CONTEXT((#19306,#19308,#19309))
REPRESENTATION_CONTEXT('','3D')
);
#19283=(
GEOMETRIC_REPRESENTATION_CONTEXT(3)
GLOBAL_UNCERTAINTY_ASSIGNED_CONTEXT((#19254))
GLOBAL_UNIT_ASSIGNED_CONTEXT((#19306,#19308,#19309))
REPRESENTATION_CONTEXT('','3D')
);
#19284=(
GEOMETRIC_REPRESENTATION_CONTEXT(3)
GLOBAL_UNCERTAINTY_ASSIGNED_CONTEXT((#19255))
GLOBAL_UNIT_ASSIGNED_CONTEXT((#19306,#19308,#19309))
REPRESENTATION_CONTEXT('','3D')
);
#19285=(
GEOMETRIC_REPRESENTATION_CONTEXT(3)
GLOBAL_UNCERTAINTY_ASSIGNED_CONTEXT((#19256))
GLOBAL_UNIT_ASSIGNED_CONTEXT((#19306,#19308,#19309))
REPRESENTATION_CONTEXT('','3D')
);
#19286=(
GEOMETRIC_REPRESENTATION_CONTEXT(3)
GLOBAL_UNCERTAINTY_ASSIGNED_CONTEXT((#19257))
GLOBAL_UNIT_ASSIGNED_CONTEXT((#19306,#19308,#19309))
REPRESENTATION_CONTEXT('','3D')
);
#19287=(
GEOMETRIC_REPRESENTATION_CONTEXT(3)
GLOBAL_UNCERTAINTY_ASSIGNED_CONTEXT((#19258))
GLOBAL_UNIT_ASSIGNED_CONTEXT((#19306,#19308,#19309))
REPRESENTATION_CONTEXT('','3D')
);
#19288=(
GEOMETRIC_REPRESENTATION_CONTEXT(3)
GLOBAL_UNCERTAINTY_ASSIGNED_CONTEXT((#19259))
GLOBAL_UNIT_ASSIGNED_CONTEXT((#19306,#19308,#19309))
REPRESENTATION_CONTEXT('','3D')
);
#19289=(
GEOMETRIC_REPRESENTATION_CONTEXT(3)
GLOBAL_UNCERTAINTY_ASSIGNED_CONTEXT((#19260))
GLOBAL_UNIT_ASSIGNED_CONTEXT((#19306,#19308,#19309))
REPRESENTATION_CONTEXT('','3D')
);
#19290=(
GEOMETRIC_REPRESENTATION_CONTEXT(3)
GLOBAL_UNCERTAINTY_ASSIGNED_CONTEXT((#19261))
GLOBAL_UNIT_ASSIGNED_CONTEXT((#19306,#19308,#19309))
REPRESENTATION_CONTEXT('','3D')
);
#19291=(
GEOMETRIC_REPRESENTATION_CONTEXT(3)
GLOBAL_UNCERTAINTY_ASSIGNED_CONTEXT((#19262))
GLOBAL_UNIT_ASSIGNED_CONTEXT((#19306,#19308,#19309))
REPRESENTATION_CONTEXT('','3D')
);
#19292=(
GEOMETRIC_REPRESENTATION_CONTEXT(3)
GLOBAL_UNCERTAINTY_ASSIGNED_CONTEXT((#19263))
GLOBAL_UNIT_ASSIGNED_CONTEXT((#19306,#19308,#19309))
REPRESENTATION_CONTEXT('','3D')
);
#19293=(
GEOMETRIC_REPRESENTATION_CONTEXT(3)
GLOBAL_UNCERTAINTY_ASSIGNED_CONTEXT((#19264))
GLOBAL_UNIT_ASSIGNED_CONTEXT((#19306,#19308,#19309))
REPRESENTATION_CONTEXT('','3D')
);
#19294=(
GEOMETRIC_REPRESENTATION_CONTEXT(3)
GLOBAL_UNCERTAINTY_ASSIGNED_CONTEXT((#19265))
GLOBAL_UNIT_ASSIGNED_CONTEXT((#19306,#19308,#19309))
REPRESENTATION_CONTEXT('','3D')
);
#19295=(
GEOMETRIC_REPRESENTATION_CONTEXT(3)
GLOBAL_UNCERTAINTY_ASSIGNED_CONTEXT((#19266))
GLOBAL_UNIT_ASSIGNED_CONTEXT((#19306,#19308,#19309))
REPRESENTATION_CONTEXT('','3D')
);
#19296=(
GEOMETRIC_REPRESENTATION_CONTEXT(3)
GLOBAL_UNCERTAINTY_ASSIGNED_CONTEXT((#19267))
GLOBAL_UNIT_ASSIGNED_CONTEXT((#19306,#19308,#19309))
REPRESENTATION_CONTEXT('','3D')
);
#19297=(
GEOMETRIC_REPRESENTATION_CONTEXT(3)
GLOBAL_UNCERTAINTY_ASSIGNED_CONTEXT((#19268))
GLOBAL_UNIT_ASSIGNED_CONTEXT((#19306,#19308,#19309))
REPRESENTATION_CONTEXT('','3D')
);
#19298=(
GEOMETRIC_REPRESENTATION_CONTEXT(3)
GLOBAL_UNCERTAINTY_ASSIGNED_CONTEXT((#19269))
GLOBAL_UNIT_ASSIGNED_CONTEXT((#19306,#19308,#19309))
REPRESENTATION_CONTEXT('','3D')
);
#19299=(
GEOMETRIC_REPRESENTATION_CONTEXT(3)
GLOBAL_UNCERTAINTY_ASSIGNED_CONTEXT((#19270))
GLOBAL_UNIT_ASSIGNED_CONTEXT((#19306,#19308,#19309))
REPRESENTATION_CONTEXT('','3D')
);
#19300=(
GEOMETRIC_REPRESENTATION_CONTEXT(3)
GLOBAL_UNCERTAINTY_ASSIGNED_CONTEXT((#19271))
GLOBAL_UNIT_ASSIGNED_CONTEXT((#19306,#19308,#19309))
REPRESENTATION_CONTEXT('','3D')
);
#19301=(
GEOMETRIC_REPRESENTATION_CONTEXT(3)
GLOBAL_UNCERTAINTY_ASSIGNED_CONTEXT((#19272))
GLOBAL_UNIT_ASSIGNED_CONTEXT((#19306,#19308,#19309))
REPRESENTATION_CONTEXT('','3D')
);
#19302=(
GEOMETRIC_REPRESENTATION_CONTEXT(3)
GLOBAL_UNCERTAINTY_ASSIGNED_CONTEXT((#19273))
GLOBAL_UNIT_ASSIGNED_CONTEXT((#19306,#19308,#19309))
REPRESENTATION_CONTEXT('','3D')
);
#19303=(
GEOMETRIC_REPRESENTATION_CONTEXT(3)
GLOBAL_UNCERTAINTY_ASSIGNED_CONTEXT((#19274))
GLOBAL_UNIT_ASSIGNED_CONTEXT((#19306,#19308,#19309))
REPRESENTATION_CONTEXT('','3D')
);
#19304=(
GEOMETRIC_REPRESENTATION_CONTEXT(3)
GLOBAL_UNCERTAINTY_ASSIGNED_CONTEXT((#19275))
GLOBAL_UNIT_ASSIGNED_CONTEXT((#19306,#19308,#19309))
REPRESENTATION_CONTEXT('','3D')
);
#19305=(
GEOMETRIC_REPRESENTATION_CONTEXT(3)
GLOBAL_UNCERTAINTY_ASSIGNED_CONTEXT((#19276))
GLOBAL_UNIT_ASSIGNED_CONTEXT((#19306,#19308,#19309))
REPRESENTATION_CONTEXT('','3D')
);
#19306=(
LENGTH_UNIT()
NAMED_UNIT(*)
SI_UNIT(.MILLI.,.METRE.)
);
#19307=(
LENGTH_UNIT()
NAMED_UNIT(*)
SI_UNIT($,.METRE.)
);
#19308=(
NAMED_UNIT(*)
PLANE_ANGLE_UNIT()
SI_UNIT($,.RADIAN.)
);
#19309=(
NAMED_UNIT(*)
SI_UNIT($,.STERADIAN.)
SOLID_ANGLE_UNIT()
);
#19310=SHAPE_DEFINITION_REPRESENTATION(#19338,#19393);
#19311=SHAPE_DEFINITION_REPRESENTATION(#19339,#19394);
#19312=SHAPE_DEFINITION_REPRESENTATION(#19340,#19395);
#19313=SHAPE_DEFINITION_REPRESENTATION(#19341,#19396);
#19314=SHAPE_DEFINITION_REPRESENTATION(#19342,#19397);
#19315=SHAPE_DEFINITION_REPRESENTATION(#19343,#19398);
#19316=SHAPE_DEFINITION_REPRESENTATION(#19344,#19399);
#19317=SHAPE_DEFINITION_REPRESENTATION(#19345,#19400);
#19318=SHAPE_DEFINITION_REPRESENTATION(#19346,#19401);
#19319=SHAPE_DEFINITION_REPRESENTATION(#19347,#19402);
#19320=SHAPE_DEFINITION_REPRESENTATION(#19348,#19403);
#19321=SHAPE_DEFINITION_REPRESENTATION(#19349,#19404);
#19322=SHAPE_DEFINITION_REPRESENTATION(#19350,#19405);
#19323=SHAPE_DEFINITION_REPRESENTATION(#19351,#19406);
#19324=SHAPE_DEFINITION_REPRESENTATION(#19352,#19407);
#19325=SHAPE_DEFINITION_REPRESENTATION(#19353,#19408);
#19326=SHAPE_DEFINITION_REPRESENTATION(#19354,#19409);
#19327=SHAPE_DEFINITION_REPRESENTATION(#19355,#19410);
#19328=SHAPE_DEFINITION_REPRESENTATION(#19356,#19411);
#19329=SHAPE_DEFINITION_REPRESENTATION(#19357,#19412);
#19330=SHAPE_DEFINITION_REPRESENTATION(#19358,#19413);
#19331=SHAPE_DEFINITION_REPRESENTATION(#19359,#19414);
#19332=SHAPE_DEFINITION_REPRESENTATION(#19360,#19415);
#19333=SHAPE_DEFINITION_REPRESENTATION(#19361,#19416);
#19334=SHAPE_DEFINITION_REPRESENTATION(#19362,#19417);
#19335=SHAPE_DEFINITION_REPRESENTATION(#19363,#19418);
#19336=SHAPE_DEFINITION_REPRESENTATION(#19364,#19419);
#19337=SHAPE_DEFINITION_REPRESENTATION(#19365,#19420);
#19338=PRODUCT_DEFINITION_SHAPE('',$,#19422);
#19339=PRODUCT_DEFINITION_SHAPE('',$,#19423);
#19340=PRODUCT_DEFINITION_SHAPE('',$,#19424);
#19341=PRODUCT_DEFINITION_SHAPE('',$,#19425);
#19342=PRODUCT_DEFINITION_SHAPE('',$,#19426);
#19343=PRODUCT_DEFINITION_SHAPE('',$,#19427);
#19344=PRODUCT_DEFINITION_SHAPE('',$,#19428);
#19345=PRODUCT_DEFINITION_SHAPE('',$,#19429);
#19346=PRODUCT_DEFINITION_SHAPE('',$,#19430);
#19347=PRODUCT_DEFINITION_SHAPE('',$,#19431);
#19348=PRODUCT_DEFINITION_SHAPE('',$,#19432);
#19349=PRODUCT_DEFINITION_SHAPE('',$,#19433);
#19350=PRODUCT_DEFINITION_SHAPE('',$,#19434);
#19351=PRODUCT_DEFINITION_SHAPE('',$,#19435);
#19352=PRODUCT_DEFINITION_SHAPE('',$,#19436);
#19353=PRODUCT_DEFINITION_SHAPE('',$,#19437);
#19354=PRODUCT_DEFINITION_SHAPE('',$,#19438);
#19355=PRODUCT_DEFINITION_SHAPE('',$,#19439);
#19356=PRODUCT_DEFINITION_SHAPE('',$,#19440);
#19357=PRODUCT_DEFINITION_SHAPE('',$,#19441);
#19358=PRODUCT_DEFINITION_SHAPE('',$,#19442);
#19359=PRODUCT_DEFINITION_SHAPE('',$,#19443);
#19360=PRODUCT_DEFINITION_SHAPE('',$,#19444);
#19361=PRODUCT_DEFINITION_SHAPE('',$,#19445);
#19362=PRODUCT_DEFINITION_SHAPE('',$,#19446);
#19363=PRODUCT_DEFINITION_SHAPE('',$,#19447);
#19364=PRODUCT_DEFINITION_SHAPE('',$,#19448);
#19365=PRODUCT_DEFINITION_SHAPE('',$,#19449);
#19366=PRODUCT_DEFINITION_SHAPE($,$,#92);
#19367=PRODUCT_DEFINITION_SHAPE($,$,#93);
#19368=PRODUCT_DEFINITION_SHAPE($,$,#94);
#19369=PRODUCT_DEFINITION_SHAPE($,$,#95);
#19370=PRODUCT_DEFINITION_SHAPE($,$,#96);
#19371=PRODUCT_DEFINITION_SHAPE($,$,#97);
#19372=PRODUCT_DEFINITION_SHAPE($,$,#98);
#19373=PRODUCT_DEFINITION_SHAPE($,$,#99);
#19374=PRODUCT_DEFINITION_SHAPE($,$,#100);
#19375=PRODUCT_DEFINITION_SHAPE($,$,#101);
#19376=PRODUCT_DEFINITION_SHAPE($,$,#102);
#19377=PRODUCT_DEFINITION_SHAPE($,$,#103);
#19378=PRODUCT_DEFINITION_SHAPE($,$,#104);
#19379=PRODUCT_DEFINITION_SHAPE($,$,#105);
#19380=PRODUCT_DEFINITION_SHAPE($,$,#106);
#19381=PRODUCT_DEFINITION_SHAPE($,$,#107);
#19382=PRODUCT_DEFINITION_SHAPE($,$,#108);
#19383=PRODUCT_DEFINITION_SHAPE($,$,#109);
#19384=PRODUCT_DEFINITION_SHAPE($,$,#110);
#19385=PRODUCT_DEFINITION_SHAPE($,$,#111);
#19386=PRODUCT_DEFINITION_SHAPE($,$,#112);
#19387=PRODUCT_DEFINITION_SHAPE($,$,#113);
#19388=PRODUCT_DEFINITION_SHAPE($,$,#114);
#19389=PRODUCT_DEFINITION_SHAPE($,$,#115);
#19390=PRODUCT_DEFINITION_SHAPE($,$,#116);
#19391=PRODUCT_DEFINITION_SHAPE($,$,#117);
#19392=PRODUCT_DEFINITION_SHAPE($,$,#118);
#19393=SHAPE_REPRESENTATION('',(#11324,#12441,#12442,#12443,#12444,#12445,
#12446,#12447,#12448,#12449,#12450,#12451,#12452,#12453,#12454,#12455,#12456,
#12457,#12458,#12459,#12460,#12461,#12462,#12463,#12464,#12465,#12466,#12467),
#19277);
#19394=SHAPE_REPRESENTATION('',(#11325),#19278);
#19395=SHAPE_REPRESENTATION('',(#11396),#19279);
#19396=SHAPE_REPRESENTATION('',(#11405),#19280);
#19397=SHAPE_REPRESENTATION('',(#11414),#19281);
#19398=SHAPE_REPRESENTATION('',(#11423),#19282);
#19399=SHAPE_REPRESENTATION('',(#11432),#19283);
#19400=SHAPE_REPRESENTATION('',(#11441),#19284);
#19401=SHAPE_REPRESENTATION('',(#11579),#19285);
#19402=SHAPE_REPRESENTATION('',(#11620),#19286);
#19403=SHAPE_REPRESENTATION('',(#11663),#19287);
#19404=SHAPE_REPRESENTATION('',(#11760),#19288);
#19405=SHAPE_REPRESENTATION('',(#11869),#19289);
#19406=SHAPE_REPRESENTATION('',(#11890),#19290);
#19407=SHAPE_REPRESENTATION('',(#11911),#19291);
#19408=SHAPE_REPRESENTATION('',(#11932),#19292);
#19409=SHAPE_REPRESENTATION('',(#11953),#19293);
#19410=SHAPE_REPRESENTATION('',(#12035),#19294);
#19411=SHAPE_REPRESENTATION('',(#12117),#19295);
#19412=SHAPE_REPRESENTATION('',(#12199),#19296);
#19413=SHAPE_REPRESENTATION('',(#12281),#19297);
#19414=SHAPE_REPRESENTATION('',(#12290),#19298);
#19415=SHAPE_REPRESENTATION('',(#12299),#19299);
#19416=SHAPE_REPRESENTATION('',(#12308),#19300);
#19417=SHAPE_REPRESENTATION('',(#12317),#19301);
#19418=SHAPE_REPRESENTATION('',(#12348),#19302);
#19419=SHAPE_REPRESENTATION('',(#12379),#19303);
#19420=SHAPE_REPRESENTATION('',(#12410),#19304);
#19421=PRODUCT_DEFINITION_CONTEXT('part definition',#19507,'design');
#19422=PRODUCT_DEFINITION('2026-08-16-04-43-47-560',
'FourCylinderCrankMechanism_2_5D_AI_Model',#19450,#19421);
#19423=PRODUCT_DEFINITION('2026-08-16-05-09-56-062','LowerBedPlate',#19451,
#19421);
#19424=PRODUCT_DEFINITION('2026-08-16-05-09-56-381','MainBearing_1',#19452,
#19421);
#19425=PRODUCT_DEFINITION('2026-08-16-05-09-56-439','MainBearing_2',#19453,
#19421);
#19426=PRODUCT_DEFINITION('2026-08-16-05-09-56-495','MainBearing_3',#19454,
#19421);
#19427=PRODUCT_DEFINITION('2026-08-16-05-09-56-551','MainBearing_4',#19455,
#19421);
#19428=PRODUCT_DEFINITION('2026-08-16-05-09-56-611','MainBearing_5',#19456,
#19421);
#19429=PRODUCT_DEFINITION('2026-08-16-05-09-56-686','Crankshaft',#19457,
#19421);
#19430=PRODUCT_DEFINITION('2026-08-16-05-09-57-910','Flywheel',#19458,#19421);
#19431=PRODUCT_DEFINITION('2026-08-16-05-09-58-143','FrontPulley',#19459,
#19421);
#19432=PRODUCT_DEFINITION('2026-08-16-05-09-58-397','MountBolts',#19460,
#19421);
#19433=PRODUCT_DEFINITION('2026-08-16-05-10-47-002','CylinderBlock',#19461,
#19421);
#19434=PRODUCT_DEFINITION('2026-08-16-05-10-47-440','CylinderLiner_1',#19462,
#19421);
#19435=PRODUCT_DEFINITION('2026-08-16-05-10-47-612','CylinderLiner_2',#19463,
#19421);
#19436=PRODUCT_DEFINITION('2026-08-16-05-10-47-785','CylinderLiner_3',#19464,
#19421);
#19437=PRODUCT_DEFINITION('2026-08-16-05-10-47-965','CylinderLiner_4',#19465,
#19421);
#19438=PRODUCT_DEFINITION('2026-08-16-05-10-48-152','Piston_1',#19466,#19421);
#19439=PRODUCT_DEFINITION('2026-08-16-05-10-48-627','Piston_2',#19467,#19421);
#19440=PRODUCT_DEFINITION('2026-08-16-05-10-49-092','Piston_3',#19468,#19421);
#19441=PRODUCT_DEFINITION('2026-08-16-05-10-49-616','Piston_4',#19469,#19421);
#19442=PRODUCT_DEFINITION('2026-08-16-05-10-50-170','PistonPin_1',#19470,
#19421);
#19443=PRODUCT_DEFINITION('2026-08-16-05-10-50-272','PistonPin_2',#19471,
#19421);
#19444=PRODUCT_DEFINITION('2026-08-16-05-10-50-378','PistonPin_3',#19472,
#19421);
#19445=PRODUCT_DEFINITION('2026-08-16-05-10-50-487','PistonPin_4',#19473,
#19421);
#19446=PRODUCT_DEFINITION('2026-08-16-05-10-50-594','ConnectingRod_1',#19474,
#19421);
#19447=PRODUCT_DEFINITION('2026-08-16-05-10-51-040','ConnectingRod_2',#19475,
#19421);
#19448=PRODUCT_DEFINITION('2026-08-16-05-10-51-530','ConnectingRod_3',#19476,
#19421);
#19449=PRODUCT_DEFINITION('2026-08-16-05-10-52-032','ConnectingRod_4',#19477,
#19421);
#19450=PRODUCT_DEFINITION_FORMATION('',$,#19509);
#19451=PRODUCT_DEFINITION_FORMATION('',$,#19510);
#19452=PRODUCT_DEFINITION_FORMATION('',$,#19511);
#19453=PRODUCT_DEFINITION_FORMATION('',$,#19512);
#19454=PRODUCT_DEFINITION_FORMATION('',$,#19513);
#19455=PRODUCT_DEFINITION_FORMATION('',$,#19514);
#19456=PRODUCT_DEFINITION_FORMATION('',$,#19515);
#19457=PRODUCT_DEFINITION_FORMATION('',$,#19516);
#19458=PRODUCT_DEFINITION_FORMATION('',$,#19517);
#19459=PRODUCT_DEFINITION_FORMATION('',$,#19518);
#19460=PRODUCT_DEFINITION_FORMATION('',$,#19519);
#19461=PRODUCT_DEFINITION_FORMATION('',$,#19520);
#19462=PRODUCT_DEFINITION_FORMATION('',$,#19521);
#19463=PRODUCT_DEFINITION_FORMATION('',$,#19522);
#19464=PRODUCT_DEFINITION_FORMATION('',$,#19523);
#19465=PRODUCT_DEFINITION_FORMATION('',$,#19524);
#19466=PRODUCT_DEFINITION_FORMATION('',$,#19525);
#19467=PRODUCT_DEFINITION_FORMATION('',$,#19526);
#19468=PRODUCT_DEFINITION_FORMATION('',$,#19527);
#19469=PRODUCT_DEFINITION_FORMATION('',$,#19528);
#19470=PRODUCT_DEFINITION_FORMATION('',$,#19529);
#19471=PRODUCT_DEFINITION_FORMATION('',$,#19530);
#19472=PRODUCT_DEFINITION_FORMATION('',$,#19531);
#19473=PRODUCT_DEFINITION_FORMATION('',$,#19532);
#19474=PRODUCT_DEFINITION_FORMATION('',$,#19533);
#19475=PRODUCT_DEFINITION_FORMATION('',$,#19534);
#19476=PRODUCT_DEFINITION_FORMATION('',$,#19535);
#19477=PRODUCT_DEFINITION_FORMATION('',$,#19536);
#19478=PRODUCT_RELATED_PRODUCT_CATEGORY(
'FourCylinderCrankMechanism_2_5D_AI_Model',
'FourCylinderCrankMechanism_2_5D_AI_Model',(#19509));
#19479=PRODUCT_RELATED_PRODUCT_CATEGORY('LowerBedPlate','LowerBedPlate',
(#19510));
#19480=PRODUCT_RELATED_PRODUCT_CATEGORY('MainBearing_1','MainBearing_1',
(#19511));
#19481=PRODUCT_RELATED_PRODUCT_CATEGORY('MainBearing_2','MainBearing_2',
(#19512));
#19482=PRODUCT_RELATED_PRODUCT_CATEGORY('MainBearing_3','MainBearing_3',
(#19513));
#19483=PRODUCT_RELATED_PRODUCT_CATEGORY('MainBearing_4','MainBearing_4',
(#19514));
#19484=PRODUCT_RELATED_PRODUCT_CATEGORY('MainBearing_5','MainBearing_5',
(#19515));
#19485=PRODUCT_RELATED_PRODUCT_CATEGORY('Crankshaft','Crankshaft',(#19516));
#19486=PRODUCT_RELATED_PRODUCT_CATEGORY('Flywheel','Flywheel',(#19517));
#19487=PRODUCT_RELATED_PRODUCT_CATEGORY('FrontPulley','FrontPulley',(#19518));
#19488=PRODUCT_RELATED_PRODUCT_CATEGORY('MountBolts','MountBolts',(#19519));
#19489=PRODUCT_RELATED_PRODUCT_CATEGORY('CylinderBlock','CylinderBlock',
(#19520));
#19490=PRODUCT_RELATED_PRODUCT_CATEGORY('CylinderLiner_1',
'CylinderLiner_1',(#19521));
#19491=PRODUCT_RELATED_PRODUCT_CATEGORY('CylinderLiner_2',
'CylinderLiner_2',(#19522));
#19492=PRODUCT_RELATED_PRODUCT_CATEGORY('CylinderLiner_3',
'CylinderLiner_3',(#19523));
#19493=PRODUCT_RELATED_PRODUCT_CATEGORY('CylinderLiner_4',
'CylinderLiner_4',(#19524));
#19494=PRODUCT_RELATED_PRODUCT_CATEGORY('Piston_1','Piston_1',(#19525));
#19495=PRODUCT_RELATED_PRODUCT_CATEGORY('Piston_2','Piston_2',(#19526));
#19496=PRODUCT_RELATED_PRODUCT_CATEGORY('Piston_3','Piston_3',(#19527));
#19497=PRODUCT_RELATED_PRODUCT_CATEGORY('Piston_4','Piston_4',(#19528));
#19498=PRODUCT_RELATED_PRODUCT_CATEGORY('PistonPin_1','PistonPin_1',(#19529));
#19499=PRODUCT_RELATED_PRODUCT_CATEGORY('PistonPin_2','PistonPin_2',(#19530));
#19500=PRODUCT_RELATED_PRODUCT_CATEGORY('PistonPin_3','PistonPin_3',(#19531));
#19501=PRODUCT_RELATED_PRODUCT_CATEGORY('PistonPin_4','PistonPin_4',(#19532));
#19502=PRODUCT_RELATED_PRODUCT_CATEGORY('ConnectingRod_1',
'ConnectingRod_1',(#19533));
#19503=PRODUCT_RELATED_PRODUCT_CATEGORY('ConnectingRod_2',
'ConnectingRod_2',(#19534));
#19504=PRODUCT_RELATED_PRODUCT_CATEGORY('ConnectingRod_3',
'ConnectingRod_3',(#19535));
#19505=PRODUCT_RELATED_PRODUCT_CATEGORY('ConnectingRod_4',
'ConnectingRod_4',(#19536));
#19506=APPLICATION_PROTOCOL_DEFINITION('international standard',
'automotive_design',2009,#19507);
#19507=APPLICATION_CONTEXT(
'Core Data for Automotive Mechanical Design Process');
#19508=PRODUCT_CONTEXT('part definition',#19507,'mechanical');
#19509=PRODUCT('2026-08-16-04-43-47-560',
'FourCylinderCrankMechanism_2_5D_AI_Model',$,(#19508));
#19510=PRODUCT('2026-08-16-05-09-56-062','LowerBedPlate',$,(#19508));
#19511=PRODUCT('2026-08-16-05-09-56-381','MainBearing_1',$,(#19508));
#19512=PRODUCT('2026-08-16-05-09-56-439','MainBearing_2',$,(#19508));
#19513=PRODUCT('2026-08-16-05-09-56-495','MainBearing_3',$,(#19508));
#19514=PRODUCT('2026-08-16-05-09-56-551','MainBearing_4',$,(#19508));
#19515=PRODUCT('2026-08-16-05-09-56-611','MainBearing_5',$,(#19508));
#19516=PRODUCT('2026-08-16-05-09-56-686','Crankshaft',$,(#19508));
#19517=PRODUCT('2026-08-16-05-09-57-910','Flywheel',$,(#19508));
#19518=PRODUCT('2026-08-16-05-09-58-143','FrontPulley',$,(#19508));
#19519=PRODUCT('2026-08-16-05-09-58-397','MountBolts',$,(#19508));
#19520=PRODUCT('2026-08-16-05-10-47-002','CylinderBlock',$,(#19508));
#19521=PRODUCT('2026-08-16-05-10-47-440','CylinderLiner_1',$,(#19508));
#19522=PRODUCT('2026-08-16-05-10-47-612','CylinderLiner_2',$,(#19508));
#19523=PRODUCT('2026-08-16-05-10-47-785','CylinderLiner_3',$,(#19508));
#19524=PRODUCT('2026-08-16-05-10-47-965','CylinderLiner_4',$,(#19508));
#19525=PRODUCT('2026-08-16-05-10-48-152','Piston_1',$,(#19508));
#19526=PRODUCT('2026-08-16-05-10-48-627','Piston_2',$,(#19508));
#19527=PRODUCT('2026-08-16-05-10-49-092','Piston_3',$,(#19508));
#19528=PRODUCT('2026-08-16-05-10-49-616','Piston_4',$,(#19508));
#19529=PRODUCT('2026-08-16-05-10-50-170','PistonPin_1',$,(#19508));
#19530=PRODUCT('2026-08-16-05-10-50-272','PistonPin_2',$,(#19508));
#19531=PRODUCT('2026-08-16-05-10-50-378','PistonPin_3',$,(#19508));
#19532=PRODUCT('2026-08-16-05-10-50-487','PistonPin_4',$,(#19508));
#19533=PRODUCT('2026-08-16-05-10-50-594','ConnectingRod_1',$,(#19508));
#19534=PRODUCT('2026-08-16-05-10-51-040','ConnectingRod_2',$,(#19508));
#19535=PRODUCT('2026-08-16-05-10-51-530','ConnectingRod_3',$,(#19508));
#19536=PRODUCT('2026-08-16-05-10-52-032','ConnectingRod_4',$,(#19508));
#19537=PRESENTATION_STYLE_ASSIGNMENT((#19549));
#19538=PRESENTATION_STYLE_ASSIGNMENT((#19550));
#19539=PRESENTATION_STYLE_ASSIGNMENT((#19551));
#19540=PRESENTATION_STYLE_ASSIGNMENT((#19552));
#19541=PRESENTATION_STYLE_ASSIGNMENT((#19553));
#19542=PRESENTATION_STYLE_ASSIGNMENT((#19554));
#19543=PRESENTATION_STYLE_ASSIGNMENT((#19555));
#19544=PRESENTATION_STYLE_ASSIGNMENT((#19556));
#19545=PRESENTATION_STYLE_ASSIGNMENT((#19557));
#19546=PRESENTATION_STYLE_ASSIGNMENT((#19558));
#19547=PRESENTATION_STYLE_ASSIGNMENT((#19559));
#19548=PRESENTATION_STYLE_ASSIGNMENT((#19560));
#19549=SURFACE_STYLE_USAGE(.BOTH.,#19561);
#19550=SURFACE_STYLE_USAGE(.BOTH.,#19562);
#19551=SURFACE_STYLE_USAGE(.BOTH.,#19563);
#19552=SURFACE_STYLE_USAGE(.BOTH.,#19564);
#19553=SURFACE_STYLE_USAGE(.BOTH.,#19565);
#19554=SURFACE_STYLE_USAGE(.BOTH.,#19566);
#19555=SURFACE_STYLE_USAGE(.BOTH.,#19567);
#19556=SURFACE_STYLE_USAGE(.BOTH.,#19568);
#19557=SURFACE_STYLE_USAGE(.BOTH.,#19569);
#19558=SURFACE_STYLE_USAGE(.BOTH.,#19570);
#19559=SURFACE_STYLE_USAGE(.BOTH.,#19571);
#19560=SURFACE_STYLE_USAGE(.BOTH.,#19572);
#19561=SURFACE_SIDE_STYLE('',(#19573));
#19562=SURFACE_SIDE_STYLE('',(#19574));
#19563=SURFACE_SIDE_STYLE('',(#19575));
#19564=SURFACE_SIDE_STYLE('',(#19576));
#19565=SURFACE_SIDE_STYLE('',(#19577));
#19566=SURFACE_SIDE_STYLE('',(#19578));
#19567=SURFACE_SIDE_STYLE('',(#19579));
#19568=SURFACE_SIDE_STYLE('',(#19580));
#19569=SURFACE_SIDE_STYLE('',(#19581));
#19570=SURFACE_SIDE_STYLE('',(#19582));
#19571=SURFACE_SIDE_STYLE('',(#19583));
#19572=SURFACE_SIDE_STYLE('',(#19584));
#19573=SURFACE_STYLE_FILL_AREA(#19585);
#19574=SURFACE_STYLE_FILL_AREA(#19586);
#19575=SURFACE_STYLE_FILL_AREA(#19587);
#19576=SURFACE_STYLE_FILL_AREA(#19588);
#19577=SURFACE_STYLE_FILL_AREA(#19589);
#19578=SURFACE_STYLE_FILL_AREA(#19590);
#19579=SURFACE_STYLE_FILL_AREA(#19591);
#19580=SURFACE_STYLE_FILL_AREA(#19592);
#19581=SURFACE_STYLE_FILL_AREA(#19593);
#19582=SURFACE_STYLE_FILL_AREA(#19594);
#19583=SURFACE_STYLE_FILL_AREA(#19595);
#19584=SURFACE_STYLE_FILL_AREA(#19596);
#19585=FILL_AREA_STYLE('\X2\92FC\X0\ - \X2\30B530C630F3\X0\',(#19597));
#19586=FILL_AREA_STYLE('MECH_BedPlate_Black',(#19598));
#19587=FILL_AREA_STYLE('MECH_Bearing_Bronze',(#19599));
#19588=FILL_AREA_STYLE('MECH_Crank_Steel',(#19600));
#19589=FILL_AREA_STYLE('MECH_Flywheel_Dark',(#19601));
#19590=FILL_AREA_STYLE('MECH_Pulley_Metal',(#19602));
#19591=FILL_AREA_STYLE('MECH_Bolt_Steel',(#19603));
#19592=FILL_AREA_STYLE('MECH_Block_DarkGray',(#19604));
#19593=FILL_AREA_STYLE('MECH_Liner_LightGray',(#19605));
#19594=FILL_AREA_STYLE('MECH_Piston_Orange',(#19606));
#19595=FILL_AREA_STYLE('MECH_Pin_Chrome',(#19607));
#19596=FILL_AREA_STYLE('MECH_Rod_Blue',(#19608));
#19597=FILL_AREA_STYLE_COLOUR('\X2\92FC\X0\ - \X2\30B530C630F3\X0\',#19609);
#19598=FILL_AREA_STYLE_COLOUR('MECH_BedPlate_Black',#19610);
#19599=FILL_AREA_STYLE_COLOUR('MECH_Bearing_Bronze',#19611);
#19600=FILL_AREA_STYLE_COLOUR('MECH_Crank_Steel',#19612);
#19601=FILL_AREA_STYLE_COLOUR('MECH_Flywheel_Dark',#19613);
#19602=FILL_AREA_STYLE_COLOUR('MECH_Pulley_Metal',#19614);
#19603=FILL_AREA_STYLE_COLOUR('MECH_Bolt_Steel',#19615);
#19604=FILL_AREA_STYLE_COLOUR('MECH_Block_DarkGray',#19616);
#19605=FILL_AREA_STYLE_COLOUR('MECH_Liner_LightGray',#19617);
#19606=FILL_AREA_STYLE_COLOUR('MECH_Piston_Orange',#19618);
#19607=FILL_AREA_STYLE_COLOUR('MECH_Pin_Chrome',#19619);
#19608=FILL_AREA_STYLE_COLOUR('MECH_Rod_Blue',#19620);
#19609=COLOUR_RGB('\X2\92FC\X0\ - \X2\30B530C630F3\X0\',0.627450980392157,
0.627450980392157,0.627450980392157);
#19610=COLOUR_RGB('MECH_BedPlate_Black',0.0980392156862745,0.0980392156862745,
0.0980392156862745);
#19611=COLOUR_RGB('MECH_Bearing_Bronze',0.807843137254902,0.572549019607843,
0.227450980392157);
#19612=COLOUR_RGB('MECH_Crank_Steel',0.776470588235294,0.8,0.83921568627451);
#19613=COLOUR_RGB('MECH_Flywheel_Dark',0.282352941176471,0.298039215686275,
0.32156862745098);
#19614=COLOUR_RGB('MECH_Pulley_Metal',0.,0.,0.);
#19615=COLOUR_RGB('MECH_Bolt_Steel',0.796078431372549,0.796078431372549,
0.796078431372549);
#19616=COLOUR_RGB('MECH_Block_DarkGray',0.349019607843137,0.349019607843137,
0.349019607843137);
#19617=COLOUR_RGB('MECH_Liner_LightGray',0.815686274509804,0.835294117647059,
0.854901960784314);
#19618=COLOUR_RGB('MECH_Piston_Orange',0.768627450980392,0.207843137254902,
0.152941176470588);
#19619=COLOUR_RGB('MECH_Pin_Chrome',0.768627450980392,0.772549019607843,
0.768627450980392);
#19620=COLOUR_RGB('MECH_Rod_Blue',0.188235294117647,0.231372549019608,0.588235294117647);
ENDSEC;
END-ISO-10303-21;
